{"type": "FeatureCollection", "name": "bihar_osm_settlements_clean", "crs": {"type": "name", "properties": {"name": "urn:ogc:def:crs:OGC:1.3:CRS84"}}, "features": [{"type": "Feature", "properties": {"osm_id": 245728554, "osm_type": "node", "name": "Rajgir", "name_hi": "\u0930\u093e\u091c\u0917\u0940\u0930", "name_en": null, "place": "town", "population": 33700, "postal_code": "803116", "wikidata": "Q863683"}, "geometry": {"type": "Point", "coordinates": [85.4207368, 25.0299973]}}, {"type": "Feature", "properties": {"osm_id": 245728592, "osm_type": "node", "name": "Giriak", "name_hi": null, "name_en": null, "place": "town", "population": null, "postal_code": "803109", "wikidata": null}, "geometry": {"type": "Point", "coordinates": [85.5246175, 25.0272676]}}, {"type": "Feature", "properties": {"osm_id": 245728724, "osm_type": "node", "name": "Warisaliganj", "name_hi": null, "name_en": null, "place": "town", "population": 34000, "postal_code": "805130", "wikidata": null}, "geometry": {"type": "Point", "coordinates": [85.6398857, 25.0167067]}}, {"type": "Feature", "properties": {"osm_id": 245729028, "osm_type": "node", "name": "Makhdunpur", "name_hi": null, "name_en": "Makhdumpur", "place": "village", "population": null, "postal_code": "804422", "wikidata": "Q2453320"}, "geometry": {"type": "Point", "coordinates": [84.9730193, 25.0723668]}}, {"type": "Feature", "properties": {"osm_id": 245729442, "osm_type": "node", "name": "Islampur", "name_hi": "\u0907\u0938\u094d\u0932\u093e\u092e\u092a\u0941\u0930", "name_en": null, "place": "town", "population": null, "postal_code": "801303", "wikidata": "Q1747221"}, "geometry": {"type": "Point", "coordinates": [85.2064677, 25.141775]}}, {"type": "Feature", "properties": {"osm_id": 245730395, "osm_type": "node", "name": "Bihar Sharif", "name_hi": "\u092c\u093f\u0939\u093e\u0930\u0936\u0930\u0940\u092b\u093c", "name_en": "Bihar Sharif", "place": "city", "population": null, "postal_code": null, "wikidata": "Q2308343"}, "geometry": {"type": "Point", "coordinates": [85.5208617, 25.193859]}}, {"type": "Feature", "properties": {"osm_id": 245730565, "osm_type": "node", "name": "Jehanabad", "name_hi": "\u091c\u0939\u093e\u0928\u093e\u092c\u093e\u0926", "name_en": null, "place": "city", "population": 135200, "postal_code": "804408", "wikidata": "Q1948999"}, "geometry": {"type": "Point", "coordinates": [84.9873701, 25.2113384]}}, {"type": "Feature", "properties": {"osm_id": 245730661, "osm_type": "node", "name": "Asthanwan", "name_hi": null, "name_en": null, "place": "village", "population": null, "postal_code": "803107", "wikidata": null}, "geometry": {"type": "Point", "coordinates": [85.6258083, 25.2207235]}}, {"type": "Feature", "properties": {"osm_id": 245730768, "osm_type": "node", "name": "Ekangar Sarai", "name_hi": null, "name_en": null, "place": "town", "population": null, "postal_code": "801300", "wikidata": null}, "geometry": {"type": "Point", "coordinates": [85.2298038, 25.2220539]}}, {"type": "Feature", "properties": {"osm_id": 245730860, "osm_type": "node", "name": "Kako", "name_hi": null, "name_en": null, "place": "village", "population": 1000, "postal_code": "804418", "wikidata": null}, "geometry": {"type": "Point", "coordinates": [85.0643381, 25.2277441]}}, {"type": "Feature", "properties": {"osm_id": 245731036, "osm_type": "node", "name": "Arwal", "name_hi": "\u0905\u0930\u0935\u0932", "name_en": null, "place": "village", "population": 5000, "postal_code": null, "wikidata": null}, "geometry": {"type": "Point", "coordinates": [84.662895, 25.24324]}}, {"type": "Feature", "properties": {"osm_id": 245731103, "osm_type": "node", "name": "Sahar", "name_hi": null, "name_en": null, "place": "village", "population": 1000, "postal_code": null, "wikidata": null}, "geometry": {"type": "Point", "coordinates": [84.6250251, 25.2498466]}}, {"type": "Feature", "properties": {"osm_id": 245731573, "osm_type": "node", "name": "Sarmera", "name_hi": null, "name_en": null, "place": "village", "population": null, "postal_code": "811104", "wikidata": null}, "geometry": {"type": "Point", "coordinates": [85.7986706, 25.2578918]}}, {"type": "Feature", "properties": {"osm_id": 245731855, "osm_type": "node", "name": "Nursarai", "name_hi": null, "name_en": null, "place": "town", "population": null, "postal_code": null, "wikidata": null}, "geometry": {"type": "Point", "coordinates": [85.4578766, 25.2710548]}}, {"type": "Feature", "properties": {"osm_id": 245732821, "osm_type": "node", "name": "Ular", "name_hi": null, "name_en": null, "place": "village", "population": 1000, "postal_code": null, "wikidata": null}, "geometry": {"type": "Point", "coordinates": [84.8439, 25.3574]}}, {"type": "Feature", "properties": {"osm_id": 245733197, "osm_type": "node", "name": "Harnaut", "name_hi": null, "name_en": null, "place": "village", "population": null, "postal_code": "803110", "wikidata": null}, "geometry": {"type": "Point", "coordinates": [85.5343783, 25.3720664]}}, {"type": "Feature", "properties": {"osm_id": 245733208, "osm_type": "node", "name": "Mokama", "name_hi": "\u092e\u094b\u0915\u093e\u092e\u093e", "name_en": null, "place": "town", "population": 96450, "postal_code": null, "wikidata": "Q2453482"}, "geometry": {"type": "Point", "coordinates": [85.9220644, 25.3958052]}}, {"type": "Feature", "properties": {"osm_id": 245733279, "osm_type": "node", "name": "Nadwan", "name_hi": null, "name_en": null, "place": "village", "population": null, "postal_code": null, "wikidata": null}, "geometry": {"type": "Point", "coordinates": [85.0687914, 25.3982109]}}, {"type": "Feature", "properties": {"osm_id": 245733425, "osm_type": "node", "name": "Garahni", "name_hi": "\u0917\u095d\u0928\u0940", "name_en": null, "place": "town", "population": 1000, "postal_code": null, "wikidata": null}, "geometry": {"type": "Point", "coordinates": [84.5558167, 25.4068456]}}, {"type": "Feature", "properties": {"osm_id": 245734124, "osm_type": "node", "name": "Bikram", "name_hi": null, "name_en": null, "place": "village", "population": 1000, "postal_code": "801104", "wikidata": "Q4907439"}, "geometry": {"type": "Point", "coordinates": [84.8629031, 25.4470093]}}, {"type": "Feature", "properties": {"osm_id": 245734166, "osm_type": "node", "name": "Athmalgola", "name_hi": null, "name_en": null, "place": "village", "population": null, "postal_code": "803211", "wikidata": null}, "geometry": {"type": "Point", "coordinates": [85.6066207, 25.4604926]}}, {"type": "Feature", "properties": {"osm_id": 245734195, "osm_type": "node", "name": "Bakhtiyarpur", "name_hi": "\u092c\u0916\u094d\u0924\u093f\u092f\u093e\u0930\u092a\u0941\u0930", "name_en": null, "place": "town", "population": 5000, "postal_code": "803212", "wikidata": "Q622834"}, "geometry": {"type": "Point", "coordinates": [85.5369022, 25.4586233]}}, {"type": "Feature", "properties": {"osm_id": 245734532, "osm_type": "node", "name": "Naubatpur", "name_hi": null, "name_en": null, "place": "village", "population": 1000, "postal_code": "801109", "wikidata": "Q6981069"}, "geometry": {"type": "Point", "coordinates": [84.9609098, 25.4990595]}}, {"type": "Feature", "properties": {"osm_id": 245734633, "osm_type": "node", "name": "Barh", "name_hi": "\u092c\u093e\u0922\u093c", "name_en": null, "place": "town", "population": null, "postal_code": "803213", "wikidata": "Q709313"}, "geometry": {"type": "Point", "coordinates": [85.7060668, 25.4711351]}}, {"type": "Feature", "properties": {"osm_id": 245734999, "osm_type": "node", "name": "Punpun", "name_hi": null, "name_en": null, "place": "village", "population": null, "postal_code": "804453", "wikidata": "Q7260484"}, "geometry": {"type": "Point", "coordinates": [85.1043839, 25.4957802]}}, {"type": "Feature", "properties": {"osm_id": 245735210, "osm_type": "node", "name": "Jaunapur", "name_hi": null, "name_en": null, "place": "village", "population": 1000, "postal_code": "848500", "wikidata": null}, "geometry": {"type": "Point", "coordinates": [85.6232297, 25.5378151]}}, {"type": "Feature", "properties": {"osm_id": 245735535, "osm_type": "node", "name": "Kalyanpur", "name_hi": null, "name_en": null, "place": "village", "population": 1000, "postal_code": "848302", "wikidata": null}, "geometry": {"type": "Point", "coordinates": [85.6061369, 25.5599646]}}, {"type": "Feature", "properties": {"osm_id": 245735560, "osm_type": "node", "name": "Arrah", "name_hi": "\u0906\u0930\u093e", "name_en": "Arrah", "place": "city", "population": 261000, "postal_code": "802300", "wikidata": "Q588587"}, "geometry": {"type": "Point", "coordinates": [84.6632139, 25.560317]}}, {"type": "Feature", "properties": {"osm_id": 245735710, "osm_type": "node", "name": "Bihta", "name_hi": null, "name_en": null, "place": "village", "population": 5000, "postal_code": "801103", "wikidata": null}, "geometry": {"type": "Point", "coordinates": [84.8705661, 25.5593812]}}, {"type": "Feature", "properties": {"osm_id": 245736412, "osm_type": "node", "name": "Shahpur Paton", "name_hi": null, "name_en": null, "place": "village", "population": 1000, "postal_code": null, "wikidata": null}, "geometry": {"type": "Point", "coordinates": [85.4023743, 25.6208024]}}, {"type": "Feature", "properties": {"osm_id": 245736536, "osm_type": "node", "name": "Khagaul", "name_hi": null, "name_en": null, "place": "village", "population": null, "postal_code": "801105", "wikidata": null}, "geometry": {"type": "Point", "coordinates": [85.0424411, 25.5796787]}}, {"type": "Feature", "properties": {"osm_id": 245736659, "osm_type": "node", "name": "Maner", "name_hi": null, "name_en": null, "place": "town", "population": 40100, "postal_code": "801108", "wikidata": "Q30624017"}, "geometry": {"type": "Point", "coordinates": [84.8763388, 25.6466488]}}, {"type": "Feature", "properties": {"osm_id": 245737416, "osm_type": "node", "name": "Kerai", "name_hi": null, "name_en": null, "place": "village", "population": null, "postal_code": null, "wikidata": null}, "geometry": {"type": "Point", "coordinates": [85.8767421, 25.7498548]}}, {"type": "Feature", "properties": {"osm_id": 245737456, "osm_type": "node", "name": "Jandaha", "name_hi": null, "name_en": null, "place": "village", "population": null, "postal_code": null, "wikidata": null}, "geometry": {"type": "Point", "coordinates": [85.5335113, 25.7109107]}}, {"type": "Feature", "properties": {"osm_id": 245737972, "osm_type": "node", "name": "Dighwara", "name_hi": "\u0926\u093f\u0918\u0935\u093e\u0930\u093e", "name_en": null, "place": "town", "population": null, "postal_code": "841207", "wikidata": "Q1255941"}, "geometry": {"type": "Point", "coordinates": [85.0010412, 25.7434481]}}, {"type": "Feature", "properties": {"osm_id": 245738416, "osm_type": "node", "name": "Chhapra", "name_hi": "\u091b\u092a\u0930\u093e", "name_en": "Chhapra", "place": "city", "population": 202300, "postal_code": "841300", "wikidata": "Q1755440"}, "geometry": {"type": "Point", "coordinates": [84.7514507, 25.7784105]}}, {"type": "Feature", "properties": {"osm_id": 245738425, "osm_type": "node", "name": "Revelganj", "name_hi": "\u0930\u093f\u0935\u093f\u0932\u0917\u0902\u091c", "name_en": null, "place": "town", "population": 50000, "postal_code": "841315", "wikidata": "Q2453460"}, "geometry": {"type": "Point", "coordinates": [84.6447511, 25.7846684]}}, {"type": "Feature", "properties": {"osm_id": 245738955, "osm_type": "node", "name": "Manjhi", "name_hi": null, "name_en": null, "place": "village", "population": null, "postal_code": "841313", "wikidata": null}, "geometry": {"type": "Point", "coordinates": [84.5754418, 25.8376973]}}, {"type": "Feature", "properties": {"osm_id": 245739050, "osm_type": "node", "name": "Garkha", "name_hi": "\u0917\u0930\u0916\u093e", "name_en": null, "place": "village", "population": null, "postal_code": "841311", "wikidata": null}, "geometry": {"type": "Point", "coordinates": [84.8658, 25.8338]}}, {"type": "Feature", "properties": {"osm_id": 245739256, "osm_type": "node", "name": "Tajpur", "name_hi": null, "name_en": null, "place": "village", "population": null, "postal_code": "848130", "wikidata": null}, "geometry": {"type": "Point", "coordinates": [85.672853, 25.8553586]}}, {"type": "Feature", "properties": {"osm_id": 245739285, "osm_type": "node", "name": "Samastipur", "name_hi": "\u0938\u092e\u0938\u094d\u0924\u0940\u092a\u0941\u0930", "name_en": null, "place": "town", "population": 5000, "postal_code": "848101", "wikidata": "Q1925191"}, "geometry": {"type": "Point", "coordinates": [85.7839038, 25.8596845]}}, {"type": "Feature", "properties": {"osm_id": 245739868, "osm_type": "node", "name": "Mahuwa", "name_hi": null, "name_en": null, "place": "village", "population": 1000, "postal_code": "844122", "wikidata": null}, "geometry": {"type": "Point", "coordinates": [85.5056, 25.8989]}}, {"type": "Feature", "properties": {"osm_id": 245739914, "osm_type": "node", "name": "Nagra", "name_hi": "\u0928\u093e\u0917\u0930\u093e", "name_en": null, "place": "village", "population": 1000, "postal_code": "841442", "wikidata": null}, "geometry": {"type": "Point", "coordinates": [84.7549131, 25.9010335]}}, {"type": "Feature", "properties": {"osm_id": 245740323, "osm_type": "node", "name": "Sonaha", "name_hi": null, "name_en": null, "place": "village", "population": null, "postal_code": null, "wikidata": null}, "geometry": {"type": "Point", "coordinates": [84.9742801, 25.9312455]}}, {"type": "Feature", "properties": {"osm_id": 245740717, "osm_type": "node", "name": "Kalyanpur", "name_hi": null, "name_en": null, "place": "village", "population": 1000, "postal_code": null, "wikidata": null}, "geometry": {"type": "Point", "coordinates": [85.1205, 25.9487]}}, {"type": "Feature", "properties": {"osm_id": 245740807, "osm_type": "node", "name": "Goraul", "name_hi": null, "name_en": null, "place": "village", "population": null, "postal_code": null, "wikidata": null}, "geometry": {"type": "Point", "coordinates": [85.3309468, 25.9376325]}}, {"type": "Feature", "properties": {"osm_id": 245740986, "osm_type": "node", "name": "Baniapur", "name_hi": null, "name_en": null, "place": "village", "population": null, "postal_code": "841403", "wikidata": null}, "geometry": {"type": "Point", "coordinates": [84.6897779, 25.9985453]}}, {"type": "Feature", "properties": {"osm_id": 245740997, "osm_type": "node", "name": "Amnour", "name_hi": "\u0905\u092e\u094d\u0928\u094c\u0930", "name_en": null, "place": "village", "population": 1000, "postal_code": "841401", "wikidata": null}, "geometry": {"type": "Point", "coordinates": [84.9268991, 25.9739368]}}, {"type": "Feature", "properties": {"osm_id": 245741426, "osm_type": "node", "name": "Hayaghat", "name_hi": null, "name_en": null, "place": "village", "population": null, "postal_code": null, "wikidata": null}, "geometry": {"type": "Point", "coordinates": [85.8784577, 26.0233338]}}, {"type": "Feature", "properties": {"osm_id": 245741602, "osm_type": "node", "name": "Bishanupur", "name_hi": "\u092c\u093f\u0936\u0928\u092a\u0941\u0930", "name_en": null, "place": "village", "population": null, "postal_code": null, "wikidata": null}, "geometry": {"type": "Point", "coordinates": [84.7967647, 26.0286756]}}, {"type": "Feature", "properties": {"osm_id": 245742825, "osm_type": "node", "name": "Masrakh", "name_hi": "\u092e\u0936\u0930\u0916", "name_en": null, "place": "town", "population": 5000, "postal_code": "841417", "wikidata": null}, "geometry": {"type": "Point", "coordinates": [84.8040728, 26.1037889]}}, {"type": "Feature", "properties": {"osm_id": 245744094, "osm_type": "node", "name": "Basantpur", "name_hi": null, "name_en": null, "place": "village", "population": 5000, "postal_code": "841405", "wikidata": null}, "geometry": {"type": "Point", "coordinates": [84.6603968, 26.1714436]}}, {"type": "Feature", "properties": {"osm_id": 245745092, "osm_type": "node", "name": "Kanti", "name_hi": null, "name_en": null, "place": "village", "population": null, "postal_code": "843109", "wikidata": null}, "geometry": {"type": "Point", "coordinates": [85.2981785, 26.2145449]}}, {"type": "Feature", "properties": {"osm_id": 245746242, "osm_type": "node", "name": "Minapur", "name_hi": null, "name_en": null, "place": "village", "population": null, "postal_code": "843128", "wikidata": null}, "geometry": {"type": "Point", "coordinates": [85.3320216, 26.2787709]}}, {"type": "Feature", "properties": {"osm_id": 245746310, "osm_type": "node", "name": "Katra", "name_hi": null, "name_en": null, "place": "village", "population": 1000, "postal_code": "843321", "wikidata": null}, "geometry": {"type": "Point", "coordinates": [85.6398624, 26.2172928]}}, {"type": "Feature", "properties": {"osm_id": 245746373, "osm_type": "node", "name": "Goriakothi", "name_hi": null, "name_en": null, "place": "village", "population": null, "postal_code": "841434", "wikidata": null}, "geometry": {"type": "Point", "coordinates": [84.6037689, 26.2601719]}}, {"type": "Feature", "properties": {"osm_id": 245746443, "osm_type": "node", "name": "Keotiranway", "name_hi": null, "name_en": null, "place": "village", "population": null, "postal_code": "847121", "wikidata": null}, "geometry": {"type": "Point", "coordinates": [85.9502462, 26.2969779]}}, {"type": "Feature", "properties": {"osm_id": 245747069, "osm_type": "node", "name": "Raj Khand", "name_hi": null, "name_en": null, "place": "village", "population": null, "postal_code": null, "wikidata": null}, "geometry": {"type": "Point", "coordinates": [85.5586418, 26.3574073]}}, {"type": "Feature", "properties": {"osm_id": 245747076, "osm_type": "node", "name": "Mehsi", "name_hi": "\u092e\u0947\u0939\u0938\u0940", "name_en": null, "place": "town", "population": null, "postal_code": "845426", "wikidata": "Q6809876"}, "geometry": {"type": "Point", "coordinates": [85.1134997, 26.3582072]}}, {"type": "Feature", "properties": {"osm_id": 245747119, "osm_type": "node", "name": "Aurai", "name_hi": null, "name_en": null, "place": "village", "population": null, "postal_code": "843312", "wikidata": null}, "geometry": {"type": "Point", "coordinates": [85.5636227, 26.3172692]}}, {"type": "Feature", "properties": {"osm_id": 245747335, "osm_type": "node", "name": "Kesariya", "name_hi": "\u0915\u0947\u0938\u0930\u093f\u092f\u093e", "name_en": null, "place": "village", "population": 1000, "postal_code": "845424", "wikidata": "Q3630833"}, "geometry": {"type": "Point", "coordinates": [84.8707033, 26.3521771]}}, {"type": "Feature", "properties": {"osm_id": 245747538, "osm_type": "node", "name": "Dumra", "name_hi": "\u0921\u0941\u092e\u0930\u093e", "name_en": null, "place": "village", "population": 1000, "postal_code": null, "wikidata": null}, "geometry": {"type": "Point", "coordinates": [85.4062182, 26.3903178]}}, {"type": "Feature", "properties": {"osm_id": 245747803, "osm_type": "node", "name": "Dewapur", "name_hi": null, "name_en": null, "place": "village", "population": null, "postal_code": null, "wikidata": null}, "geometry": {"type": "Point", "coordinates": [84.5607701, 26.4140641]}}, {"type": "Feature", "properties": {"osm_id": 245748039, "osm_type": "node", "name": "Babutola", "name_hi": null, "name_en": null, "place": "village", "population": null, "postal_code": null, "wikidata": null}, "geometry": {"type": "Point", "coordinates": [84.5223119, 26.423275]}}, {"type": "Feature", "properties": {"osm_id": 245748625, "osm_type": "node", "name": "Pupri", "name_hi": "\u092a\u0941\u092a\u0930\u0940", "name_en": null, "place": "town", "population": 5000, "postal_code": "843320", "wikidata": null}, "geometry": {"type": "Point", "coordinates": [85.7017232, 26.470735]}}, {"type": "Feature", "properties": {"osm_id": 245748644, "osm_type": "node", "name": "Sangrampur", "name_hi": null, "name_en": null, "place": "village", "population": null, "postal_code": null, "wikidata": null}, "geometry": {"type": "Point", "coordinates": [84.6967, 26.4736]}}, {"type": "Feature", "properties": {"osm_id": 245748832, "osm_type": "node", "name": "Khirhar", "name_hi": null, "name_en": null, "place": "village", "population": null, "postal_code": "847230", "wikidata": null}, "geometry": {"type": "Point", "coordinates": [85.9520214, 26.4908205]}}, {"type": "Feature", "properties": {"osm_id": 245748840, "osm_type": "node", "name": "Nawada Givindganj", "name_hi": null, "name_en": null, "place": "village", "population": null, "postal_code": null, "wikidata": null}, "geometry": {"type": "Point", "coordinates": [84.6560985, 26.4861437]}}, {"type": "Feature", "properties": {"osm_id": 245748914, "osm_type": "node", "name": "Belsand", "name_hi": null, "name_en": null, "place": "village", "population": null, "postal_code": "843316", "wikidata": null}, "geometry": {"type": "Point", "coordinates": [85.4006159, 26.4422611]}}, {"type": "Feature", "properties": {"osm_id": 245749037, "osm_type": "node", "name": "Madhuban (Mahsi Subdivision)", "name_hi": null, "name_en": null, "place": "village", "population": null, "postal_code": null, "wikidata": null}, "geometry": {"type": "Point", "coordinates": [85.1365386, 26.4414585]}}, {"type": "Feature", "properties": {"osm_id": 316416976, "osm_type": "node", "name": "N\u0101landa", "name_hi": "\u0928\u093e\u0932\u0902\u0926\u093e", "name_en": null, "place": "county", "population": null, "postal_code": null, "wikidata": null}, "geometry": {"type": "Point", "coordinates": [85.583333, 25.25]}}, {"type": "Feature", "properties": {"osm_id": 316417059, "osm_type": "node", "name": "S\u0101ran", "name_hi": "\u0938\u093e\u0930\u0928", "name_en": null, "place": "county", "population": null, "postal_code": null, "wikidata": null}, "geometry": {"type": "Point", "coordinates": [84.75, 25.916667]}}, {"type": "Feature", "properties": {"osm_id": 316417101, "osm_type": "node", "name": "Patna", "name_hi": "\u092a\u091f\u0928\u093e", "name_en": "Patna", "place": "county", "population": null, "postal_code": null, "wikidata": null}, "geometry": {"type": "Point", "coordinates": [85.166667, 25.416667]}}, {"type": "Feature", "properties": {"osm_id": 316417104, "osm_type": "node", "name": "Samast\u012bpur", "name_hi": "\u0938\u092e\u0938\u094d\u0924\u0940\u092a\u0941\u0930", "name_en": null, "place": "county", "population": null, "postal_code": null, "wikidata": null}, "geometry": {"type": "Point", "coordinates": [85.916667, 25.75]}}, {"type": "Feature", "properties": {"osm_id": 316417184, "osm_type": "node", "name": "Darbhanga", "name_hi": "\u0926\u0930\u092d\u0902\u0917\u093e", "name_en": "Darbhanga", "place": "county", "population": null, "postal_code": null, "wikidata": null}, "geometry": {"type": "Point", "coordinates": [85.9255196, 26.1564716]}}, {"type": "Feature", "properties": {"osm_id": 316417204, "osm_type": "node", "name": "Siw\u0101n", "name_hi": "\u0938\u093f\u0935\u093e\u0928", "name_en": "shekhpura", "place": "county", "population": null, "postal_code": null, "wikidata": null}, "geometry": {"type": "Point", "coordinates": [84.5, 26.166667]}}, {"type": "Feature", "properties": {"osm_id": 316417223, "osm_type": "node", "name": "Muzaffarpur", "name_hi": "\u092e\u0941\u091c\u093c\u092b\u093c\u094d\u092b\u093c\u0930\u092a\u0941\u0930", "name_en": "Muzaffarpur", "place": "county", "population": null, "postal_code": null, "wikidata": null}, "geometry": {"type": "Point", "coordinates": [85.4166314, 26.1667052]}}, {"type": "Feature", "properties": {"osm_id": 316417314, "osm_type": "node", "name": "Vaish\u0101li", "name_hi": null, "name_en": null, "place": "county", "population": null, "postal_code": null, "wikidata": null}, "geometry": {"type": "Point", "coordinates": [85.416667, 25.75]}}, {"type": "Feature", "properties": {"osm_id": 509907130, "osm_type": "node", "name": "Patna", "name_hi": "\u092a\u091f\u0928\u093e", "name_en": "Patna", "place": "city", "population": 500000, "postal_code": "800001", "wikidata": "Q80484"}, "geometry": {"type": "Point", "coordinates": [85.1235252, 25.6093239]}}, {"type": "Feature", "properties": {"osm_id": 566622642, "osm_type": "node", "name": "Patepur", "name_hi": null, "name_en": null, "place": "village", "population": null, "postal_code": "843114", "wikidata": null}, "geometry": {"type": "Point", "coordinates": [85.6789698, 25.9421257]}}, {"type": "Feature", "properties": {"osm_id": 566622644, "osm_type": "node", "name": "Muzaffarpur", "name_hi": "\u092e\u0941\u091c\u093c\u092b\u093c\u094d\u092b\u093c\u0930\u092a\u0941\u0930", "name_en": "Muzaffarpur", "place": "city", "population": 100000, "postal_code": "842001", "wikidata": "Q1453196"}, "geometry": {"type": "Point", "coordinates": [85.3857888, 26.1182898]}}, {"type": "Feature", "properties": {"osm_id": 566622645, "osm_type": "node", "name": "Sakra", "name_hi": null, "name_en": null, "place": "village", "population": null, "postal_code": null, "wikidata": null}, "geometry": {"type": "Point", "coordinates": [85.5669424, 25.9771779]}}, {"type": "Feature", "properties": {"osm_id": 567133588, "osm_type": "node", "name": "Sonepur", "name_hi": null, "name_en": null, "place": "town", "population": 1000, "postal_code": null, "wikidata": "Q1666538"}, "geometry": {"type": "Point", "coordinates": [85.1569507, 25.6977651]}}, {"type": "Feature", "properties": {"osm_id": 567133590, "osm_type": "node", "name": "Hajipur", "name_hi": "\u0939\u093e\u091c\u0940\u092a\u0941\u0930", "name_en": null, "place": "city", "population": 147700, "postal_code": "844101", "wikidata": "Q1949403"}, "geometry": {"type": "Point", "coordinates": [85.2090351, 25.6905702]}}, {"type": "Feature", "properties": {"osm_id": 567133593, "osm_type": "node", "name": "Biddupur", "name_hi": null, "name_en": null, "place": "village", "population": null, "postal_code": null, "wikidata": null}, "geometry": {"type": "Point", "coordinates": [85.3133852, 25.6880265]}}, {"type": "Feature", "properties": {"osm_id": 567133599, "osm_type": "node", "name": "Lalganj", "name_hi": null, "name_en": null, "place": "village", "population": 29800, "postal_code": "844121", "wikidata": "Q720183"}, "geometry": {"type": "Point", "coordinates": [85.1754392, 25.8698771]}}, {"type": "Feature", "properties": {"osm_id": 568472825, "osm_type": "node", "name": "Barbigha", "name_hi": null, "name_en": null, "place": "town", "population": null, "postal_code": null, "wikidata": "Q712433"}, "geometry": {"type": "Point", "coordinates": [85.7365083, 25.2183873]}}, {"type": "Feature", "properties": {"osm_id": 760197793, "osm_type": "node", "name": "Darbhanga", "name_hi": "\u0926\u0930\u092d\u0902\u0917\u093e", "name_en": "Darbhanga", "place": "city", "population": 100000, "postal_code": "846004", "wikidata": "Q1136189"}, "geometry": {"type": "Point", "coordinates": [85.8995065, 26.156999]}}, {"type": "Feature", "properties": {"osm_id": 768330805, "osm_type": "node", "name": "Sitalpur", "name_hi": null, "name_en": null, "place": "village", "population": null, "postal_code": null, "wikidata": null}, "geometry": {"type": "Point", "coordinates": [85.0296514, 25.7639605]}}, {"type": "Feature", "properties": {"osm_id": 869968221, "osm_type": "node", "name": "Digha", "name_hi": null, "name_en": null, "place": "suburb", "population": null, "postal_code": null, "wikidata": "Q15213979"}, "geometry": {"type": "Point", "coordinates": [85.0907338, 25.6442176]}}, {"type": "Feature", "properties": {"osm_id": 869968367, "osm_type": "node", "name": "Danapur", "name_hi": "\u0926\u093e\u0928\u093e\u092a\u0941\u0930", "name_en": null, "place": "city", "population": 182400, "postal_code": null, "wikidata": "Q1022305"}, "geometry": {"type": "Point", "coordinates": [85.0474045, 25.6358901]}}, {"type": "Feature", "properties": {"osm_id": 894091385, "osm_type": "node", "name": "Teghra", "name_hi": null, "name_en": null, "place": "town", "population": 5000, "postal_code": "851133", "wikidata": null}, "geometry": {"type": "Point", "coordinates": [85.9425973, 25.4920069]}}, {"type": "Feature", "properties": {"osm_id": 894091541, "osm_type": "node", "name": "Barauni", "name_hi": "\u092c\u0930\u094c\u0928\u0940", "name_en": null, "place": "town", "population": 5000, "postal_code": "851112", "wikidata": "Q4858518"}, "geometry": {"type": "Point", "coordinates": [85.9904136, 25.4676424]}}, {"type": "Feature", "properties": {"osm_id": 1077580245, "osm_type": "node", "name": "Rajepur Chowk", "name_hi": null, "name_en": null, "place": "locality", "population": null, "postal_code": null, "wikidata": null}, "geometry": {"type": "Point", "coordinates": [85.2143333, 26.3655747]}}, {"type": "Feature", "properties": {"osm_id": 1094095877, "osm_type": "node", "name": "Mahua", "name_hi": null, "name_en": null, "place": "village", "population": null, "postal_code": null, "wikidata": null}, "geometry": {"type": "Point", "coordinates": [85.397895, 25.8140778]}}, {"type": "Feature", "properties": {"osm_id": 1121825226, "osm_type": "node", "name": "Kenar", "name_hi": null, "name_en": null, "place": "village", "population": null, "postal_code": null, "wikidata": null}, "geometry": {"type": "Point", "coordinates": [85.758686, 25.2951831]}}, {"type": "Feature", "properties": {"osm_id": 1124647082, "osm_type": "node", "name": "Shahwajpur", "name_hi": null, "name_en": null, "place": "village", "population": null, "postal_code": null, "wikidata": null}, "geometry": {"type": "Point", "coordinates": [84.8946465, 25.5628783]}}, {"type": "Feature", "properties": {"osm_id": 1303364874, "osm_type": "node", "name": null, "name_hi": null, "name_en": null, "place": "village", "population": null, "postal_code": null, "wikidata": null}, "geometry": {"type": "Point", "coordinates": [85.4081523, 25.0988451]}}, {"type": "Feature", "properties": {"osm_id": 1303364902, "osm_type": "node", "name": null, "name_hi": null, "name_en": null, "place": "village", "population": null, "postal_code": null, "wikidata": null}, "geometry": {"type": "Point", "coordinates": [85.4557914, 25.2287241]}}, {"type": "Feature", "properties": {"osm_id": 1303364914, "osm_type": "node", "name": null, "name_hi": null, "name_en": null, "place": "village", "population": null, "postal_code": null, "wikidata": null}, "geometry": {"type": "Point", "coordinates": [85.4760485, 25.0543164]}}, {"type": "Feature", "properties": {"osm_id": 1303365027, "osm_type": "node", "name": null, "name_hi": null, "name_en": null, "place": "village", "population": null, "postal_code": null, "wikidata": null}, "geometry": {"type": "Point", "coordinates": [85.4062463, 25.1312603]}}, {"type": "Feature", "properties": {"osm_id": 1303365052, "osm_type": "node", "name": null, "name_hi": null, "name_en": null, "place": "village", "population": null, "postal_code": null, "wikidata": null}, "geometry": {"type": "Point", "coordinates": [85.4338112, 25.2430682]}}, {"type": "Feature", "properties": {"osm_id": 1303365061, "osm_type": "node", "name": null, "name_hi": null, "name_en": null, "place": "village", "population": null, "postal_code": null, "wikidata": null}, "geometry": {"type": "Point", "coordinates": [85.4423609, 25.0518796]}}, {"type": "Feature", "properties": {"osm_id": 1303365164, "osm_type": "node", "name": null, "name_hi": null, "name_en": null, "place": "village", "population": null, "postal_code": null, "wikidata": null}, "geometry": {"type": "Point", "coordinates": [85.4355724, 25.0888877]}}, {"type": "Feature", "properties": {"osm_id": 1303365191, "osm_type": "node", "name": null, "name_hi": null, "name_en": null, "place": "village", "population": null, "postal_code": null, "wikidata": null}, "geometry": {"type": "Point", "coordinates": [85.4045811, 25.1953021]}}, {"type": "Feature", "properties": {"osm_id": 1303365212, "osm_type": "node", "name": "Paki", "name_hi": null, "name_en": null, "place": "village", "population": null, "postal_code": null, "wikidata": null}, "geometry": {"type": "Point", "coordinates": [85.42401, 25.1036199]}}, {"type": "Feature", "properties": {"osm_id": 1303365254, "osm_type": "node", "name": null, "name_hi": null, "name_en": null, "place": "village", "population": null, "postal_code": null, "wikidata": null}, "geometry": {"type": "Point", "coordinates": [85.4637262, 25.0520188]}}, {"type": "Feature", "properties": {"osm_id": 1303365480, "osm_type": "node", "name": null, "name_hi": null, "name_en": null, "place": "village", "population": null, "postal_code": null, "wikidata": null}, "geometry": {"type": "Point", "coordinates": [85.4124202, 25.2439719]}}, {"type": "Feature", "properties": {"osm_id": 1303365513, "osm_type": "node", "name": null, "name_hi": null, "name_en": null, "place": "village", "population": null, "postal_code": null, "wikidata": null}, "geometry": {"type": "Point", "coordinates": [85.4138107, 25.1148602]}}, {"type": "Feature", "properties": {"osm_id": 1303365568, "osm_type": "node", "name": null, "name_hi": null, "name_en": null, "place": "village", "population": null, "postal_code": null, "wikidata": null}, "geometry": {"type": "Point", "coordinates": [85.4461779, 25.0402054]}}, {"type": "Feature", "properties": {"osm_id": 1303365666, "osm_type": "node", "name": "Silao", "name_hi": null, "name_en": null, "place": "town", "population": null, "postal_code": null, "wikidata": null}, "geometry": {"type": "Point", "coordinates": [85.4278348, 25.0809002]}}, {"type": "Feature", "properties": {"osm_id": 1303365711, "osm_type": "node", "name": null, "name_hi": null, "name_en": null, "place": "village", "population": null, "postal_code": null, "wikidata": null}, "geometry": {"type": "Point", "coordinates": [85.4084494, 25.2043655]}}, {"type": "Feature", "properties": {"osm_id": 1303365761, "osm_type": "node", "name": null, "name_hi": null, "name_en": null, "place": "village", "population": null, "postal_code": null, "wikidata": null}, "geometry": {"type": "Point", "coordinates": [85.4204898, 25.2279593]}}, {"type": "Feature", "properties": {"osm_id": 1303365793, "osm_type": "node", "name": null, "name_hi": null, "name_en": null, "place": "village", "population": null, "postal_code": null, "wikidata": null}, "geometry": {"type": "Point", "coordinates": [85.4000913, 25.0333583]}}, {"type": "Feature", "properties": {"osm_id": 1303365902, "osm_type": "node", "name": null, "name_hi": null, "name_en": null, "place": "village", "population": null, "postal_code": null, "wikidata": null}, "geometry": {"type": "Point", "coordinates": [85.4473051, 25.0738323]}}, {"type": "Feature", "properties": {"osm_id": 1303365932, "osm_type": "node", "name": null, "name_hi": null, "name_en": null, "place": "village", "population": null, "postal_code": null, "wikidata": null}, "geometry": {"type": "Point", "coordinates": [85.4238202, 25.1949081]}}, {"type": "Feature", "properties": {"osm_id": 1303365944, "osm_type": "node", "name": null, "name_hi": null, "name_en": null, "place": "village", "population": null, "postal_code": null, "wikidata": null}, "geometry": {"type": "Point", "coordinates": [85.4144088, 25.1080691]}}, {"type": "Feature", "properties": {"osm_id": 1303365977, "osm_type": "node", "name": null, "name_hi": null, "name_en": null, "place": "village", "population": null, "postal_code": null, "wikidata": null}, "geometry": {"type": "Point", "coordinates": [85.4483365, 25.2065906]}}, {"type": "Feature", "properties": {"osm_id": 1303365984, "osm_type": "node", "name": null, "name_hi": null, "name_en": null, "place": "village", "population": null, "postal_code": null, "wikidata": null}, "geometry": {"type": "Point", "coordinates": [85.4508916, 25.0467505]}}, {"type": "Feature", "properties": {"osm_id": 1303366042, "osm_type": "node", "name": null, "name_hi": null, "name_en": null, "place": "village", "population": null, "postal_code": null, "wikidata": null}, "geometry": {"type": "Point", "coordinates": [85.4447756, 25.1104081]}}, {"type": "Feature", "properties": {"osm_id": 1303366085, "osm_type": "node", "name": null, "name_hi": null, "name_en": null, "place": "village", "population": null, "postal_code": null, "wikidata": null}, "geometry": {"type": "Point", "coordinates": [85.4171083, 25.2173682]}}, {"type": "Feature", "properties": {"osm_id": 1303366097, "osm_type": "node", "name": null, "name_hi": null, "name_en": null, "place": "village", "population": null, "postal_code": null, "wikidata": null}, "geometry": {"type": "Point", "coordinates": [85.4274769, 25.0519028]}}, {"type": "Feature", "properties": {"osm_id": 1303366202, "osm_type": "node", "name": null, "name_hi": null, "name_en": null, "place": "village", "population": null, "postal_code": null, "wikidata": null}, "geometry": {"type": "Point", "coordinates": [85.4537352, 25.0656411]}}, {"type": "Feature", "properties": {"osm_id": 1303366229, "osm_type": "node", "name": null, "name_hi": null, "name_en": null, "place": "village", "population": null, "postal_code": null, "wikidata": null}, "geometry": {"type": "Point", "coordinates": [85.4193627, 25.1725598]}}, {"type": "Feature", "properties": {"osm_id": 1303366247, "osm_type": "node", "name": null, "name_hi": null, "name_en": null, "place": "village", "population": null, "postal_code": null, "wikidata": null}, "geometry": {"type": "Point", "coordinates": [85.4130796, 25.0801668]}}, {"type": "Feature", "properties": {"osm_id": 1303366278, "osm_type": "node", "name": null, "name_hi": null, "name_en": null, "place": "village", "population": null, "postal_code": null, "wikidata": null}, "geometry": {"type": "Point", "coordinates": [85.4465689, 25.1814857]}}, {"type": "Feature", "properties": {"osm_id": 1303366302, "osm_type": "node", "name": null, "name_hi": null, "name_en": null, "place": "village", "population": null, "postal_code": null, "wikidata": null}, "geometry": {"type": "Point", "coordinates": [85.4795581, 25.0584472]}}, {"type": "Feature", "properties": {"osm_id": 1303366413, "osm_type": "node", "name": null, "name_hi": null, "name_en": null, "place": "village", "population": null, "postal_code": null, "wikidata": null}, "geometry": {"type": "Point", "coordinates": [85.4005591, 25.1517146]}}, {"type": "Feature", "properties": {"osm_id": 1303366436, "osm_type": "node", "name": null, "name_hi": null, "name_en": null, "place": "village", "population": null, "postal_code": null, "wikidata": null}, "geometry": {"type": "Point", "coordinates": [85.4429568, 25.2409595]}}, {"type": "Feature", "properties": {"osm_id": 1303366452, "osm_type": "node", "name": null, "name_hi": null, "name_en": null, "place": "village", "population": null, "postal_code": null, "wikidata": null}, "geometry": {"type": "Point", "coordinates": [85.4321137, 25.0333583]}}, {"type": "Feature", "properties": {"osm_id": 1303366556, "osm_type": "node", "name": null, "name_hi": null, "name_en": null, "place": "village", "population": null, "postal_code": null, "wikidata": null}, "geometry": {"type": "Point", "coordinates": [85.4301286, 25.0987766]}}, {"type": "Feature", "properties": {"osm_id": 1303366576, "osm_type": "node", "name": null, "name_hi": null, "name_en": null, "place": "village", "population": null, "postal_code": null, "wikidata": null}, "geometry": {"type": "Point", "coordinates": [85.4235896, 25.200819]}}, {"type": "Feature", "properties": {"osm_id": 1303366622, "osm_type": "node", "name": null, "name_hi": null, "name_en": null, "place": "village", "population": null, "postal_code": null, "wikidata": null}, "geometry": {"type": "Point", "coordinates": [85.4116544, 25.0951985]}}, {"type": "Feature", "properties": {"osm_id": 1303366645, "osm_type": "node", "name": null, "name_hi": null, "name_en": null, "place": "village", "population": null, "postal_code": null, "wikidata": null}, "geometry": {"type": "Point", "coordinates": [85.4563037, 25.1962525]}}, {"type": "Feature", "properties": {"osm_id": 1303366652, "osm_type": "node", "name": null, "name_hi": null, "name_en": null, "place": "village", "population": null, "postal_code": null, "wikidata": null}, "geometry": {"type": "Point", "coordinates": [85.4104409, 25.0490946]}}, {"type": "Feature", "properties": {"osm_id": 1303366856, "osm_type": "node", "name": null, "name_hi": null, "name_en": null, "place": "village", "population": null, "postal_code": null, "wikidata": null}, "geometry": {"type": "Point", "coordinates": [85.4180561, 25.2432999]}}, {"type": "Feature", "properties": {"osm_id": 1303366886, "osm_type": "node", "name": "Madhopur", "name_hi": null, "name_en": null, "place": "village", "population": null, "postal_code": null, "wikidata": null}, "geometry": {"type": "Point", "coordinates": [85.4246711, 25.1138435]}}, {"type": "Feature", "properties": {"osm_id": 1303366915, "osm_type": "node", "name": null, "name_hi": null, "name_en": null, "place": "village", "population": null, "postal_code": null, "wikidata": null}, "geometry": {"type": "Point", "coordinates": [85.4446219, 25.2148419]}}, {"type": "Feature", "properties": {"osm_id": 1303366942, "osm_type": "node", "name": null, "name_hi": null, "name_en": null, "place": "village", "population": null, "postal_code": null, "wikidata": null}, "geometry": {"type": "Point", "coordinates": [85.4559128, 25.0425032]}}, {"type": "Feature", "properties": {"osm_id": 1303367077, "osm_type": "node", "name": null, "name_hi": null, "name_en": null, "place": "village", "population": null, "postal_code": null, "wikidata": null}, "geometry": {"type": "Point", "coordinates": [85.4031465, 25.2325942]}}, {"type": "Feature", "properties": {"osm_id": 1303367090, "osm_type": "node", "name": null, "name_hi": null, "name_en": null, "place": "village", "population": null, "postal_code": null, "wikidata": null}, "geometry": {"type": "Point", "coordinates": [85.4221996, 25.0715119]}}, {"type": "Feature", "properties": {"osm_id": 1303367193, "osm_type": "node", "name": null, "name_hi": null, "name_en": null, "place": "village", "population": null, "postal_code": null, "wikidata": null}, "geometry": {"type": "Point", "coordinates": [85.4355804, 25.0703835]}}, {"type": "Feature", "properties": {"osm_id": 1303367206, "osm_type": "node", "name": null, "name_hi": null, "name_en": null, "place": "village", "population": null, "postal_code": null, "wikidata": null}, "geometry": {"type": "Point", "coordinates": [85.4230773, 25.1720729]}}, {"type": "Feature", "properties": {"osm_id": 1303367214, "osm_type": "node", "name": null, "name_hi": null, "name_en": null, "place": "village", "population": null, "postal_code": null, "wikidata": null}, "geometry": {"type": "Point", "coordinates": [85.4101172, 25.1121428]}}, {"type": "Feature", "properties": {"osm_id": 1303367241, "osm_type": "node", "name": null, "name_hi": null, "name_en": null, "place": "village", "population": null, "postal_code": null, "wikidata": null}, "geometry": {"type": "Point", "coordinates": [85.4429568, 25.2277276]}}, {"type": "Feature", "properties": {"osm_id": 1303367254, "osm_type": "node", "name": null, "name_hi": null, "name_en": null, "place": "village", "population": null, "postal_code": null, "wikidata": null}, "geometry": {"type": "Point", "coordinates": [85.4732561, 25.0531096]}}, {"type": "Feature", "properties": {"osm_id": 1303367387, "osm_type": "node", "name": null, "name_hi": null, "name_en": null, "place": "village", "population": null, "postal_code": null, "wikidata": null}, "geometry": {"type": "Point", "coordinates": [85.4047861, 25.1203359]}}, {"type": "Feature", "properties": {"osm_id": 1303367434, "osm_type": "node", "name": null, "name_hi": null, "name_en": null, "place": "village", "population": null, "postal_code": null, "wikidata": null}, "geometry": {"type": "Point", "coordinates": [85.4319411, 25.2192918]}}, {"type": "Feature", "properties": {"osm_id": 1303367454, "osm_type": "node", "name": null, "name_hi": null, "name_en": null, "place": "village", "population": null, "postal_code": null, "wikidata": null}, "geometry": {"type": "Point", "coordinates": [85.4394661, 25.0506495]}}, {"type": "Feature", "properties": {"osm_id": 1303367673, "osm_type": "node", "name": null, "name_hi": null, "name_en": null, "place": "village", "population": null, "postal_code": null, "wikidata": null}, "geometry": {"type": "Point", "coordinates": [85.4422651, 25.0874956]}}, {"type": "Feature", "properties": {"osm_id": 1303367697, "osm_type": "node", "name": null, "name_hi": null, "name_en": null, "place": "village", "population": null, "postal_code": null, "wikidata": null}, "geometry": {"type": "Point", "coordinates": [85.4045793, 25.2079134]}}, {"type": "Feature", "properties": {"osm_id": 1303367726, "osm_type": "node", "name": "Gobindpur", "name_hi": null, "name_en": null, "place": "village", "population": null, "postal_code": null, "wikidata": null}, "geometry": {"type": "Point", "coordinates": [85.4271265, 25.1105371]}}, {"type": "Feature", "properties": {"osm_id": 1303367781, "osm_type": "node", "name": null, "name_hi": null, "name_en": null, "place": "village", "population": null, "postal_code": null, "wikidata": null}, "geometry": {"type": "Point", "coordinates": [85.4801986, 25.0399037]}}, {"type": "Feature", "properties": {"osm_id": 1303367977, "osm_type": "node", "name": null, "name_hi": null, "name_en": null, "place": "village", "population": null, "postal_code": null, "wikidata": null}, "geometry": {"type": "Point", "coordinates": [85.4108063, 25.2424425]}}, {"type": "Feature", "properties": {"osm_id": 1303368083, "osm_type": "node", "name": null, "name_hi": null, "name_en": null, "place": "village", "population": null, "postal_code": null, "wikidata": null}, "geometry": {"type": "Point", "coordinates": [85.449662, 25.0435244]}}, {"type": "Feature", "properties": {"osm_id": 1303368187, "osm_type": "node", "name": null, "name_hi": null, "name_en": null, "place": "village", "population": null, "postal_code": null, "wikidata": null}, "geometry": {"type": "Point", "coordinates": [85.4324182, 25.074263]}}, {"type": "Feature", "properties": {"osm_id": 1303368231, "osm_type": "node", "name": null, "name_hi": null, "name_en": null, "place": "village", "population": null, "postal_code": null, "wikidata": null}, "geometry": {"type": "Point", "coordinates": [85.4178256, 25.203137]}}, {"type": "Feature", "properties": {"osm_id": 1303368310, "osm_type": "node", "name": null, "name_hi": null, "name_en": null, "place": "village", "population": null, "postal_code": null, "wikidata": null}, "geometry": {"type": "Point", "coordinates": [85.4400107, 25.1862382]}}, {"type": "Feature", "properties": {"osm_id": 1303368333, "osm_type": "node", "name": null, "name_hi": null, "name_en": null, "place": "village", "population": null, "postal_code": null, "wikidata": null}, "geometry": {"type": "Point", "coordinates": [85.4023713, 25.0386736]}}, {"type": "Feature", "properties": {"osm_id": 1303368456, "osm_type": "node", "name": null, "name_hi": null, "name_en": null, "place": "village", "population": null, "postal_code": null, "wikidata": null}, "geometry": {"type": "Point", "coordinates": [85.4611132, 25.0682401]}}, {"type": "Feature", "properties": {"osm_id": 1303368481, "osm_type": "node", "name": null, "name_hi": null, "name_en": null, "place": "village", "population": null, "postal_code": null, "wikidata": null}, "geometry": {"type": "Point", "coordinates": [85.413906, 25.1890896]}}, {"type": "Feature", "properties": {"osm_id": 1303368531, "osm_type": "node", "name": null, "name_hi": null, "name_en": null, "place": "village", "population": null, "postal_code": null, "wikidata": null}, "geometry": {"type": "Point", "coordinates": [85.449848, 25.2140075]}}, {"type": "Feature", "properties": {"osm_id": 1303368556, "osm_type": "node", "name": null, "name_hi": null, "name_en": null, "place": "village", "population": null, "postal_code": null, "wikidata": null}, "geometry": {"type": "Point", "coordinates": [85.4479968, 25.0455901]}}, {"type": "Feature", "properties": {"osm_id": 1303368699, "osm_type": "node", "name": null, "name_hi": null, "name_en": null, "place": "village", "population": null, "postal_code": null, "wikidata": null}, "geometry": {"type": "Point", "coordinates": [85.4032234, 25.2132658]}}, {"type": "Feature", "properties": {"osm_id": 1303368715, "osm_type": "node", "name": null, "name_hi": null, "name_en": null, "place": "village", "population": null, "postal_code": null, "wikidata": null}, "geometry": {"type": "Point", "coordinates": [85.4150778, 25.0524366]}}, {"type": "Feature", "properties": {"osm_id": 1303368874, "osm_type": "node", "name": null, "name_hi": null, "name_en": null, "place": "village", "population": null, "postal_code": null, "wikidata": null}, "geometry": {"type": "Point", "coordinates": [85.4549905, 25.062137]}}, {"type": "Feature", "properties": {"osm_id": 1303368902, "osm_type": "node", "name": null, "name_hi": null, "name_en": null, "place": "village", "population": null, "postal_code": null, "wikidata": null}, "geometry": {"type": "Point", "coordinates": [85.4090642, 25.1723047]}}, {"type": "Feature", "properties": {"osm_id": 1303368930, "osm_type": "node", "name": null, "name_hi": null, "name_en": null, "place": "village", "population": null, "postal_code": null, "wikidata": null}, "geometry": {"type": "Point", "coordinates": [85.4138317, 25.0891167]}}, {"type": "Feature", "properties": {"osm_id": 1303368971, "osm_type": "node", "name": null, "name_hi": null, "name_en": null, "place": "village", "population": null, "postal_code": null, "wikidata": null}, "geometry": {"type": "Point", "coordinates": [85.4362705, 25.2166497]}}, {"type": "Feature", "properties": {"osm_id": 1303368998, "osm_type": "node", "name": null, "name_hi": null, "name_en": null, "place": "village", "population": null, "postal_code": null, "wikidata": null}, "geometry": {"type": "Point", "coordinates": [85.4726925, 25.0577974]}}, {"type": "Feature", "properties": {"osm_id": 1303369160, "osm_type": "node", "name": null, "name_hi": null, "name_en": null, "place": "village", "population": null, "postal_code": null, "wikidata": null}, "geometry": {"type": "Point", "coordinates": [85.4358094, 25.2335674]}}, {"type": "Feature", "properties": {"osm_id": 1303369195, "osm_type": "node", "name": null, "name_hi": null, "name_en": null, "place": "village", "population": null, "postal_code": null, "wikidata": null}, "geometry": {"type": "Point", "coordinates": [85.4037803, 25.0308282]}}, {"type": "Feature", "properties": {"osm_id": 1303369351, "osm_type": "node", "name": null, "name_hi": null, "name_en": null, "place": "village", "population": null, "postal_code": null, "wikidata": null}, "geometry": {"type": "Point", "coordinates": [85.4396713, 25.0921937]}}, {"type": "Feature", "properties": {"osm_id": 1303369384, "osm_type": "node", "name": null, "name_hi": null, "name_en": null, "place": "village", "population": null, "postal_code": null, "wikidata": null}, "geometry": {"type": "Point", "coordinates": [85.4089362, 25.196183]}}, {"type": "Feature", "properties": {"osm_id": 1303369420, "osm_type": "node", "name": null, "name_hi": null, "name_en": null, "place": "village", "population": null, "postal_code": null, "wikidata": null}, "geometry": {"type": "Point", "coordinates": [85.4116544, 25.0983462]}}, {"type": "Feature", "properties": {"osm_id": 1303369457, "osm_type": "node", "name": null, "name_hi": null, "name_en": null, "place": "village", "population": null, "postal_code": null, "wikidata": null}, "geometry": {"type": "Point", "coordinates": [85.4476448, 25.1971566]}}, {"type": "Feature", "properties": {"osm_id": 1303369478, "osm_type": "node", "name": null, "name_hi": null, "name_en": null, "place": "village", "population": null, "postal_code": null, "wikidata": null}, "geometry": {"type": "Point", "coordinates": [85.4666211, 25.0554767]}}, {"type": "Feature", "properties": {"osm_id": 1303369691, "osm_type": "node", "name": null, "name_hi": null, "name_en": null, "place": "village", "population": null, "postal_code": null, "wikidata": null}, "geometry": {"type": "Point", "coordinates": [85.4165703, 25.2453158]}}, {"type": "Feature", "properties": {"osm_id": 1303369724, "osm_type": "node", "name": null, "name_hi": null, "name_en": null, "place": "village", "population": null, "postal_code": null, "wikidata": null}, "geometry": {"type": "Point", "coordinates": [85.4183857, 25.1157913]}}, {"type": "Feature", "properties": {"osm_id": 1303369777, "osm_type": "node", "name": null, "name_hi": null, "name_en": null, "place": "village", "population": null, "postal_code": null, "wikidata": null}, "geometry": {"type": "Point", "coordinates": [85.4510454, 25.0373506]}}, {"type": "Feature", "properties": {"osm_id": 1303369858, "osm_type": "node", "name": null, "name_hi": null, "name_en": null, "place": "village", "population": null, "postal_code": null, "wikidata": null}, "geometry": {"type": "Point", "coordinates": [85.4365411, 25.0805713]}}, {"type": "Feature", "properties": {"osm_id": 1303369904, "osm_type": "node", "name": null, "name_hi": null, "name_en": null, "place": "village", "population": null, "postal_code": null, "wikidata": null}, "geometry": {"type": "Point", "coordinates": [85.4031977, 25.1334172]}}, {"type": "Feature", "properties": {"osm_id": 1303369963, "osm_type": "node", "name": null, "name_hi": null, "name_en": null, "place": "village", "population": null, "postal_code": null, "wikidata": null}, "geometry": {"type": "Point", "coordinates": [85.4140341, 25.2308793]}}, {"type": "Feature", "properties": {"osm_id": 1303369992, "osm_type": "node", "name": null, "name_hi": null, "name_en": null, "place": "village", "population": null, "postal_code": null, "wikidata": null}, "geometry": {"type": "Point", "coordinates": [85.4104666, 25.0708622]}}, {"type": "Feature", "properties": {"osm_id": 1303370131, "osm_type": "node", "name": null, "name_hi": null, "name_en": null, "place": "village", "population": null, "postal_code": null, "wikidata": null}, "geometry": {"type": "Point", "coordinates": [85.4465366, 25.0685185]}}, {"type": "Feature", "properties": {"osm_id": 1303370188, "osm_type": "node", "name": null, "name_hi": null, "name_en": null, "place": "village", "population": null, "postal_code": null, "wikidata": null}, "geometry": {"type": "Point", "coordinates": [85.4189784, 25.19259]}}, {"type": "Feature", "properties": {"osm_id": 1303370245, "osm_type": "node", "name": null, "name_hi": null, "name_en": null, "place": "village", "population": null, "postal_code": null, "wikidata": null}, "geometry": {"type": "Point", "coordinates": [85.4516412, 25.24089]}}, {"type": "Feature", "properties": {"osm_id": 1303370265, "osm_type": "node", "name": null, "name_hi": null, "name_en": null, "place": "village", "population": null, "postal_code": null, "wikidata": null}, "geometry": {"type": "Point", "coordinates": [85.4538377, 25.0486768]}}, {"type": "Feature", "properties": {"osm_id": 1303370415, "osm_type": "node", "name": null, "name_hi": null, "name_en": null, "place": "village", "population": null, "postal_code": null, "wikidata": null}, "geometry": {"type": "Point", "coordinates": [85.4208229, 25.1223771]}}, {"type": "Feature", "properties": {"osm_id": 1303370445, "osm_type": "node", "name": null, "name_hi": null, "name_en": null, "place": "village", "population": null, "postal_code": null, "wikidata": null}, "geometry": {"type": "Point", "coordinates": [85.4249217, 25.2167656]}}, {"type": "Feature", "properties": {"osm_id": 1303370467, "osm_type": "node", "name": null, "name_hi": null, "name_en": null, "place": "village", "population": null, "postal_code": null, "wikidata": null}, "geometry": {"type": "Point", "coordinates": [85.4368274, 25.0519956]}}, {"type": "Feature", "properties": {"osm_id": 1303370532, "osm_type": "node", "name": null, "name_hi": null, "name_en": null, "place": "village", "population": null, "postal_code": null, "wikidata": null}, "geometry": {"type": "Point", "coordinates": [85.4602934, 25.0660356]}}, {"type": "Feature", "properties": {"osm_id": 1303370550, "osm_type": "node", "name": null, "name_hi": null, "name_en": null, "place": "village", "population": null, "postal_code": null, "wikidata": null}, "geometry": {"type": "Point", "coordinates": [85.4047604, 25.2024879]}}, {"type": "Feature", "properties": {"osm_id": 1303370559, "osm_type": "node", "name": null, "name_hi": null, "name_en": null, "place": "village", "population": null, "postal_code": null, "wikidata": null}, "geometry": {"type": "Point", "coordinates": [85.403729, 25.0756886]}}, {"type": "Feature", "properties": {"osm_id": 1303370578, "osm_type": "node", "name": null, "name_hi": null, "name_en": null, "place": "village", "population": null, "postal_code": null, "wikidata": null}, "geometry": {"type": "Point", "coordinates": [85.4481316, 25.1692443]}}, {"type": "Feature", "properties": {"osm_id": 1303370589, "osm_type": "node", "name": null, "name_hi": null, "name_en": null, "place": "village", "population": null, "postal_code": null, "wikidata": null}, "geometry": {"type": "Point", "coordinates": [85.4738965, 25.0448706]}}, {"type": "Feature", "properties": {"osm_id": 1303370701, "osm_type": "node", "name": null, "name_hi": null, "name_en": null, "place": "village", "population": null, "postal_code": null, "wikidata": null}, "geometry": {"type": "Point", "coordinates": [85.4114723, 25.1631231]}}, {"type": "Feature", "properties": {"osm_id": 1303370732, "osm_type": "node", "name": null, "name_hi": null, "name_en": null, "place": "village", "population": null, "postal_code": null, "wikidata": null}, "geometry": {"type": "Point", "coordinates": [85.4457747, 25.2341931]}}, {"type": "Feature", "properties": {"osm_id": 1303370746, "osm_type": "node", "name": null, "name_hi": null, "name_en": null, "place": "village", "population": null, "postal_code": null, "wikidata": null}, "geometry": {"type": "Point", "coordinates": [85.4245308, 25.034542]}}, {"type": "Feature", "properties": {"osm_id": 1303370864, "osm_type": "node", "name": null, "name_hi": null, "name_en": null, "place": "village", "population": null, "postal_code": null, "wikidata": null}, "geometry": {"type": "Point", "coordinates": [85.4377419, 25.0733566]}}, {"type": "Feature", "properties": {"osm_id": 1303370895, "osm_type": "node", "name": null, "name_hi": null, "name_en": null, "place": "village", "population": null, "postal_code": null, "wikidata": null}, "geometry": {"type": "Point", "coordinates": [85.4316849, 25.2002163]}}, {"type": "Feature", "properties": {"osm_id": 1303370949, "osm_type": "node", "name": null, "name_hi": null, "name_en": null, "place": "village", "population": null, "postal_code": null, "wikidata": null}, "geometry": {"type": "Point", "coordinates": [85.444084, 25.1892286]}}, {"type": "Feature", "properties": {"osm_id": 1303370959, "osm_type": "node", "name": null, "name_hi": null, "name_en": null, "place": "village", "population": null, "postal_code": null, "wikidata": null}, "geometry": {"type": "Point", "coordinates": [85.400578, 25.0555928]}}, {"type": "Feature", "properties": {"osm_id": 1303371105, "osm_type": "node", "name": null, "name_hi": null, "name_en": null, "place": "village", "population": null, "postal_code": null, "wikidata": null}, "geometry": {"type": "Point", "coordinates": [85.4248449, 25.1837808]}}, {"type": "Feature", "properties": {"osm_id": 1303371129, "osm_type": "node", "name": "Dhana", "name_hi": null, "name_en": null, "place": "village", "population": null, "postal_code": null, "wikidata": null}, "geometry": {"type": "Point", "coordinates": [85.4232965, 25.1101475]}}, {"type": "Feature", "properties": {"osm_id": 1303371166, "osm_type": "node", "name": null, "name_hi": null, "name_en": null, "place": "village", "population": null, "postal_code": null, "wikidata": null}, "geometry": {"type": "Point", "coordinates": [85.4416246, 25.2112494]}}, {"type": "Feature", "properties": {"osm_id": 1303371188, "osm_type": "node", "name": null, "name_hi": null, "name_en": null, "place": "village", "population": null, "postal_code": null, "wikidata": null}, "geometry": {"type": "Point", "coordinates": [85.4444615, 25.0513458]}}, {"type": "Feature", "properties": {"osm_id": 1303371381, "osm_type": "node", "name": null, "name_hi": null, "name_en": null, "place": "village", "population": null, "postal_code": null, "wikidata": null}, "geometry": {"type": "Point", "coordinates": [85.3994319, 25.2248076]}}, {"type": "Feature", "properties": {"osm_id": 1303371406, "osm_type": "node", "name": null, "name_hi": null, "name_en": null, "place": "village", "population": null, "postal_code": null, "wikidata": null}, "geometry": {"type": "Point", "coordinates": [85.4023457, 25.0669174]}}, {"type": "Feature", "properties": {"osm_id": 1303371585, "osm_type": "node", "name": null, "name_hi": null, "name_en": null, "place": "village", "population": null, "postal_code": null, "wikidata": null}, "geometry": {"type": "Point", "coordinates": [85.4543244, 25.0571477]}}, {"type": "Feature", "properties": {"osm_id": 1312143689, "osm_type": "node", "name": "Sheikhpura", "name_hi": null, "name_en": null, "place": "town", "population": null, "postal_code": null, "wikidata": "Q2341756"}, "geometry": {"type": "Point", "coordinates": [85.8381996, 25.139584]}}, {"type": "Feature", "properties": {"osm_id": 1351836911, "osm_type": "node", "name": "Maharajganj", "name_hi": "\u092e\u0939\u093e\u0930\u093e\u091c\u0917\u0902\u091c", "name_en": null, "place": "town", "population": 20878, "postal_code": "841238", "wikidata": "Q2733647"}, "geometry": {"type": "Point", "coordinates": [84.5028865, 26.108443]}}, {"type": "Feature", "properties": {"osm_id": 1353015257, "osm_type": "node", "name": "Bibhutpur", "name_hi": null, "name_en": null, "place": "village", "population": 1000, "postal_code": null, "wikidata": null}, "geometry": {"type": "Point", "coordinates": [85.9629107, 25.7433698]}}, {"type": "Feature", "properties": {"osm_id": 1358974390, "osm_type": "node", "name": "Koliwar", "name_hi": "\u0915\u094b\u0908\u0932\u0935\u0930", "name_en": null, "place": "town", "population": null, "postal_code": null, "wikidata": "Q2241472"}, "geometry": {"type": "Point", "coordinates": [84.7911476, 25.5734451]}}, {"type": "Feature", "properties": {"osm_id": 1457910712, "osm_type": "node", "name": "Ekma", "name_hi": "\u090f\u0915\u092e\u093e", "name_en": null, "place": "village", "population": 1000, "postal_code": "841208", "wikidata": null}, "geometry": {"type": "Point", "coordinates": [84.5366966, 25.9643558]}}, {"type": "Feature", "properties": {"osm_id": 1457910716, "osm_type": "node", "name": "Hussepur", "name_hi": null, "name_en": null, "place": "village", "population": 1000, "postal_code": null, "wikidata": null}, "geometry": {"type": "Point", "coordinates": [84.5035449, 25.999671]}}, {"type": "Feature", "properties": {"osm_id": 1693086446, "osm_type": "node", "name": "Udwantnagar", "name_hi": null, "name_en": null, "place": "village", "population": null, "postal_code": null, "wikidata": null}, "geometry": {"type": "Point", "coordinates": [84.623026, 25.5068876]}}, {"type": "Feature", "properties": {"osm_id": 1739922370, "osm_type": "node", "name": "Rajendra Nagar", "name_hi": "\u0930\u093e\u091c\u0947\u0928\u094d\u0926\u094d\u0930 \u0928\u0917\u0930", "name_en": "Rajendra Nagar", "place": "suburb", "population": null, "postal_code": null, "wikidata": "Q15271424"}, "geometry": {"type": "Point", "coordinates": [85.1640085, 25.6005216]}}, {"type": "Feature", "properties": {"osm_id": 1779406880, "osm_type": "node", "name": "Samsa chowk", "name_hi": null, "name_en": null, "place": "square", "population": null, "postal_code": null, "wikidata": null}, "geometry": {"type": "Point", "coordinates": [85.9267016, 25.623771]}}, {"type": "Feature", "properties": {"osm_id": 1803127928, "osm_type": "node", "name": "Nalandra Mahavihar Staff Colony", "name_hi": null, "name_en": null, "place": "locality", "population": null, "postal_code": null, "wikidata": null}, "geometry": {"type": "Point", "coordinates": [85.4547913, 25.1227797]}}, {"type": "Feature", "properties": {"osm_id": 1848872032, "osm_type": "node", "name": "Majhauli", "name_hi": null, "name_en": null, "place": "village", "population": null, "postal_code": null, "wikidata": null}, "geometry": {"type": "Point", "coordinates": [85.4785887, 26.1621531]}}, {"type": "Feature", "properties": {"osm_id": 1938618634, "osm_type": "node", "name": "Porai", "name_hi": null, "name_en": null, "place": "village", "population": null, "postal_code": null, "wikidata": null}, "geometry": {"type": "Point", "coordinates": [85.521326, 25.3661983]}}, {"type": "Feature", "properties": {"osm_id": 1938618689, "osm_type": "node", "name": "Kalyan Bigha", "name_hi": null, "name_en": null, "place": "village", "population": null, "postal_code": null, "wikidata": null}, "geometry": {"type": "Point", "coordinates": [85.5035483, 25.3888715]}}, {"type": "Feature", "properties": {"osm_id": 1938618709, "osm_type": "node", "name": "Nanda Bigha", "name_hi": null, "name_en": null, "place": "village", "population": null, "postal_code": null, "wikidata": null}, "geometry": {"type": "Point", "coordinates": [85.5092346, 25.3891816]}}, {"type": "Feature", "properties": {"osm_id": 1938618737, "osm_type": "node", "name": "Milkipar", "name_hi": null, "name_en": null, "place": "village", "population": null, "postal_code": null, "wikidata": null}, "geometry": {"type": "Point", "coordinates": [85.4868864, 25.3639298]}}, {"type": "Feature", "properties": {"osm_id": 1938618777, "osm_type": "node", "name": "Dwarka Bigha", "name_hi": null, "name_en": null, "place": "village", "population": null, "postal_code": null, "wikidata": null}, "geometry": {"type": "Point", "coordinates": [85.5379664, 25.3911977]}}, {"type": "Feature", "properties": {"osm_id": 1938618786, "osm_type": "node", "name": "Chero", "name_hi": null, "name_en": null, "place": "village", "population": null, "postal_code": null, "wikidata": null}, "geometry": {"type": "Point", "coordinates": [85.540434, 25.4008219]}}, {"type": "Feature", "properties": {"osm_id": 1938618798, "osm_type": "node", "name": "Sirsi", "name_hi": null, "name_en": null, "place": "village", "population": null, "postal_code": null, "wikidata": null}, "geometry": {"type": "Point", "coordinates": [85.4842042, 25.4020043]}}, {"type": "Feature", "properties": {"osm_id": 1938618866, "osm_type": "node", "name": "Barah", "name_hi": null, "name_en": null, "place": "village", "population": null, "postal_code": null, "wikidata": null}, "geometry": {"type": "Point", "coordinates": [85.4905235, 25.3884353]}}, {"type": "Feature", "properties": {"osm_id": 1938619016, "osm_type": "node", "name": "Dihri Garh", "name_hi": null, "name_en": null, "place": "village", "population": null, "postal_code": null, "wikidata": null}, "geometry": {"type": "Point", "coordinates": [85.537548, 25.3795371]}}, {"type": "Feature", "properties": {"osm_id": 1938619027, "osm_type": "node", "name": "Kharuara", "name_hi": null, "name_en": null, "place": "village", "population": null, "postal_code": null, "wikidata": null}, "geometry": {"type": "Point", "coordinates": [85.541582, 25.4059293]}}, {"type": "Feature", "properties": {"osm_id": 1938619035, "osm_type": "node", "name": "Sewdah", "name_hi": null, "name_en": null, "place": "village", "population": null, "postal_code": null, "wikidata": null}, "geometry": {"type": "Point", "coordinates": [85.5231391, 25.3932815]}}, {"type": "Feature", "properties": {"osm_id": 1938619037, "osm_type": "node", "name": "Bahadurpur", "name_hi": null, "name_en": null, "place": "village", "population": null, "postal_code": null, "wikidata": null}, "geometry": {"type": "Point", "coordinates": [85.5010699, 25.3573178]}}, {"type": "Feature", "properties": {"osm_id": 1938619040, "osm_type": "node", "name": "Chainpur", "name_hi": null, "name_en": null, "place": "village", "population": null, "postal_code": null, "wikidata": null}, "geometry": {"type": "Point", "coordinates": [85.5119704, 25.3649186]}}, {"type": "Feature", "properties": {"osm_id": 1938619044, "osm_type": "node", "name": "Birju Milki", "name_hi": null, "name_en": null, "place": "village", "population": null, "postal_code": null, "wikidata": null}, "geometry": {"type": "Point", "coordinates": [85.5180537, 25.4033126]}}, {"type": "Feature", "properties": {"osm_id": 1952371664, "osm_type": "node", "name": "Chandi", "name_hi": "\u091a\u0902\u0921\u0940", "name_en": null, "place": "town", "population": 4323, "postal_code": null, "wikidata": "Q5071039"}, "geometry": {"type": "Point", "coordinates": [85.403269, 25.3260098]}}, {"type": "Feature", "properties": {"osm_id": 1952371667, "osm_type": "node", "name": "Narsanda", "name_hi": null, "name_en": null, "place": "village", "population": null, "postal_code": null, "wikidata": null}, "geometry": {"type": "Point", "coordinates": [85.4519886, 25.3597433]}}, {"type": "Feature", "properties": {"osm_id": 1952390276, "osm_type": "node", "name": "Cheran", "name_hi": null, "name_en": null, "place": "village", "population": null, "postal_code": null, "wikidata": null}, "geometry": {"type": "Point", "coordinates": [85.5418306, 25.361288]}}, {"type": "Feature", "properties": {"osm_id": 1952420509, "osm_type": "node", "name": "Bangacha", "name_hi": null, "name_en": null, "place": "village", "population": null, "postal_code": null, "wikidata": null}, "geometry": {"type": "Point", "coordinates": [85.4352345, 25.4103555]}}, {"type": "Feature", "properties": {"osm_id": 2161260966, "osm_type": "node", "name": "Hilsa", "name_hi": null, "name_en": null, "place": "town", "population": null, "postal_code": "801302", "wikidata": null}, "geometry": {"type": "Point", "coordinates": [85.2818251, 25.3161108]}}, {"type": "Feature", "properties": {"osm_id": 2240945362, "osm_type": "node", "name": "Bihar", "name_hi": "\u092c\u093f\u0939\u093e\u0930", "name_en": "Bihar", "place": "state", "population": null, "postal_code": null, "wikidata": "Q1165"}, "geometry": {"type": "Point", "coordinates": [85.906508, 25.6440845]}}, {"type": "Feature", "properties": {"osm_id": 2392813721, "osm_type": "node", "name": "Baingra", "name_hi": null, "name_en": null, "place": "village", "population": null, "postal_code": null, "wikidata": null}, "geometry": {"type": "Point", "coordinates": [85.8346111, 26.4957499]}}, {"type": "Feature", "properties": {"osm_id": 2467636044, "osm_type": "node", "name": "Masaurhi", "name_hi": null, "name_en": null, "place": "town", "population": null, "postal_code": "804452", "wikidata": null}, "geometry": {"type": "Point", "coordinates": [85.0341732, 25.3508773]}}, {"type": "Feature", "properties": {"osm_id": 2506054865, "osm_type": "node", "name": "Jajuara", "name_hi": null, "name_en": null, "place": "village", "population": 25875, "postal_code": null, "wikidata": "Q6124385"}, "geometry": {"type": "Point", "coordinates": [85.6687702, 26.3046264]}}, {"type": "Feature", "properties": {"osm_id": 2661513160, "osm_type": "node", "name": "Vaishali", "name_hi": null, "name_en": null, "place": "village", "population": null, "postal_code": null, "wikidata": null}, "geometry": {"type": "Point", "coordinates": [85.1262924, 25.9792433]}}, {"type": "Feature", "properties": {"osm_id": 3009554265, "osm_type": "node", "name": "Mehdiganj", "name_hi": null, "name_en": null, "place": "suburb", "population": null, "postal_code": null, "wikidata": null}, "geometry": {"type": "Point", "coordinates": [85.2081159, 25.5902676]}}, {"type": "Feature", "properties": {"osm_id": 3009556474, "osm_type": "node", "name": "Hakimganj", "name_hi": null, "name_en": null, "place": "suburb", "population": null, "postal_code": null, "wikidata": null}, "geometry": {"type": "Point", "coordinates": [85.2082906, 25.5951844]}}, {"type": "Feature", "properties": {"osm_id": 3009579361, "osm_type": "node", "name": "Ranipur", "name_hi": null, "name_en": null, "place": "suburb", "population": null, "postal_code": null, "wikidata": null}, "geometry": {"type": "Point", "coordinates": [85.2068041, 25.5873778]}}, {"type": "Feature", "properties": {"osm_id": 3207479210, "osm_type": "node", "name": "Fatuha", "name_hi": "\u092b\u0924\u0941\u0939\u093e", "name_en": "Fatwah", "place": "town", "population": 38360, "postal_code": null, "wikidata": "Q1924604"}, "geometry": {"type": "Point", "coordinates": [85.3099134, 25.5085264]}}, {"type": "Feature", "properties": {"osm_id": 3632379263, "osm_type": "node", "name": "Khesari Chowk", "name_hi": null, "name_en": null, "place": "locality", "population": null, "postal_code": null, "wikidata": null}, "geometry": {"type": "Point", "coordinates": [85.0959745, 26.3575585]}}, {"type": "Feature", "properties": {"osm_id": 3690782715, "osm_type": "node", "name": "Walmi Complex", "name_hi": null, "name_en": null, "place": "neighbourhood", "population": null, "postal_code": null, "wikidata": null}, "geometry": {"type": "Point", "coordinates": [85.0462035, 25.570235]}}, {"type": "Feature", "properties": {"osm_id": 3869238654, "osm_type": "node", "name": "Pawapuri", "name_hi": "\u092a\u093e\u0935\u093e\u092a\u0941\u0930\u0940", "name_en": null, "place": "town", "population": null, "postal_code": null, "wikidata": null}, "geometry": {"type": "Point", "coordinates": [85.5338614, 25.0890236]}}, {"type": "Feature", "properties": {"osm_id": 3870851860, "osm_type": "node", "name": "Deodha", "name_hi": null, "name_en": null, "place": "village", "population": null, "postal_code": null, "wikidata": null}, "geometry": {"type": "Point", "coordinates": [85.5104709, 25.1550091]}}, {"type": "Feature", "properties": {"osm_id": 3870851861, "osm_type": "node", "name": "Kasimchak", "name_hi": null, "name_en": null, "place": "village", "population": null, "postal_code": null, "wikidata": null}, "geometry": {"type": "Point", "coordinates": [85.5133166, 25.1496487]}}, {"type": "Feature", "properties": {"osm_id": 3906229371, "osm_type": "node", "name": "Goldinganj", "name_hi": null, "name_en": null, "place": "village", "population": null, "postal_code": null, "wikidata": null}, "geometry": {"type": "Point", "coordinates": [84.8301113, 25.7510657]}}, {"type": "Feature", "properties": {"osm_id": 3906434969, "osm_type": "node", "name": "Sarai", "name_hi": "\u0938\u0930\u093e\u092f", "name_en": null, "place": "town", "population": null, "postal_code": null, "wikidata": null}, "geometry": {"type": "Point", "coordinates": [85.2755674, 25.7823923]}}, {"type": "Feature", "properties": {"osm_id": 3906487988, "osm_type": "node", "name": "Bhagwanpur", "name_hi": "\u092d\u0917\u0935\u093e\u0928\u092a\u0941\u0930", "name_en": null, "place": "town", "population": null, "postal_code": null, "wikidata": "Q19882298"}, "geometry": {"type": "Point", "coordinates": [85.2978356, 25.8577385]}}, {"type": "Feature", "properties": {"osm_id": 3906528288, "osm_type": "node", "name": "Kurhani", "name_hi": "\u0915\u0941\u0922\u093c\u0928\u0940", "name_en": null, "place": "town", "population": null, "postal_code": null, "wikidata": null}, "geometry": {"type": "Point", "coordinates": [85.3374483, 25.9806204]}}, {"type": "Feature", "properties": {"osm_id": 3995412715, "osm_type": "node", "name": "Balat", "name_hi": null, "name_en": null, "place": "village", "population": null, "postal_code": null, "wikidata": null}, "geometry": {"type": "Point", "coordinates": [85.9669859, 26.3277526]}}, {"type": "Feature", "properties": {"osm_id": 4002518560, "osm_type": "node", "name": "Masarh", "name_hi": null, "name_en": null, "place": "village", "population": null, "postal_code": null, "wikidata": null}, "geometry": {"type": "Point", "coordinates": [84.5761108, 25.5573861]}}, {"type": "Feature", "properties": {"osm_id": 4002518604, "osm_type": "node", "name": "Jamira", "name_hi": null, "name_en": null, "place": "village", "population": null, "postal_code": null, "wikidata": null}, "geometry": {"type": "Point", "coordinates": [84.7066343, 25.5538447]}}, {"type": "Feature", "properties": {"osm_id": 4027415289, "osm_type": "node", "name": "Benipatti", "name_hi": "\u092c\u0947\u0928\u0940\u092a\u091f\u094d\u091f\u0940", "name_en": null, "place": "town", "population": null, "postal_code": "847223", "wikidata": null}, "geometry": {"type": "Point", "coordinates": [85.9027054, 26.4433519]}}, {"type": "Feature", "properties": {"osm_id": 4248552874, "osm_type": "node", "name": "Baragaon", "name_hi": null, "name_en": null, "place": "village", "population": null, "postal_code": null, "wikidata": null}, "geometry": {"type": "Point", "coordinates": [85.4447506, 25.1420799]}}, {"type": "Feature", "properties": {"osm_id": 4248552875, "osm_type": "node", "name": "Bhagwanpur", "name_hi": null, "name_en": null, "place": "village", "population": null, "postal_code": null, "wikidata": null}, "geometry": {"type": "Point", "coordinates": [85.4312645, 25.1445322]}}, {"type": "Feature", "properties": {"osm_id": 4248552877, "osm_type": "node", "name": "Kapatia", "name_hi": null, "name_en": null, "place": "village", "population": null, "postal_code": null, "wikidata": null}, "geometry": {"type": "Point", "coordinates": [85.4461454, 25.1324157]}}, {"type": "Feature", "properties": {"osm_id": 4248552878, "osm_type": "node", "name": "Nona", "name_hi": null, "name_en": null, "place": "village", "population": null, "postal_code": null, "wikidata": null}, "geometry": {"type": "Point", "coordinates": [85.4468588, 25.1229451]}}, {"type": "Feature", "properties": {"osm_id": 4248552879, "osm_type": "node", "name": "Saril Chak", "name_hi": null, "name_en": null, "place": "village", "population": null, "postal_code": null, "wikidata": null}, "geometry": {"type": "Point", "coordinates": [85.4526685, 25.1346012]}}, {"type": "Feature", "properties": {"osm_id": 4569957787, "osm_type": "node", "name": "Rajagirha", "name_hi": null, "name_en": null, "place": "locality", "population": null, "postal_code": null, "wikidata": null}, "geometry": {"type": "Point", "coordinates": [85.4222411, 25.0020647]}}, {"type": "Feature", "properties": {"osm_id": 4874580448, "osm_type": "node", "name": "Dhangawan", "name_hi": null, "name_en": null, "place": "village", "population": null, "postal_code": null, "wikidata": null}, "geometry": {"type": "Point", "coordinates": [85.0153607, 25.212588]}}, {"type": "Feature", "properties": {"osm_id": 5790685251, "osm_type": "node", "name": null, "name_hi": null, "name_en": null, "place": "village", "population": null, "postal_code": null, "wikidata": null}, "geometry": {"type": "Point", "coordinates": [85.858342, 26.391132]}}, {"type": "Feature", "properties": {"osm_id": 5974051645, "osm_type": "node", "name": "Raghopur Island", "name_hi": null, "name_en": null, "place": "island", "population": null, "postal_code": null, "wikidata": null}, "geometry": {"type": "Point", "coordinates": [85.3680703, 25.5616766]}}, {"type": "Feature", "properties": {"osm_id": 5977591387, "osm_type": "node", "name": "Chapra Dharampur Jaddu", "name_hi": "\u091b\u092a\u0930\u093e \u0927\u0930\u092e\u092a\u0941\u0930 \u091c\u0921\u094d\u0921\u0942", "name_en": null, "place": "village", "population": 3341, "postal_code": null, "wikidata": null}, "geometry": {"type": "Point", "coordinates": [85.3306502, 26.1729707]}}, {"type": "Feature", "properties": {"osm_id": 5987260107, "osm_type": "node", "name": "Shahbazpur", "name_hi": "\u0936\u0939\u092c\u093e\u091c\u093c\u092a\u0941\u0930", "name_en": null, "place": "village", "population": 2689, "postal_code": null, "wikidata": null}, "geometry": {"type": "Point", "coordinates": [85.3208913, 26.1642268]}}, {"type": "Feature", "properties": {"osm_id": 5987260184, "osm_type": "node", "name": "Sirsian", "name_hi": "\u0938\u093f\u0930\u094d\u0938\u093f\u092f\u0928", "name_en": null, "place": "village", "population": 635, "postal_code": null, "wikidata": null}, "geometry": {"type": "Point", "coordinates": [85.3180649, 26.1742265]}}, {"type": "Feature", "properties": {"osm_id": 5987281212, "osm_type": "node", "name": "Bariarpur", "name_hi": "\u092c\u0930\u093f\u0906\u0930\u092a\u0941\u0930", "name_en": "Bariarpur", "place": "village", "population": 1694, "postal_code": null, "wikidata": null}, "geometry": {"type": "Point", "coordinates": [85.317151, 26.1885038]}}, {"type": "Feature", "properties": {"osm_id": 5987298666, "osm_type": "node", "name": "Narsanda", "name_hi": "\u0928\u0930\u0938\u0902\u0926\u093e", "name_en": null, "place": "village", "population": 1046, "postal_code": null, "wikidata": null}, "geometry": {"type": "Point", "coordinates": [85.3179311, 26.193135]}}, {"type": "Feature", "properties": {"osm_id": 5987323064, "osm_type": "node", "name": "Dhamauli Ramnath", "name_hi": "\u0927\u092e\u094c\u0932\u0940 \u0930\u093e\u092e\u0928\u093e\u0925", "name_en": null, "place": "village", "population": 18750, "postal_code": null, "wikidata": null}, "geometry": {"type": "Point", "coordinates": [85.3390778, 26.1965041]}}, {"type": "Feature", "properties": {"osm_id": 5987372847, "osm_type": "node", "name": "Lashkaripur", "name_hi": "\u0932\u093e\u0936\u094d\u0915\u093e\u0930\u093f\u092a\u0941\u0930", "name_en": null, "place": "village", "population": 2588, "postal_code": null, "wikidata": null}, "geometry": {"type": "Point", "coordinates": [85.344154, 26.1784816]}}, {"type": "Feature", "properties": {"osm_id": 6132431688, "osm_type": "node", "name": "Giddha", "name_hi": null, "name_en": null, "place": "village", "population": null, "postal_code": null, "wikidata": null}, "geometry": {"type": "Point", "coordinates": [84.7471189, 25.5877753]}}, {"type": "Feature", "properties": {"osm_id": 6208064168, "osm_type": "node", "name": "Mansurchak", "name_hi": null, "name_en": null, "place": "town", "population": 5039, "postal_code": "851128", "wikidata": "Q60050945"}, "geometry": {"type": "Point", "coordinates": [85.9194487, 25.6235019]}}, {"type": "Feature", "properties": {"osm_id": 6265743025, "osm_type": "node", "name": "Chirand", "name_hi": null, "name_en": null, "place": "village", "population": null, "postal_code": null, "wikidata": "Q19672252"}, "geometry": {"type": "Point", "coordinates": [84.8246123, 25.7360148]}}, {"type": "Feature", "properties": {"osm_id": 6497753525, "osm_type": "node", "name": "Salimabaad Phulhara", "name_hi": null, "name_en": null, "place": "village", "population": null, "postal_code": null, "wikidata": null}, "geometry": {"type": "Point", "coordinates": [85.2167271, 25.754662]}}, {"type": "Feature", "properties": {"osm_id": 6532064755, "osm_type": "node", "name": "Samsa", "name_hi": null, "name_en": null, "place": "village", "population": 15000, "postal_code": null, "wikidata": null}, "geometry": {"type": "Point", "coordinates": [85.932008, 25.623068]}}, {"type": "Feature", "properties": {"osm_id": 6624378225, "osm_type": "node", "name": "Sahebganj", "name_hi": null, "name_en": null, "place": "village", "population": null, "postal_code": null, "wikidata": "Q7399570"}, "geometry": {"type": "Point", "coordinates": [84.9280071, 26.2979358]}}, {"type": "Feature", "properties": {"osm_id": 6837495229, "osm_type": "node", "name": "Raghopur", "name_hi": null, "name_en": null, "place": "village", "population": null, "postal_code": null, "wikidata": null}, "geometry": {"type": "Point", "coordinates": [85.375959, 25.5389204]}}, {"type": "Feature", "properties": {"osm_id": 6939858386, "osm_type": "node", "name": "Tataria, (Mehsi Subdivision)", "name_hi": null, "name_en": null, "place": "village", "population": null, "postal_code": null, "wikidata": null}, "geometry": {"type": "Point", "coordinates": [85.1873016, 26.3995195]}}, {"type": "Feature", "properties": {"osm_id": 6942570885, "osm_type": "node", "name": "Tariani Chowk", "name_hi": null, "name_en": null, "place": "village", "population": null, "postal_code": null, "wikidata": null}, "geometry": {"type": "Point", "coordinates": [85.3291797, 26.4013646]}}, {"type": "Feature", "properties": {"osm_id": 6942570985, "osm_type": "node", "name": "Dumri Katsari", "name_hi": null, "name_en": null, "place": "village", "population": null, "postal_code": null, "wikidata": null}, "geometry": {"type": "Point", "coordinates": [85.253638, 26.4697711]}}, {"type": "Feature", "properties": {"osm_id": 6942768386, "osm_type": "node", "name": "Sidhwalia", "name_hi": null, "name_en": null, "place": "village", "population": null, "postal_code": null, "wikidata": null}, "geometry": {"type": "Point", "coordinates": [84.6653974, 26.3316723]}}, {"type": "Feature", "properties": {"osm_id": 6942842785, "osm_type": "node", "name": "Baikunthpur", "name_hi": null, "name_en": null, "place": "village", "population": null, "postal_code": null, "wikidata": null}, "geometry": {"type": "Point", "coordinates": [84.7845089, 26.2770427]}}, {"type": "Feature", "properties": {"osm_id": 6942842805, "osm_type": "node", "name": "Barauli", "name_hi": null, "name_en": null, "place": "village", "population": null, "postal_code": null, "wikidata": null}, "geometry": {"type": "Point", "coordinates": [84.5867014, 26.3826047]}}, {"type": "Feature", "properties": {"osm_id": 6943358585, "osm_type": "node", "name": "Bhagwanpur Hat", "name_hi": null, "name_en": null, "place": "village", "population": null, "postal_code": null, "wikidata": null}, "geometry": {"type": "Point", "coordinates": [84.6791732, 26.0979121]}}, {"type": "Feature", "properties": {"osm_id": 6943359195, "osm_type": "node", "name": "Lakri Nabiganj", "name_hi": null, "name_en": null, "place": "village", "population": null, "postal_code": null, "wikidata": null}, "geometry": {"type": "Point", "coordinates": [84.693861, 26.2322618]}}, {"type": "Feature", "properties": {"osm_id": 6945038585, "osm_type": "node", "name": "Runisaidpur", "name_hi": null, "name_en": null, "place": "village", "population": null, "postal_code": null, "wikidata": null}, "geometry": {"type": "Point", "coordinates": [85.5056691, 26.3917159]}}, {"type": "Feature", "properties": {"osm_id": 6945038601, "osm_type": "node", "name": "Bokhara", "name_hi": null, "name_en": null, "place": "village", "population": null, "postal_code": null, "wikidata": null}, "geometry": {"type": "Point", "coordinates": [85.6602287, 26.3655144]}}, {"type": "Feature", "properties": {"osm_id": 6945040899, "osm_type": "node", "name": "Nanpur", "name_hi": null, "name_en": null, "place": "village", "population": null, "postal_code": null, "wikidata": null}, "geometry": {"type": "Point", "coordinates": [85.6647563, 26.4403163]}}, {"type": "Feature", "properties": {"osm_id": 6945314489, "osm_type": "node", "name": "Marwan", "name_hi": null, "name_en": null, "place": "village", "population": null, "postal_code": null, "wikidata": null}, "geometry": {"type": "Point", "coordinates": [85.2582192, 26.107065]}}, {"type": "Feature", "properties": {"osm_id": 6945374410, "osm_type": "node", "name": "Saraiya", "name_hi": null, "name_en": null, "place": "village", "population": null, "postal_code": null, "wikidata": null}, "geometry": {"type": "Point", "coordinates": [85.1493323, 26.0351042]}}, {"type": "Feature", "properties": {"osm_id": 6945382437, "osm_type": "node", "name": "Paroo", "name_hi": null, "name_en": null, "place": "village", "population": null, "postal_code": null, "wikidata": null}, "geometry": {"type": "Point", "coordinates": [85.0707864, 26.0913217]}}, {"type": "Feature", "properties": {"osm_id": 6945382481, "osm_type": "node", "name": "Baruraj (Motipur)", "name_hi": null, "name_en": null, "place": "village", "population": null, "postal_code": null, "wikidata": null}, "geometry": {"type": "Point", "coordinates": [85.116148, 26.2619669]}}, {"type": "Feature", "properties": {"osm_id": 6945588096, "osm_type": "node", "name": "Dholi", "name_hi": "\u0922\u094b\u0932\u0940", "name_en": null, "place": "village", "population": null, "postal_code": null, "wikidata": null}, "geometry": {"type": "Point", "coordinates": [85.6052196, 25.9971128]}}, {"type": "Feature", "properties": {"osm_id": 6945588275, "osm_type": "node", "name": "Bandra", "name_hi": null, "name_en": null, "place": "village", "population": null, "postal_code": null, "wikidata": null}, "geometry": {"type": "Point", "coordinates": [85.6320655, 26.0675388]}}, {"type": "Feature", "properties": {"osm_id": 6945594211, "osm_type": "node", "name": "Gaighat", "name_hi": null, "name_en": null, "place": "village", "population": null, "postal_code": null, "wikidata": null}, "geometry": {"type": "Point", "coordinates": [85.6541347, 26.1337872]}}, {"type": "Feature", "properties": {"osm_id": 6945931986, "osm_type": "node", "name": "Marhaura", "name_hi": null, "name_en": null, "place": "town", "population": null, "postal_code": null, "wikidata": null}, "geometry": {"type": "Point", "coordinates": [84.8562955, 25.9662632]}}, {"type": "Feature", "properties": {"osm_id": 6945941795, "osm_type": "node", "name": "Taraiya", "name_hi": null, "name_en": null, "place": "town", "population": null, "postal_code": null, "wikidata": null}, "geometry": {"type": "Point", "coordinates": [84.8845124, 26.0726658]}}, {"type": "Feature", "properties": {"osm_id": 6946023392, "osm_type": "node", "name": "Dariapur", "name_hi": null, "name_en": null, "place": "village", "population": null, "postal_code": null, "wikidata": null}, "geometry": {"type": "Point", "coordinates": [85.0326133, 25.8217194]}}, {"type": "Feature", "properties": {"osm_id": 6946023602, "osm_type": "node", "name": "Parsa", "name_hi": null, "name_en": null, "place": "village", "population": null, "postal_code": null, "wikidata": null}, "geometry": {"type": "Point", "coordinates": [85.0263798, 25.8865332]}}, {"type": "Feature", "properties": {"osm_id": 6946024001, "osm_type": "node", "name": "Maker", "name_hi": null, "name_en": null, "place": "town", "population": null, "postal_code": null, "wikidata": null}, "geometry": {"type": "Point", "coordinates": [85.0308216, 25.9587971]}}, {"type": "Feature", "properties": {"osm_id": 6948197107, "osm_type": "node", "name": "Paterhi Belsar", "name_hi": null, "name_en": null, "place": "village", "population": null, "postal_code": null, "wikidata": null}, "geometry": {"type": "Point", "coordinates": [85.2268266, 25.984203]}}, {"type": "Feature", "properties": {"osm_id": 6948197701, "osm_type": "node", "name": "Chehra Kalan", "name_hi": null, "name_en": null, "place": "village", "population": null, "postal_code": null, "wikidata": null}, "geometry": {"type": "Point", "coordinates": [85.3810215, 25.8866586]}}, {"type": "Feature", "properties": {"osm_id": 6948483598, "osm_type": "node", "name": "Sahdai Buzurg", "name_hi": null, "name_en": null, "place": "village", "population": null, "postal_code": null, "wikidata": null}, "geometry": {"type": "Point", "coordinates": [85.4596853, 25.6616236]}}, {"type": "Feature", "properties": {"osm_id": 6948524595, "osm_type": "node", "name": "Mahnar", "name_hi": null, "name_en": null, "place": "town", "population": null, "postal_code": null, "wikidata": null}, "geometry": {"type": "Point", "coordinates": [85.4840612, 25.6069915]}}, {"type": "Feature", "properties": {"osm_id": 6948587885, "osm_type": "node", "name": "Raja Pakar", "name_hi": null, "name_en": null, "place": "village", "population": 120221, "postal_code": null, "wikidata": null}, "geometry": {"type": "Point", "coordinates": [85.3520162, 25.7458083]}}, {"type": "Feature", "properties": {"osm_id": 6948597300, "osm_type": "node", "name": "Bidupur", "name_hi": null, "name_en": null, "place": "village", "population": null, "postal_code": null, "wikidata": null}, "geometry": {"type": "Point", "coordinates": [85.3236759, 25.6508017]}}, {"type": "Feature", "properties": {"osm_id": 6948597992, "osm_type": "node", "name": "Desri", "name_hi": null, "name_en": null, "place": "town", "population": null, "postal_code": null, "wikidata": null}, "geometry": {"type": "Point", "coordinates": [85.4073822, 25.6690021]}}, {"type": "Feature", "properties": {"osm_id": 6948598485, "osm_type": "node", "name": "Patepur", "name_hi": null, "name_en": null, "place": "village", "population": null, "postal_code": null, "wikidata": null}, "geometry": {"type": "Point", "coordinates": [85.5446255, 25.8741003]}}, {"type": "Feature", "properties": {"osm_id": 6949006303, "osm_type": "node", "name": "Sampatchak", "name_hi": null, "name_en": null, "place": "town", "population": null, "postal_code": null, "wikidata": null}, "geometry": {"type": "Point", "coordinates": [85.1767981, 25.5400698]}}, {"type": "Feature", "properties": {"osm_id": 6951193885, "osm_type": "node", "name": "Paliganj", "name_hi": "\u092a\u093e\u0932\u0940\u0917\u0902\u091c", "name_en": null, "place": "city", "population": 254904, "postal_code": null, "wikidata": null}, "geometry": {"type": "Point", "coordinates": [84.8021793, 25.326397]}}, {"type": "Feature", "properties": {"osm_id": 6951193902, "osm_type": "node", "name": "Dulhin Bazar", "name_hi": null, "name_en": null, "place": "village", "population": null, "postal_code": null, "wikidata": null}, "geometry": {"type": "Point", "coordinates": [84.8581838, 25.3838904]}}, {"type": "Feature", "properties": {"osm_id": 6951363285, "osm_type": "node", "name": "Ghoswari", "name_hi": null, "name_en": null, "place": "village", "population": null, "postal_code": null, "wikidata": null}, "geometry": {"type": "Point", "coordinates": [85.8920038, 25.3588507]}}, {"type": "Feature", "properties": {"osm_id": 6951363296, "osm_type": "node", "name": "Pandarak", "name_hi": null, "name_en": null, "place": "village", "population": null, "postal_code": null, "wikidata": null}, "geometry": {"type": "Point", "coordinates": [85.8044886, 25.4929264]}}, {"type": "Feature", "properties": {"osm_id": 6951364500, "osm_type": "node", "name": "Daniawan", "name_hi": null, "name_en": null, "place": "village", "population": null, "postal_code": null, "wikidata": null}, "geometry": {"type": "Point", "coordinates": [85.2922511, 25.4372871]}}, {"type": "Feature", "properties": {"osm_id": 6951364603, "osm_type": "node", "name": "Belchhi", "name_hi": null, "name_en": null, "place": "village", "population": null, "postal_code": null, "wikidata": null}, "geometry": {"type": "Point", "coordinates": [85.6579542, 25.3574837]}}, {"type": "Feature", "properties": {"osm_id": 6951364676, "osm_type": "node", "name": "Dhanarua", "name_hi": null, "name_en": null, "place": "village", "population": null, "postal_code": null, "wikidata": null}, "geometry": {"type": "Point", "coordinates": [85.1298273, 25.3597232]}}, {"type": "Feature", "properties": {"osm_id": 6951373287, "osm_type": "node", "name": "Khusrupur", "name_hi": null, "name_en": null, "place": "town", "population": null, "postal_code": null, "wikidata": null}, "geometry": {"type": "Point", "coordinates": [85.3852701, 25.4832224]}}, {"type": "Feature", "properties": {"osm_id": 6952158702, "osm_type": "node", "name": "Barhara", "name_hi": null, "name_en": null, "place": "village", "population": null, "postal_code": null, "wikidata": null}, "geometry": {"type": "Point", "coordinates": [84.7269165, 25.6823991]}}, {"type": "Feature", "properties": {"osm_id": 6952304440, "osm_type": "node", "name": "Sandesh", "name_hi": null, "name_en": null, "place": "village", "population": null, "postal_code": null, "wikidata": null}, "geometry": {"type": "Point", "coordinates": [84.7402954, 25.4042246]}}, {"type": "Feature", "properties": {"osm_id": 6952362000, "osm_type": "node", "name": "Agiaon", "name_hi": null, "name_en": null, "place": "village", "population": null, "postal_code": null, "wikidata": null}, "geometry": {"type": "Point", "coordinates": [84.6096396, 25.3777448]}}, {"type": "Feature", "properties": {"osm_id": 6955864768, "osm_type": "node", "name": "Haspura", "name_hi": null, "name_en": null, "place": "village", "population": null, "postal_code": null, "wikidata": null}, "geometry": {"type": "Point", "coordinates": [84.5473802, 25.0597494]}}, {"type": "Feature", "properties": {"osm_id": 6956799785, "osm_type": "node", "name": "Kurtha", "name_hi": null, "name_en": null, "place": "town", "population": null, "postal_code": null, "wikidata": null}, "geometry": {"type": "Point", "coordinates": [84.8114919, 25.1197197]}}, {"type": "Feature", "properties": {"osm_id": 6956799786, "osm_type": "node", "name": "Sonbhadra", "name_hi": null, "name_en": null, "place": "village", "population": null, "postal_code": null, "wikidata": null}, "geometry": {"type": "Point", "coordinates": [84.7230005, 25.1249264]}}, {"type": "Feature", "properties": {"osm_id": 6961296685, "osm_type": "node", "name": "Hulasganj", "name_hi": null, "name_en": null, "place": "village", "population": null, "postal_code": null, "wikidata": null}, "geometry": {"type": "Point", "coordinates": [85.1478517, 25.0835001]}}, {"type": "Feature", "properties": {"osm_id": 6961296686, "osm_type": "node", "name": "Ghoshi", "name_hi": null, "name_en": null, "place": "village", "population": null, "postal_code": null, "wikidata": null}, "geometry": {"type": "Point", "coordinates": [85.1018357, 25.1726891]}}, {"type": "Feature", "properties": {"osm_id": 6961296687, "osm_type": "node", "name": "Modanganj", "name_hi": null, "name_en": null, "place": "village", "population": null, "postal_code": null, "wikidata": null}, "geometry": {"type": "Point", "coordinates": [85.1421761, 25.2423475]}}, {"type": "Feature", "properties": {"osm_id": 6961296688, "osm_type": "node", "name": "Ratni Faridpur", "name_hi": null, "name_en": null, "place": "village", "population": null, "postal_code": null, "wikidata": null}, "geometry": {"type": "Point", "coordinates": [84.8565101, 25.1513837]}}, {"type": "Feature", "properties": {"osm_id": 6961331139, "osm_type": "node", "name": "Nagarnausa", "name_hi": "\u0928\u0917\u0930\u0928\u094c\u0938\u093e", "name_en": null, "place": "town", "population": null, "postal_code": null, "wikidata": "Q15650006"}, "geometry": {"type": "Point", "coordinates": [85.3439641, 25.3962968]}}, {"type": "Feature", "properties": {"osm_id": 6961331508, "osm_type": "node", "name": "Karai Parsurai", "name_hi": null, "name_en": null, "place": "town", "population": null, "postal_code": null, "wikidata": null}, "geometry": {"type": "Point", "coordinates": [85.2731323, 25.3792764]}}, {"type": "Feature", "properties": {"osm_id": 6961331988, "osm_type": "node", "name": "Bind", "name_hi": null, "name_en": null, "place": "village", "population": null, "postal_code": null, "wikidata": null}, "geometry": {"type": "Point", "coordinates": [85.6865358, 25.3036636]}}, {"type": "Feature", "properties": {"osm_id": 6961347486, "osm_type": "node", "name": "Rahui", "name_hi": null, "name_en": null, "place": "village", "population": null, "postal_code": null, "wikidata": null}, "geometry": {"type": "Point", "coordinates": [85.5550754, 25.2730677]}}, {"type": "Feature", "properties": {"osm_id": 6961641208, "osm_type": "node", "name": "Parbalpur", "name_hi": null, "name_en": null, "place": "village", "population": null, "postal_code": null, "wikidata": null}, "geometry": {"type": "Point", "coordinates": [85.3661942, 25.2083969]}}, {"type": "Feature", "properties": {"osm_id": 6961641221, "osm_type": "node", "name": "Tharthari", "name_hi": null, "name_en": null, "place": "village", "population": null, "postal_code": null, "wikidata": null}, "geometry": {"type": "Point", "coordinates": [85.3937673, 25.2853303]}}, {"type": "Feature", "properties": {"osm_id": 6961697786, "osm_type": "node", "name": "Kashi Chak", "name_hi": null, "name_en": null, "place": "village", "population": null, "postal_code": null, "wikidata": null}, "geometry": {"type": "Point", "coordinates": [85.7165658, 25.0700607]}}, {"type": "Feature", "properties": {"osm_id": 6964211185, "osm_type": "node", "name": "Chewara", "name_hi": null, "name_en": null, "place": "village", "population": null, "postal_code": null, "wikidata": null}, "geometry": {"type": "Point", "coordinates": [85.9276771, 25.076387]}}, {"type": "Feature", "properties": {"osm_id": 6964211385, "osm_type": "node", "name": "Ariari", "name_hi": null, "name_en": null, "place": "village", "population": null, "postal_code": null, "wikidata": null}, "geometry": {"type": "Point", "coordinates": [85.8569955, 25.0448592]}}, {"type": "Feature", "properties": {"osm_id": 6964211699, "osm_type": "node", "name": "Ghat Kusumbha", "name_hi": null, "name_en": null, "place": "village", "population": null, "postal_code": null, "wikidata": null}, "geometry": {"type": "Point", "coordinates": [85.9232569, 25.1859715]}}, {"type": "Feature", "properties": {"osm_id": 6964211903, "osm_type": "node", "name": "Shekhopur Sarai", "name_hi": null, "name_en": null, "place": "village", "population": null, "postal_code": null, "wikidata": null}, "geometry": {"type": "Point", "coordinates": [85.6837034, 25.1243435]}}, {"type": "Feature", "properties": {"osm_id": 6965836086, "osm_type": "node", "name": "Bachhwara", "name_hi": null, "name_en": null, "place": "village", "population": null, "postal_code": null, "wikidata": null}, "geometry": {"type": "Point", "coordinates": [85.8978509, 25.5775951]}}, {"type": "Feature", "properties": {"osm_id": 6966397787, "osm_type": "node", "name": "Ujiarpur", "name_hi": null, "name_en": null, "place": "village", "population": null, "postal_code": null, "wikidata": null}, "geometry": {"type": "Point", "coordinates": [85.8012056, 25.7806095]}}, {"type": "Feature", "properties": {"osm_id": 6966397788, "osm_type": "node", "name": "Dalsinghsarai", "name_hi": null, "name_en": null, "place": "town", "population": null, "postal_code": null, "wikidata": null}, "geometry": {"type": "Point", "coordinates": [85.8370292, 25.6682672]}}, {"type": "Feature", "properties": {"osm_id": 6966397789, "osm_type": "node", "name": "Patori", "name_hi": null, "name_en": null, "place": "town", "population": null, "postal_code": null, "wikidata": null}, "geometry": {"type": "Point", "coordinates": [85.5818546, 25.637464]}}, {"type": "Feature", "properties": {"osm_id": 6966397790, "osm_type": "node", "name": "Pusa", "name_hi": null, "name_en": null, "place": "village", "population": null, "postal_code": null, "wikidata": null}, "geometry": {"type": "Point", "coordinates": [85.6743264, 25.9857653]}}, {"type": "Feature", "properties": {"osm_id": 6966401785, "osm_type": "node", "name": "Vidyapati Nagar", "name_hi": null, "name_en": null, "place": "village", "population": null, "postal_code": null, "wikidata": null}, "geometry": {"type": "Point", "coordinates": [85.797826, 25.6059756]}}, {"type": "Feature", "properties": {"osm_id": 6966401786, "osm_type": "node", "name": "Sarairanjan", "name_hi": null, "name_en": null, "place": "village", "population": null, "postal_code": null, "wikidata": null}, "geometry": {"type": "Point", "coordinates": [85.7173919, 25.7688999]}}, {"type": "Feature", "properties": {"osm_id": 6966401787, "osm_type": "node", "name": "Mohiuddinagar", "name_hi": null, "name_en": null, "place": "village", "population": null, "postal_code": null, "wikidata": null}, "geometry": {"type": "Point", "coordinates": [85.6730604, 25.5731821]}}, {"type": "Feature", "properties": {"osm_id": 6966401788, "osm_type": "node", "name": "Mohanpur", "name_hi": null, "name_en": null, "place": "village", "population": null, "postal_code": null, "wikidata": null}, "geometry": {"type": "Point", "coordinates": [85.5755996, 25.5681495]}}, {"type": "Feature", "properties": {"osm_id": 6966401790, "osm_type": "node", "name": "Warisnagar", "name_hi": null, "name_en": null, "place": "village", "population": null, "postal_code": null, "wikidata": null}, "geometry": {"type": "Point", "coordinates": [85.8737754, 25.9421849]}}, {"type": "Feature", "properties": {"osm_id": 6966401791, "osm_type": "node", "name": "Kalyanpur", "name_hi": null, "name_en": null, "place": "village", "population": null, "postal_code": null, "wikidata": null}, "geometry": {"type": "Point", "coordinates": [85.7784819, 25.9568485]}}, {"type": "Feature", "properties": {"osm_id": 6966401885, "osm_type": "node", "name": "Morwa", "name_hi": null, "name_en": null, "place": "village", "population": null, "postal_code": null, "wikidata": null}, "geometry": {"type": "Point", "coordinates": [85.6810855, 25.8033299]}}, {"type": "Feature", "properties": {"osm_id": 6966401985, "osm_type": "node", "name": "Khanpur", "name_hi": null, "name_en": null, "place": "village", "population": null, "postal_code": null, "wikidata": null}, "geometry": {"type": "Point", "coordinates": [85.9347582, 25.8619654]}}, {"type": "Feature", "properties": {"osm_id": 6967295438, "osm_type": "node", "name": "Singhwara", "name_hi": null, "name_en": null, "place": "village", "population": null, "postal_code": null, "wikidata": null}, "geometry": {"type": "Point", "coordinates": [85.734601, 26.1931438]}}, {"type": "Feature", "properties": {"osm_id": 6967295439, "osm_type": "node", "name": "Jale", "name_hi": "\u091c\u093e\u0932\u0947", "name_en": null, "place": "village", "population": null, "postal_code": null, "wikidata": null}, "geometry": {"type": "Point", "coordinates": [85.7268789, 26.3860288]}}, {"type": "Feature", "properties": {"osm_id": 6967295589, "osm_type": "node", "name": "Bahadurpur", "name_hi": null, "name_en": null, "place": "village", "population": null, "postal_code": null, "wikidata": null}, "geometry": {"type": "Point", "coordinates": [85.9095668, 26.1079707]}}, {"type": "Feature", "properties": {"osm_id": 6969732886, "osm_type": "node", "name": "Bisfi", "name_hi": null, "name_en": null, "place": "village", "population": null, "postal_code": null, "wikidata": null}, "geometry": {"type": "Point", "coordinates": [85.8827233, 26.3246142]}}, {"type": "Feature", "properties": {"osm_id": 7076996098, "osm_type": "node", "name": "Piania", "name_hi": "\u092a\u093f\u0905\u0928\u093f\u092f\u093e", "name_en": null, "place": "village", "population": 7000, "postal_code": null, "wikidata": null}, "geometry": {"type": "Point", "coordinates": [84.6548697, 25.4996471]}}, {"type": "Feature", "properties": {"osm_id": 7076996099, "osm_type": "node", "name": "Khalisa", "name_hi": "\u0916\u0932\u093f\u0938\u093e", "name_en": null, "place": "village", "population": null, "postal_code": null, "wikidata": null}, "geometry": {"type": "Point", "coordinates": [84.6801974, 25.4966534]}}, {"type": "Feature", "properties": {"osm_id": 7076996100, "osm_type": "node", "name": "Jainagar", "name_hi": "\u091c\u092f\u0928\u0917\u0930", "name_en": null, "place": "village", "population": null, "postal_code": null, "wikidata": null}, "geometry": {"type": "Point", "coordinates": [84.6508253, 25.4887716]}}, {"type": "Feature", "properties": {"osm_id": 7077037104, "osm_type": "node", "name": "Deoria", "name_hi": "\u0926\u0947\u0935\u0930\u093f\u092f\u093e", "name_en": null, "place": "village", "population": null, "postal_code": null, "wikidata": null}, "geometry": {"type": "Point", "coordinates": [84.6427941, 25.5072738]}}, {"type": "Feature", "properties": {"osm_id": 7077146375, "osm_type": "node", "name": "Kharauni", "name_hi": "\u0916\u0930\u094c\u0928\u0940", "name_en": null, "place": "village", "population": null, "postal_code": null, "wikidata": null}, "geometry": {"type": "Point", "coordinates": [84.6519246, 25.4801826]}}, {"type": "Feature", "properties": {"osm_id": 7077146376, "osm_type": "node", "name": "Sarathua", "name_hi": "\u0938\u0930\u0925\u0941\u0906", "name_en": null, "place": "village", "population": null, "postal_code": null, "wikidata": null}, "geometry": {"type": "Point", "coordinates": [84.6686992, 25.4772597]}}, {"type": "Feature", "properties": {"osm_id": 7077146377, "osm_type": "node", "name": "Belaur", "name_hi": "\u092c\u0947\u0932\u093e\u0909\u0930", "name_en": null, "place": "village", "population": null, "postal_code": null, "wikidata": null}, "geometry": {"type": "Point", "coordinates": [84.6381674, 25.4475488]}}, {"type": "Feature", "properties": {"osm_id": 7077146380, "osm_type": "node", "name": "Khajuata", "name_hi": "\u0916\u091c\u0941\u0906\u0924\u093e", "name_en": null, "place": "village", "population": null, "postal_code": null, "wikidata": null}, "geometry": {"type": "Point", "coordinates": [84.6516595, 25.5109339]}}, {"type": "Feature", "properties": {"osm_id": 7077146382, "osm_type": "node", "name": "Ekauna", "name_hi": "\u090f\u0915\u094c\u0928\u093e", "name_en": null, "place": "village", "population": null, "postal_code": null, "wikidata": null}, "geometry": {"type": "Point", "coordinates": [84.6446267, 25.5206882]}}, {"type": "Feature", "properties": {"osm_id": 7077146383, "osm_type": "node", "name": "Bajaruha", "name_hi": "\u092c\u091c\u0930\u0941\u0939\u093e", "name_en": null, "place": "village", "population": null, "postal_code": null, "wikidata": null}, "geometry": {"type": "Point", "coordinates": [84.6375885, 25.4991]}}, {"type": "Feature", "properties": {"osm_id": 7077146384, "osm_type": "node", "name": "Sevgaar", "name_hi": "\u0938\u0947\u0935\u0917\u093e\u0930", "name_en": null, "place": "village", "population": null, "postal_code": null, "wikidata": null}, "geometry": {"type": "Point", "coordinates": [84.6385633, 25.4899328]}}, {"type": "Feature", "properties": {"osm_id": 7077157185, "osm_type": "node", "name": "Sundara", "name_hi": "\u0938\u0941\u0928\u0930\u093e", "name_en": null, "place": "village", "population": null, "postal_code": null, "wikidata": null}, "geometry": {"type": "Point", "coordinates": [84.6817631, 25.4842544]}}, {"type": "Feature", "properties": {"osm_id": 7077157186, "osm_type": "node", "name": "Jogta", "name_hi": "\u091c\u094b\u0917\u091f\u093e", "name_en": null, "place": "village", "population": null, "postal_code": null, "wikidata": null}, "geometry": {"type": "Point", "coordinates": [84.7038358, 25.4891811]}}, {"type": "Feature", "properties": {"osm_id": 7077157187, "osm_type": "node", "name": "Bakri", "name_hi": "\u092c\u0915\u0930\u0940", "name_en": null, "place": "village", "population": null, "postal_code": null, "wikidata": null}, "geometry": {"type": "Point", "coordinates": [84.6696413, 25.5147254]}}, {"type": "Feature", "properties": {"osm_id": 7077324697, "osm_type": "node", "name": "Sakhua", "name_hi": "\u0938\u0916\u0941\u0906", "name_en": null, "place": "village", "population": null, "postal_code": null, "wikidata": null}, "geometry": {"type": "Point", "coordinates": [84.6433567, 25.4763392]}}, {"type": "Feature", "properties": {"osm_id": 7108490094, "osm_type": "node", "name": "Bakhorapur (West)", "name_hi": null, "name_en": null, "place": "village", "population": null, "postal_code": null, "wikidata": null}, "geometry": {"type": "Point", "coordinates": [84.6863293, 25.6678864]}}, {"type": "Feature", "properties": {"osm_id": 7113755175, "osm_type": "node", "name": "Balua", "name_hi": null, "name_en": null, "place": "village", "population": null, "postal_code": null, "wikidata": null}, "geometry": {"type": "Point", "coordinates": [85.3933811, 26.3768377]}}, {"type": "Feature", "properties": {"osm_id": 7119258773, "osm_type": "node", "name": "Lahladpur", "name_hi": null, "name_en": null, "place": "village", "population": null, "postal_code": null, "wikidata": null}, "geometry": {"type": "Point", "coordinates": [84.6085131, 26.0603394]}}, {"type": "Feature", "properties": {"osm_id": 7119258774, "osm_type": "node", "name": "Jalalpur", "name_hi": null, "name_en": null, "place": "village", "population": null, "postal_code": null, "wikidata": null}, "geometry": {"type": "Point", "coordinates": [84.696629, 25.9039928]}}, {"type": "Feature", "properties": {"osm_id": 7119617771, "osm_type": "node", "name": "Ben", "name_hi": null, "name_en": null, "place": "village", "population": null, "postal_code": null, "wikidata": null}, "geometry": {"type": "Point", "coordinates": [85.3610658, 25.1505291]}}, {"type": "Feature", "properties": {"osm_id": 7119617772, "osm_type": "node", "name": "Karpi", "name_hi": null, "name_en": null, "place": "village", "population": null, "postal_code": null, "wikidata": null}, "geometry": {"type": "Point", "coordinates": [84.7299099, 25.1615028]}}, {"type": "Feature", "properties": {"osm_id": 7119617773, "osm_type": "node", "name": "Panapur", "name_hi": null, "name_en": null, "place": "village", "population": null, "postal_code": null, "wikidata": null}, "geometry": {"type": "Point", "coordinates": [84.8523044, 26.1212072]}}, {"type": "Feature", "properties": {"osm_id": 7119638386, "osm_type": "node", "name": "Katrisarai", "name_hi": null, "name_en": null, "place": "village", "population": null, "postal_code": null, "wikidata": null}, "geometry": {"type": "Point", "coordinates": [85.6312179, 25.0931195]}}, {"type": "Feature", "properties": {"osm_id": 7119806297, "osm_type": "node", "name": "Panchobh", "name_hi": null, "name_en": null, "place": "village", "population": null, "postal_code": null, "wikidata": null}, "geometry": {"type": "Point", "coordinates": [85.8316541, 26.1281042]}}, {"type": "Feature", "properties": {"osm_id": 7211213640, "osm_type": "node", "name": "Priyadarshi Nagar", "name_hi": null, "name_en": null, "place": "suburb", "population": null, "postal_code": null, "wikidata": null}, "geometry": {"type": "Point", "coordinates": [85.0537287, 25.6103269]}}, {"type": "Feature", "properties": {"osm_id": 8382969229, "osm_type": "node", "name": "Neora", "name_hi": null, "name_en": null, "place": "village", "population": null, "postal_code": null, "wikidata": null}, "geometry": {"type": "Point", "coordinates": [84.9875629, 25.5761047]}}, {"type": "Feature", "properties": {"osm_id": 8506026686, "osm_type": "node", "name": "Jogiara", "name_hi": null, "name_en": null, "place": "village", "population": null, "postal_code": null, "wikidata": null}, "geometry": {"type": "Point", "coordinates": [85.7504314, 26.4074186]}}, {"type": "Feature", "properties": {"osm_id": 8936320219, "osm_type": "node", "name": "Kabauli", "name_hi": null, "name_en": null, "place": "village", "population": null, "postal_code": null, "wikidata": null}, "geometry": {"type": "Point", "coordinates": [85.0008367, 26.0332712]}}, {"type": "Feature", "properties": {"osm_id": 9061650500, "osm_type": "node", "name": "Banauli", "name_hi": null, "name_en": null, "place": "village", "population": null, "postal_code": null, "wikidata": null}, "geometry": {"type": "Point", "coordinates": [85.805347, 26.1413433]}}, {"type": "Feature", "properties": {"osm_id": 9061650501, "osm_type": "node", "name": "Simri", "name_hi": null, "name_en": null, "place": "village", "population": null, "postal_code": null, "wikidata": null}, "geometry": {"type": "Point", "coordinates": [85.761407, 26.1642204]}}, {"type": "Feature", "properties": {"osm_id": 9061650502, "osm_type": "node", "name": "Kansi", "name_hi": null, "name_en": null, "place": "village", "population": null, "postal_code": null, "wikidata": null}, "geometry": {"type": "Point", "coordinates": [85.8099604, 26.1707442]}}, {"type": "Feature", "properties": {"osm_id": 9061650503, "osm_type": "node", "name": "Rampurdih", "name_hi": null, "name_en": null, "place": "village", "population": null, "postal_code": null, "wikidata": null}, "geometry": {"type": "Point", "coordinates": [85.8182511, 26.1225991]}}, {"type": "Feature", "properties": {"osm_id": 9061650504, "osm_type": "node", "name": "Rasulpur", "name_hi": null, "name_en": null, "place": "village", "population": null, "postal_code": null, "wikidata": null}, "geometry": {"type": "Point", "coordinates": [85.8921044, 25.9947919]}}, {"type": "Feature", "properties": {"osm_id": 9067210178, "osm_type": "node", "name": "Thalwara", "name_hi": null, "name_en": null, "place": "village", "population": null, "postal_code": null, "wikidata": null}, "geometry": {"type": "Point", "coordinates": [85.8958983, 26.077465]}}, {"type": "Feature", "properties": {"osm_id": 9067210179, "osm_type": "node", "name": "Pator", "name_hi": null, "name_en": null, "place": "village", "population": null, "postal_code": null, "wikidata": null}, "geometry": {"type": "Point", "coordinates": [85.951632, 26.0639873]}}, {"type": "Feature", "properties": {"osm_id": 9067210180, "osm_type": "node", "name": "Shobhnathpatti", "name_hi": null, "name_en": null, "place": "village", "population": null, "postal_code": null, "wikidata": null}, "geometry": {"type": "Point", "coordinates": [85.9559798, 26.0559636]}}, {"type": "Feature", "properties": {"osm_id": 9067210181, "osm_type": "node", "name": "Bishanpur", "name_hi": null, "name_en": null, "place": "village", "population": null, "postal_code": null, "wikidata": null}, "geometry": {"type": "Point", "coordinates": [85.9248555, 26.0422184]}}, {"type": "Feature", "properties": {"osm_id": 9067210182, "osm_type": "node", "name": "Sidhauli", "name_hi": null, "name_en": null, "place": "village", "population": null, "postal_code": null, "wikidata": null}, "geometry": {"type": "Point", "coordinates": [85.9373975, 26.0466622]}}, {"type": "Feature", "properties": {"osm_id": 9067210183, "osm_type": "node", "name": "Pauram", "name_hi": null, "name_en": null, "place": "village", "population": null, "postal_code": null, "wikidata": null}, "geometry": {"type": "Point", "coordinates": [85.8931357, 26.0180255]}}, {"type": "Feature", "properties": {"osm_id": 9067210184, "osm_type": "node", "name": "Paharpur", "name_hi": null, "name_en": null, "place": "village", "population": null, "postal_code": null, "wikidata": null}, "geometry": {"type": "Point", "coordinates": [85.9766543, 26.0272376]}}, {"type": "Feature", "properties": {"osm_id": 9067210185, "osm_type": "node", "name": "Rajkha", "name_hi": null, "name_en": null, "place": "village", "population": null, "postal_code": null, "wikidata": null}, "geometry": {"type": "Point", "coordinates": [85.9798408, 26.0229619]}}, {"type": "Feature", "properties": {"osm_id": 9067210186, "osm_type": "node", "name": "Jorja", "name_hi": null, "name_en": null, "place": "village", "population": null, "postal_code": null, "wikidata": null}, "geometry": {"type": "Point", "coordinates": [85.9869325, 26.0140965]}}, {"type": "Feature", "properties": {"osm_id": 9067210187, "osm_type": "node", "name": "Kunwar", "name_hi": null, "name_en": null, "place": "village", "population": null, "postal_code": null, "wikidata": null}, "geometry": {"type": "Point", "coordinates": [85.9923291, 26.0032586]}}, {"type": "Feature", "properties": {"osm_id": 9067210188, "osm_type": "node", "name": "Sankherha", "name_hi": null, "name_en": null, "place": "village", "population": null, "postal_code": null, "wikidata": null}, "geometry": {"type": "Point", "coordinates": [85.9958053, 25.9960938]}}, {"type": "Feature", "properties": {"osm_id": 9067210194, "osm_type": "node", "name": "Ramauli", "name_hi": null, "name_en": null, "place": "village", "population": null, "postal_code": null, "wikidata": null}, "geometry": {"type": "Point", "coordinates": [85.9575033, 25.9929693]}}, {"type": "Feature", "properties": {"osm_id": 9067210195, "osm_type": "node", "name": "Benta", "name_hi": null, "name_en": null, "place": "village", "population": null, "postal_code": null, "wikidata": null}, "geometry": {"type": "Point", "coordinates": [85.9329557, 25.982901]}}, {"type": "Feature", "properties": {"osm_id": 9067210196, "osm_type": "node", "name": "Chakwa", "name_hi": null, "name_en": null, "place": "village", "population": null, "postal_code": null, "wikidata": null}, "geometry": {"type": "Point", "coordinates": [85.9291041, 25.9728896]}}, {"type": "Feature", "properties": {"osm_id": 9067210197, "osm_type": "node", "name": "Bans Dih", "name_hi": null, "name_en": null, "place": "village", "population": null, "postal_code": null, "wikidata": null}, "geometry": {"type": "Point", "coordinates": [85.9251076, 25.9786766]}}, {"type": "Feature", "properties": {"osm_id": 9067281206, "osm_type": "node", "name": "Atihar", "name_hi": null, "name_en": null, "place": "village", "population": null, "postal_code": null, "wikidata": null}, "geometry": {"type": "Point", "coordinates": [85.9813106, 26.1640182]}}, {"type": "Feature", "properties": {"osm_id": 9067281207, "osm_type": "node", "name": "Dhoi", "name_hi": null, "name_en": null, "place": "village", "population": null, "postal_code": null, "wikidata": null}, "geometry": {"type": "Point", "coordinates": [85.9648633, 26.1491059]}}, {"type": "Feature", "properties": {"osm_id": 9067281208, "osm_type": "node", "name": "Khutwara", "name_hi": null, "name_en": null, "place": "village", "population": null, "postal_code": null, "wikidata": null}, "geometry": {"type": "Point", "coordinates": [85.9651154, 26.1688064]}}, {"type": "Feature", "properties": {"osm_id": 9067281209, "osm_type": "node", "name": "Gausaghat", "name_hi": null, "name_en": null, "place": "village", "population": null, "postal_code": null, "wikidata": null}, "geometry": {"type": "Point", "coordinates": [85.9509373, 26.1732621]}}, {"type": "Feature", "properties": {"osm_id": 9067281210, "osm_type": "node", "name": "Ratanpur", "name_hi": null, "name_en": null, "place": "village", "population": null, "postal_code": null, "wikidata": null}, "geometry": {"type": "Point", "coordinates": [85.9014183, 26.069953]}}, {"type": "Feature", "properties": {"osm_id": 9067323215, "osm_type": "node", "name": "Katasa", "name_hi": null, "name_en": null, "place": "village", "population": null, "postal_code": null, "wikidata": null}, "geometry": {"type": "Point", "coordinates": [85.7361191, 26.2065247]}}, {"type": "Feature", "properties": {"osm_id": 9067323216, "osm_type": "node", "name": "Jalwara", "name_hi": null, "name_en": null, "place": "town", "population": null, "postal_code": null, "wikidata": null}, "geometry": {"type": "Point", "coordinates": [85.8986449, 26.2613222]}}, {"type": "Feature", "properties": {"osm_id": 9071422477, "osm_type": "node", "name": "Bhuskaul", "name_hi": null, "name_en": null, "place": "village", "population": null, "postal_code": null, "wikidata": null}, "geometry": {"type": "Point", "coordinates": [85.9602713, 26.2052541]}}, {"type": "Feature", "properties": {"osm_id": 9071422478, "osm_type": "node", "name": "Bhagwanpur", "name_hi": null, "name_en": null, "place": "village", "population": null, "postal_code": null, "wikidata": null}, "geometry": {"type": "Point", "coordinates": [85.9944105, 26.1730985]}}, {"type": "Feature", "properties": {"osm_id": 9071422479, "osm_type": "node", "name": "Kharua", "name_hi": null, "name_en": null, "place": "village", "population": null, "postal_code": null, "wikidata": null}, "geometry": {"type": "Point", "coordinates": [85.9947323, 26.1811575]}}, {"type": "Feature", "properties": {"osm_id": 9071422482, "osm_type": "node", "name": "Madhopatti", "name_hi": null, "name_en": null, "place": "village", "population": null, "postal_code": null, "wikidata": null}, "geometry": {"type": "Point", "coordinates": [85.8331722, 26.2291966]}}, {"type": "Feature", "properties": {"osm_id": 9071422483, "osm_type": "node", "name": "Hariharpur", "name_hi": null, "name_en": null, "place": "village", "population": null, "postal_code": null, "wikidata": null}, "geometry": {"type": "Point", "coordinates": [85.8315951, 26.2546015]}}, {"type": "Feature", "properties": {"osm_id": 9071422484, "osm_type": "node", "name": "Ghograha", "name_hi": null, "name_en": null, "place": "village", "population": null, "postal_code": null, "wikidata": null}, "geometry": {"type": "Point", "coordinates": [85.7345903, 26.4371749]}}, {"type": "Feature", "properties": {"osm_id": 9071422485, "osm_type": "node", "name": "Yogiara", "name_hi": null, "name_en": null, "place": "village", "population": null, "postal_code": null, "wikidata": null}, "geometry": {"type": "Point", "coordinates": [85.7402229, 26.4321888]}}, {"type": "Feature", "properties": {"osm_id": 9071422486, "osm_type": "node", "name": "Chandauna", "name_hi": null, "name_en": null, "place": "village", "population": null, "postal_code": null, "wikidata": null}, "geometry": {"type": "Point", "coordinates": [85.7199025, 26.4410752]}}, {"type": "Feature", "properties": {"osm_id": 9071422487, "osm_type": "node", "name": "Garri", "name_hi": null, "name_en": null, "place": "village", "population": null, "postal_code": null, "wikidata": null}, "geometry": {"type": "Point", "coordinates": [85.759052, 26.396944]}}, {"type": "Feature", "properties": {"osm_id": 9071422488, "osm_type": "node", "name": "Nanaura", "name_hi": null, "name_en": null, "place": "village", "population": null, "postal_code": null, "wikidata": null}, "geometry": {"type": "Point", "coordinates": [85.9044009, 26.2366309]}}, {"type": "Feature", "properties": {"osm_id": 9071422489, "osm_type": "node", "name": "Khirma", "name_hi": null, "name_en": null, "place": "village", "population": null, "postal_code": null, "wikidata": null}, "geometry": {"type": "Point", "coordinates": [85.9140515, 26.2498625]}}, {"type": "Feature", "properties": {"osm_id": 9071424076, "osm_type": "node", "name": "Bhagwanpur", "name_hi": null, "name_en": null, "place": "village", "population": null, "postal_code": null, "wikidata": null}, "geometry": {"type": "Point", "coordinates": [85.9944118, 26.1730841]}}, {"type": "Feature", "properties": {"osm_id": 9071424077, "osm_type": "node", "name": "Kharua", "name_hi": null, "name_en": null, "place": "village", "population": null, "postal_code": null, "wikidata": null}, "geometry": {"type": "Point", "coordinates": [85.9949469, 26.1820914]}}, {"type": "Feature", "properties": {"osm_id": 9072859450, "osm_type": "node", "name": "Bhawanipur", "name_hi": null, "name_en": null, "place": "village", "population": null, "postal_code": null, "wikidata": null}, "geometry": {"type": "Point", "coordinates": [85.7500505, 26.2129162]}}, {"type": "Feature", "properties": {"osm_id": 9072859451, "osm_type": "node", "name": "Maknahi", "name_hi": null, "name_en": null, "place": "village", "population": null, "postal_code": null, "wikidata": null}, "geometry": {"type": "Point", "coordinates": [85.8407736, 26.2004506]}}, {"type": "Feature", "properties": {"osm_id": 9072859452, "osm_type": "node", "name": "Bariaul", "name_hi": null, "name_en": null, "place": "village", "population": null, "postal_code": null, "wikidata": null}, "geometry": {"type": "Point", "coordinates": [85.8331561, 26.210635]}}, {"type": "Feature", "properties": {"osm_id": 9072859453, "osm_type": "node", "name": "Jogiara", "name_hi": null, "name_en": null, "place": "village", "population": null, "postal_code": null, "wikidata": null}, "geometry": {"type": "Point", "coordinates": [85.9622562, 26.1014578]}}, {"type": "Feature", "properties": {"osm_id": 9074674871, "osm_type": "node", "name": "Balia", "name_hi": null, "name_en": null, "place": "village", "population": null, "postal_code": null, "wikidata": null}, "geometry": {"type": "Point", "coordinates": [85.884794, 26.3923406]}}, {"type": "Feature", "properties": {"osm_id": 9074674872, "osm_type": "node", "name": "Doghra", "name_hi": null, "name_en": null, "place": "village", "population": null, "postal_code": null, "wikidata": null}, "geometry": {"type": "Point", "coordinates": [85.7283086, 26.3575018]}}, {"type": "Feature", "properties": {"osm_id": 9074674873, "osm_type": "node", "name": "Latraha", "name_hi": null, "name_en": null, "place": "village", "population": null, "postal_code": null, "wikidata": null}, "geometry": {"type": "Point", "coordinates": [85.7220107, 26.3655336]}}, {"type": "Feature", "properties": {"osm_id": 9074674874, "osm_type": "node", "name": "Basant", "name_hi": null, "name_en": null, "place": "village", "population": null, "postal_code": null, "wikidata": null}, "geometry": {"type": "Point", "coordinates": [85.6992415, 26.3731851]}}, {"type": "Feature", "properties": {"osm_id": 9074674875, "osm_type": "node", "name": "Reorha", "name_hi": null, "name_en": null, "place": "village", "population": null, "postal_code": null, "wikidata": null}, "geometry": {"type": "Point", "coordinates": [85.7032943, 26.3996732]}}, {"type": "Feature", "properties": {"osm_id": 9265940854, "osm_type": "node", "name": "Dih Berai", "name_hi": null, "name_en": null, "place": "village", "population": null, "postal_code": null, "wikidata": null}, "geometry": {"type": "Point", "coordinates": [85.980742, 26.1695647]}}, {"type": "Feature", "properties": {"osm_id": 9314660939, "osm_type": "node", "name": "Bidhipur", "name_hi": null, "name_en": null, "place": "village", "population": null, "postal_code": null, "wikidata": null}, "geometry": {"type": "Point", "coordinates": [85.4582047, 25.4828834]}}, {"type": "Feature", "properties": {"osm_id": 9404352537, "osm_type": "node", "name": "Shivaganj", "name_hi": null, "name_en": null, "place": "village", "population": null, "postal_code": null, "wikidata": null}, "geometry": {"type": "Point", "coordinates": [85.3126681, 25.0960149]}}, {"type": "Feature", "properties": {"osm_id": 9550756309, "osm_type": "node", "name": null, "name_hi": null, "name_en": null, "place": "hamlet", "population": null, "postal_code": null, "wikidata": null}, "geometry": {"type": "Point", "coordinates": [84.868679, 25.1777275]}}, {"type": "Feature", "properties": {"osm_id": 9550756310, "osm_type": "node", "name": null, "name_hi": null, "name_en": null, "place": "hamlet", "population": null, "postal_code": null, "wikidata": null}, "geometry": {"type": "Point", "coordinates": [84.8667061, 25.1801476]}}, {"type": "Feature", "properties": {"osm_id": 9550756311, "osm_type": "node", "name": null, "name_hi": null, "name_en": null, "place": "village", "population": null, "postal_code": null, "wikidata": null}, "geometry": {"type": "Point", "coordinates": [84.8636289, 25.1788531]}}, {"type": "Feature", "properties": {"osm_id": 9550756462, "osm_type": "node", "name": null, "name_hi": null, "name_en": null, "place": "hamlet", "population": null, "postal_code": null, "wikidata": null}, "geometry": {"type": "Point", "coordinates": [84.8691368, 25.2062268]}}, {"type": "Feature", "properties": {"osm_id": 9550756472, "osm_type": "node", "name": null, "name_hi": null, "name_en": null, "place": "hamlet", "population": null, "postal_code": null, "wikidata": null}, "geometry": {"type": "Point", "coordinates": [84.8655547, 25.2063736]}}, {"type": "Feature", "properties": {"osm_id": 9550756479, "osm_type": "node", "name": null, "name_hi": null, "name_en": null, "place": "village", "population": null, "postal_code": null, "wikidata": null}, "geometry": {"type": "Point", "coordinates": [84.8598868, 25.2055176]}}, {"type": "Feature", "properties": {"osm_id": 9550756493, "osm_type": "node", "name": null, "name_hi": null, "name_en": null, "place": "village", "population": null, "postal_code": null, "wikidata": null}, "geometry": {"type": "Point", "coordinates": [84.8516585, 25.2084752]}}, {"type": "Feature", "properties": {"osm_id": 9550756510, "osm_type": "node", "name": null, "name_hi": null, "name_en": null, "place": "hamlet", "population": null, "postal_code": null, "wikidata": null}, "geometry": {"type": "Point", "coordinates": [84.8586487, 25.2105303]}}, {"type": "Feature", "properties": {"osm_id": 9550756527, "osm_type": "node", "name": null, "name_hi": null, "name_en": null, "place": "hamlet", "population": null, "postal_code": null, "wikidata": null}, "geometry": {"type": "Point", "coordinates": [84.8787149, 25.208901]}}, {"type": "Feature", "properties": {"osm_id": 9550756536, "osm_type": "node", "name": null, "name_hi": null, "name_en": null, "place": "village", "population": null, "postal_code": null, "wikidata": null}, "geometry": {"type": "Point", "coordinates": [84.8785202, 25.2048094]}}, {"type": "Feature", "properties": {"osm_id": 9550756575, "osm_type": "node", "name": null, "name_hi": null, "name_en": null, "place": "hamlet", "population": null, "postal_code": null, "wikidata": null}, "geometry": {"type": "Point", "coordinates": [84.865902, 25.200926]}}, {"type": "Feature", "properties": {"osm_id": 9550756589, "osm_type": "node", "name": null, "name_hi": null, "name_en": null, "place": "hamlet", "population": null, "postal_code": null, "wikidata": null}, "geometry": {"type": "Point", "coordinates": [84.8743927, 25.2020296]}}, {"type": "Feature", "properties": {"osm_id": 9550756665, "osm_type": "node", "name": null, "name_hi": null, "name_en": null, "place": "hamlet", "population": null, "postal_code": null, "wikidata": null}, "geometry": {"type": "Point", "coordinates": [84.8651922, 25.1952642]}}, {"type": "Feature", "properties": {"osm_id": 9550756666, "osm_type": "node", "name": null, "name_hi": null, "name_en": null, "place": "hamlet", "population": null, "postal_code": null, "wikidata": null}, "geometry": {"type": "Point", "coordinates": [84.8681903, 25.1987279]}}, {"type": "Feature", "properties": {"osm_id": 9550756667, "osm_type": "node", "name": null, "name_hi": null, "name_en": null, "place": "hamlet", "population": null, "postal_code": null, "wikidata": null}, "geometry": {"type": "Point", "coordinates": [84.8628499, 25.1988127]}}, {"type": "Feature", "properties": {"osm_id": 9550756762, "osm_type": "node", "name": null, "name_hi": null, "name_en": null, "place": "village", "population": null, "postal_code": null, "wikidata": null}, "geometry": {"type": "Point", "coordinates": [84.8785835, 25.1896538]}}, {"type": "Feature", "properties": {"osm_id": 9550756789, "osm_type": "node", "name": null, "name_hi": null, "name_en": null, "place": "village", "population": null, "postal_code": null, "wikidata": null}, "geometry": {"type": "Point", "coordinates": [84.8704501, 25.186939]}}, {"type": "Feature", "properties": {"osm_id": 9550756790, "osm_type": "node", "name": null, "name_hi": null, "name_en": null, "place": "hamlet", "population": null, "postal_code": null, "wikidata": null}, "geometry": {"type": "Point", "coordinates": [84.8645075, 25.1865954]}}, {"type": "Feature", "properties": {"osm_id": 9553168809, "osm_type": "node", "name": null, "name_hi": null, "name_en": null, "place": "village", "population": null, "postal_code": null, "wikidata": null}, "geometry": {"type": "Point", "coordinates": [84.8482534, 25.1937835]}}, {"type": "Feature", "properties": {"osm_id": 9553216074, "osm_type": "node", "name": null, "name_hi": null, "name_en": null, "place": "hamlet", "population": null, "postal_code": null, "wikidata": null}, "geometry": {"type": "Point", "coordinates": [84.8421717, 25.1891509]}}, {"type": "Feature", "properties": {"osm_id": 9553216087, "osm_type": "node", "name": null, "name_hi": null, "name_en": null, "place": "hamlet", "population": null, "postal_code": null, "wikidata": null}, "geometry": {"type": "Point", "coordinates": [84.8341664, 25.1906771]}}, {"type": "Feature", "properties": {"osm_id": 9553216108, "osm_type": "node", "name": null, "name_hi": null, "name_en": null, "place": "hamlet", "population": null, "postal_code": null, "wikidata": null}, "geometry": {"type": "Point", "coordinates": [84.8380222, 25.2020761]}}, {"type": "Feature", "properties": {"osm_id": 9553216109, "osm_type": "node", "name": null, "name_hi": null, "name_en": null, "place": "hamlet", "population": null, "postal_code": null, "wikidata": null}, "geometry": {"type": "Point", "coordinates": [84.8374006, 25.1964957]}}, {"type": "Feature", "properties": {"osm_id": 9553216121, "osm_type": "node", "name": null, "name_hi": null, "name_en": null, "place": "village", "population": null, "postal_code": null, "wikidata": null}, "geometry": {"type": "Point", "coordinates": [84.8326106, 25.2022084]}}, {"type": "Feature", "properties": {"osm_id": 9553216122, "osm_type": "node", "name": null, "name_hi": null, "name_en": null, "place": "village", "population": null, "postal_code": null, "wikidata": null}, "geometry": {"type": "Point", "coordinates": [84.8250173, 25.2013372]}}, {"type": "Feature", "properties": {"osm_id": 9553216154, "osm_type": "node", "name": null, "name_hi": null, "name_en": null, "place": "hamlet", "population": null, "postal_code": null, "wikidata": null}, "geometry": {"type": "Point", "coordinates": [84.8211693, 25.199051]}}, {"type": "Feature", "properties": {"osm_id": 9553216178, "osm_type": "node", "name": null, "name_hi": null, "name_en": null, "place": "village", "population": null, "postal_code": null, "wikidata": null}, "geometry": {"type": "Point", "coordinates": [84.8196391, 25.1918212]}}, {"type": "Feature", "properties": {"osm_id": 9554067669, "osm_type": "node", "name": null, "name_hi": null, "name_en": null, "place": "village", "population": null, "postal_code": null, "wikidata": null}, "geometry": {"type": "Point", "coordinates": [84.8158207, 25.1865622]}}, {"type": "Feature", "properties": {"osm_id": 9554093218, "osm_type": "node", "name": null, "name_hi": null, "name_en": null, "place": "hamlet", "population": null, "postal_code": null, "wikidata": null}, "geometry": {"type": "Point", "coordinates": [84.8148895, 25.189786]}}, {"type": "Feature", "properties": {"osm_id": 9554093229, "osm_type": "node", "name": null, "name_hi": null, "name_en": null, "place": "hamlet", "population": null, "postal_code": null, "wikidata": null}, "geometry": {"type": "Point", "coordinates": [84.814673, 25.1925254]}}, {"type": "Feature", "properties": {"osm_id": 9554093241, "osm_type": "node", "name": null, "name_hi": null, "name_en": null, "place": "village", "population": null, "postal_code": null, "wikidata": null}, "geometry": {"type": "Point", "coordinates": [84.8089361, 25.1910793]}}, {"type": "Feature", "properties": {"osm_id": 9554093284, "osm_type": "node", "name": null, "name_hi": null, "name_en": null, "place": "hamlet", "population": null, "postal_code": null, "wikidata": null}, "geometry": {"type": "Point", "coordinates": [84.805593, 25.1913704]}}, {"type": "Feature", "properties": {"osm_id": 9554093295, "osm_type": "node", "name": null, "name_hi": null, "name_en": null, "place": "village", "population": null, "postal_code": null, "wikidata": null}, "geometry": {"type": "Point", "coordinates": [84.8077895, 25.2002497]}}, {"type": "Feature", "properties": {"osm_id": 9554093369, "osm_type": "node", "name": null, "name_hi": null, "name_en": null, "place": "hamlet", "population": null, "postal_code": null, "wikidata": null}, "geometry": {"type": "Point", "coordinates": [84.8097154, 25.1984861]}}, {"type": "Feature", "properties": {"osm_id": 9554093381, "osm_type": "node", "name": null, "name_hi": null, "name_en": null, "place": "hamlet", "population": null, "postal_code": null, "wikidata": null}, "geometry": {"type": "Point", "coordinates": [84.8383968, 25.2053582]}}, {"type": "Feature", "properties": {"osm_id": 9554093396, "osm_type": "node", "name": null, "name_hi": null, "name_en": null, "place": "hamlet", "population": null, "postal_code": null, "wikidata": null}, "geometry": {"type": "Point", "coordinates": [84.839181, 25.2075752]}}, {"type": "Feature", "properties": {"osm_id": 9554093397, "osm_type": "node", "name": null, "name_hi": null, "name_en": null, "place": "hamlet", "population": null, "postal_code": null, "wikidata": null}, "geometry": {"type": "Point", "coordinates": [84.839763, 25.2098898]}}, {"type": "Feature", "properties": {"osm_id": 9554093410, "osm_type": "node", "name": null, "name_hi": null, "name_en": null, "place": "village", "population": null, "postal_code": null, "wikidata": null}, "geometry": {"type": "Point", "coordinates": [84.8106478, 25.2131576]}}, {"type": "Feature", "properties": {"osm_id": 9554093411, "osm_type": "node", "name": null, "name_hi": null, "name_en": null, "place": "hamlet", "population": null, "postal_code": null, "wikidata": null}, "geometry": {"type": "Point", "coordinates": [84.8168417, 25.2152896]}}, {"type": "Feature", "properties": {"osm_id": 9554093443, "osm_type": "node", "name": null, "name_hi": null, "name_en": null, "place": "hamlet", "population": null, "postal_code": null, "wikidata": null}, "geometry": {"type": "Point", "coordinates": [84.8091603, 25.2199339]}}, {"type": "Feature", "properties": {"osm_id": 9554093490, "osm_type": "node", "name": null, "name_hi": null, "name_en": null, "place": "hamlet", "population": null, "postal_code": null, "wikidata": null}, "geometry": {"type": "Point", "coordinates": [84.8182941, 25.2309983]}}, {"type": "Feature", "properties": {"osm_id": 9554093513, "osm_type": "node", "name": null, "name_hi": null, "name_en": null, "place": "hamlet", "population": null, "postal_code": null, "wikidata": null}, "geometry": {"type": "Point", "coordinates": [84.8032932, 25.2163937]}}, {"type": "Feature", "properties": {"osm_id": 9554093521, "osm_type": "node", "name": null, "name_hi": null, "name_en": null, "place": "village", "population": null, "postal_code": null, "wikidata": null}, "geometry": {"type": "Point", "coordinates": [84.8003051, 25.1929222]}}, {"type": "Feature", "properties": {"osm_id": 9554093556, "osm_type": "node", "name": null, "name_hi": null, "name_en": null, "place": "hamlet", "population": null, "postal_code": null, "wikidata": null}, "geometry": {"type": "Point", "coordinates": [84.8110832, 25.1760173]}}, {"type": "Feature", "properties": {"osm_id": 9554093557, "osm_type": "node", "name": null, "name_hi": null, "name_en": null, "place": "hamlet", "population": null, "postal_code": null, "wikidata": null}, "geometry": {"type": "Point", "coordinates": [84.8135801, 25.1773195]}}, {"type": "Feature", "properties": {"osm_id": 9554093611, "osm_type": "node", "name": null, "name_hi": null, "name_en": null, "place": "hamlet", "population": null, "postal_code": null, "wikidata": null}, "geometry": {"type": "Point", "coordinates": [84.809154, 25.1716792]}}, {"type": "Feature", "properties": {"osm_id": 9554093630, "osm_type": "node", "name": null, "name_hi": null, "name_en": null, "place": "town", "population": null, "postal_code": null, "wikidata": null}, "geometry": {"type": "Point", "coordinates": [84.7997508, 25.1737892]}}, {"type": "Feature", "properties": {"osm_id": 9554093736, "osm_type": "node", "name": null, "name_hi": null, "name_en": null, "place": "hamlet", "population": null, "postal_code": null, "wikidata": null}, "geometry": {"type": "Point", "coordinates": [84.7900415, 25.1882117]}}, {"type": "Feature", "properties": {"osm_id": 9554841118, "osm_type": "node", "name": null, "name_hi": null, "name_en": null, "place": "hamlet", "population": null, "postal_code": null, "wikidata": null}, "geometry": {"type": "Point", "coordinates": [84.7864548, 25.1923824]}}, {"type": "Feature", "properties": {"osm_id": 9554841137, "osm_type": "node", "name": null, "name_hi": null, "name_en": null, "place": "village", "population": null, "postal_code": null, "wikidata": null}, "geometry": {"type": "Point", "coordinates": [84.7786375, 25.1918768]}}, {"type": "Feature", "properties": {"osm_id": 9554841169, "osm_type": "node", "name": null, "name_hi": null, "name_en": null, "place": "hamlet", "population": null, "postal_code": null, "wikidata": null}, "geometry": {"type": "Point", "coordinates": [84.7643473, 25.1846312]}}, {"type": "Feature", "properties": {"osm_id": 9554841170, "osm_type": "node", "name": null, "name_hi": null, "name_en": null, "place": "hamlet", "population": null, "postal_code": null, "wikidata": null}, "geometry": {"type": "Point", "coordinates": [84.7682082, 25.1866957]}}, {"type": "Feature", "properties": {"osm_id": 9554845637, "osm_type": "node", "name": null, "name_hi": null, "name_en": null, "place": "hamlet", "population": null, "postal_code": null, "wikidata": null}, "geometry": {"type": "Point", "coordinates": [84.7793673, 25.1771088]}}, {"type": "Feature", "properties": {"osm_id": 9554845638, "osm_type": "node", "name": null, "name_hi": null, "name_en": null, "place": "hamlet", "population": null, "postal_code": null, "wikidata": null}, "geometry": {"type": "Point", "coordinates": [84.7863938, 25.1752627]}}, {"type": "Feature", "properties": {"osm_id": 10269182560, "osm_type": "node", "name": "Parsauni", "name_hi": null, "name_en": null, "place": "village", "population": null, "postal_code": null, "wikidata": null}, "geometry": {"type": "Point", "coordinates": [85.9129894, 26.3854304]}}, {"type": "Feature", "properties": {"osm_id": 10781691537, "osm_type": "node", "name": "Pharpar", "name_hi": null, "name_en": null, "place": "village", "population": 5000, "postal_code": null, "wikidata": null}, "geometry": {"type": "Point", "coordinates": [85.8536798, 25.0717554]}}, {"type": "Feature", "properties": {"osm_id": 11499503714, "osm_type": "node", "name": "Laheriasarai", "name_hi": null, "name_en": null, "place": "suburb", "population": null, "postal_code": null, "wikidata": "Q6473218"}, "geometry": {"type": "Point", "coordinates": [85.897572, 26.1187989]}}, {"type": "Feature", "properties": {"osm_id": 11698593121, "osm_type": "node", "name": "RBI staff quarter", "name_hi": null, "name_en": null, "place": "quarter", "population": null, "postal_code": null, "wikidata": null}, "geometry": {"type": "Point", "coordinates": [85.1708345, 25.5898404]}}, {"type": "Feature", "properties": {"osm_id": 11698644330, "osm_type": "node", "name": "nmch more", "name_hi": null, "name_en": null, "place": "square", "population": null, "postal_code": null, "wikidata": null}, "geometry": {"type": "Point", "coordinates": [85.1741665, 25.6013359]}}, {"type": "Feature", "properties": {"osm_id": 11698751026, "osm_type": "node", "name": "RBI staff quarter", "name_hi": null, "name_en": null, "place": "quarter", "population": null, "postal_code": null, "wikidata": null}, "geometry": {"type": "Point", "coordinates": [85.1590281, 25.6050294]}}, {"type": "Feature", "properties": {"osm_id": 11820149705, "osm_type": "node", "name": "Fazal Chak", "name_hi": null, "name_en": "Fazal Chak", "place": "hamlet", "population": null, "postal_code": null, "wikidata": null}, "geometry": {"type": "Point", "coordinates": [85.164729, 25.4320696]}}, {"type": "Feature", "properties": {"osm_id": 11820149706, "osm_type": "node", "name": "Deokali", "name_hi": null, "name_en": "Deokali", "place": "hamlet", "population": null, "postal_code": null, "wikidata": null}, "geometry": {"type": "Point", "coordinates": [85.164797, 25.4264876]}}, {"type": "Feature", "properties": {"osm_id": 11820149707, "osm_type": "node", "name": "Chattu Chak", "name_hi": null, "name_en": "Chattu Chak", "place": "hamlet", "population": null, "postal_code": null, "wikidata": null}, "geometry": {"type": "Point", "coordinates": [85.157821, 25.4363326]}}, {"type": "Feature", "properties": {"osm_id": 11820150404, "osm_type": "node", "name": "Chak Hujra", "name_hi": null, "name_en": "Chak Hujra", "place": "hamlet", "population": null, "postal_code": null, "wikidata": null}, "geometry": {"type": "Point", "coordinates": [85.1821978, 25.4246659]}}, {"type": "Feature", "properties": {"osm_id": 11820150405, "osm_type": "node", "name": "Muhammada", "name_hi": null, "name_en": "Muhammada", "place": "hamlet", "population": null, "postal_code": null, "wikidata": null}, "geometry": {"type": "Point", "coordinates": [85.1815118, 25.4334449]}}, {"type": "Feature", "properties": {"osm_id": 11820150406, "osm_type": "node", "name": "Gop\u0101lganj", "name_hi": null, "name_en": "Gopalganj", "place": "hamlet", "population": null, "postal_code": null, "wikidata": null}, "geometry": {"type": "Point", "coordinates": [85.1849408, 25.4364689]}}, {"type": "Feature", "properties": {"osm_id": 11820150407, "osm_type": "node", "name": "Jaitiya", "name_hi": null, "name_en": "Jaitiya", "place": "hamlet", "population": null, "postal_code": null, "wikidata": null}, "geometry": {"type": "Point", "coordinates": [85.1841068, 25.4288899]}}, {"type": "Feature", "properties": {"osm_id": 11820150408, "osm_type": "node", "name": "Sa\u0101datnagar", "name_hi": null, "name_en": "Saadatnagar", "place": "hamlet", "population": null, "postal_code": null, "wikidata": null}, "geometry": {"type": "Point", "coordinates": [85.1820438, 25.4268759]}}, {"type": "Feature", "properties": {"osm_id": 11820150409, "osm_type": "node", "name": "M\u012br H\u0101ji Chak", "name_hi": null, "name_en": "Mir Haji Chak", "place": "hamlet", "population": null, "postal_code": null, "wikidata": null}, "geometry": {"type": "Point", "coordinates": [85.1798128, 25.4362359]}}, {"type": "Feature", "properties": {"osm_id": 11820150410, "osm_type": "node", "name": "Musn\u0101par", "name_hi": null, "name_en": "Musnapar", "place": "hamlet", "population": null, "postal_code": null, "wikidata": null}, "geometry": {"type": "Point", "coordinates": [85.1737208, 25.4318964]}}, {"type": "Feature", "properties": {"osm_id": 11820150411, "osm_type": "node", "name": "Gauspur", "name_hi": null, "name_en": "Gauspur", "place": "hamlet", "population": null, "postal_code": null, "wikidata": null}, "geometry": {"type": "Point", "coordinates": [85.1929101, 25.4280825]}}, {"type": "Feature", "properties": {"osm_id": 12277680270, "osm_type": "node", "name": "Amnuar", "name_hi": null, "name_en": null, "place": "village", "population": null, "postal_code": null, "wikidata": null}, "geometry": {"type": "Point", "coordinates": [85.5494338, 26.2752589]}}, {"type": "Feature", "properties": {"osm_id": 12595879041, "osm_type": "node", "name": "mahua bazar lodipur", "name_hi": null, "name_en": null, "place": "village", "population": null, "postal_code": null, "wikidata": null}, "geometry": {"type": "Point", "coordinates": [85.3653633, 25.3542848]}}, {"type": "Feature", "properties": {"osm_id": 12595888219, "osm_type": "node", "name": "ramghat", "name_hi": null, "name_en": null, "place": "village", "population": null, "postal_code": null, "wikidata": null}, "geometry": {"type": "Point", "coordinates": [85.3710309, 25.3634688]}}, {"type": "Feature", "properties": {"osm_id": 12595914953, "osm_type": "node", "name": "gauri bigha", "name_hi": null, "name_en": null, "place": "village", "population": null, "postal_code": null, "wikidata": null}, "geometry": {"type": "Point", "coordinates": [85.3833562, 25.3616075]}}, {"type": "Feature", "properties": {"osm_id": 12595966728, "osm_type": "node", "name": "balwa", "name_hi": null, "name_en": null, "place": "village", "population": null, "postal_code": null, "wikidata": null}, "geometry": {"type": "Point", "coordinates": [85.3782528, 25.3755135]}}, {"type": "Feature", "properties": {"osm_id": 12595972039, "osm_type": "node", "name": "kharjama", "name_hi": null, "name_en": null, "place": "village", "population": null, "postal_code": null, "wikidata": null}, "geometry": {"type": "Point", "coordinates": [85.3787395, 25.3807315]}}, {"type": "Feature", "properties": {"osm_id": 12595974645, "osm_type": "node", "name": "shahpur", "name_hi": null, "name_en": null, "place": "village", "population": null, "postal_code": null, "wikidata": null}, "geometry": {"type": "Point", "coordinates": [85.3751652, 25.3697344]}}, {"type": "Feature", "properties": {"osm_id": 12595975100, "osm_type": "node", "name": "bodhi bigha", "name_hi": null, "name_en": null, "place": "village", "population": null, "postal_code": null, "wikidata": null}, "geometry": {"type": "Point", "coordinates": [85.367941, 25.3596375]}}, {"type": "Feature", "properties": {"osm_id": 12595989605, "osm_type": "node", "name": "Tina", "name_hi": "\u091f\u0940\u0928\u093e", "name_en": null, "place": "village", "population": null, "postal_code": null, "wikidata": null}, "geometry": {"type": "Point", "coordinates": [85.3618497, 25.3684655]}}, {"type": "Feature", "properties": {"osm_id": 12596052318, "osm_type": "node", "name": "lachhubigha", "name_hi": null, "name_en": null, "place": "village", "population": null, "postal_code": null, "wikidata": null}, "geometry": {"type": "Point", "coordinates": [85.3465663, 25.3708121]}}, {"type": "Feature", "properties": {"osm_id": 12596061869, "osm_type": "node", "name": "Baldha", "name_hi": null, "name_en": null, "place": "village", "population": null, "postal_code": null, "wikidata": null}, "geometry": {"type": "Point", "coordinates": [85.3297263, 25.3671825]}}, {"type": "Feature", "properties": {"osm_id": 12596086434, "osm_type": "node", "name": "Damodarpur", "name_hi": null, "name_en": null, "place": "village", "population": null, "postal_code": null, "wikidata": null}, "geometry": {"type": "Point", "coordinates": [85.3234666, 25.3676058]}}, {"type": "Feature", "properties": {"osm_id": 12596086441, "osm_type": "node", "name": "chandkura", "name_hi": null, "name_en": null, "place": "village", "population": null, "postal_code": null, "wikidata": null}, "geometry": {"type": "Point", "coordinates": [85.2894828, 25.3609756]}}, {"type": "Feature", "properties": {"osm_id": 12596095344, "osm_type": "node", "name": "khadasariya", "name_hi": null, "name_en": null, "place": "village", "population": null, "postal_code": null, "wikidata": null}, "geometry": {"type": "Point", "coordinates": [85.312511, 25.3631631]}}, {"type": "Feature", "properties": {"osm_id": 12596095673, "osm_type": "node", "name": "daldalichak", "name_hi": null, "name_en": null, "place": "village", "population": null, "postal_code": null, "wikidata": null}, "geometry": {"type": "Point", "coordinates": [85.2993447, 25.3633644]}}, {"type": "Feature", "properties": {"osm_id": 12596096370, "osm_type": "node", "name": "khajura", "name_hi": null, "name_en": null, "place": "village", "population": null, "postal_code": null, "wikidata": null}, "geometry": {"type": "Point", "coordinates": [85.3187594, 25.3652494]}}, {"type": "Feature", "properties": {"osm_id": 12596097839, "osm_type": "node", "name": "sakarpura", "name_hi": null, "name_en": null, "place": "village", "population": null, "postal_code": null, "wikidata": null}, "geometry": {"type": "Point", "coordinates": [85.3209821, 25.3553611]}}, {"type": "Feature", "properties": {"osm_id": 12596099823, "osm_type": "node", "name": "Hajipur", "name_hi": null, "name_en": null, "place": "village", "population": null, "postal_code": null, "wikidata": null}, "geometry": {"type": "Point", "coordinates": [85.3061425, 25.3640003]}}, {"type": "Feature", "properties": {"osm_id": 12621920846, "osm_type": "node", "name": "Silhauri", "name_hi": null, "name_en": null, "place": "village", "population": null, "postal_code": null, "wikidata": null}, "geometry": {"type": "Point", "coordinates": [85.9833945, 25.02017]}}, {"type": "Feature", "properties": {"osm_id": 12757357568, "osm_type": "node", "name": "Beur More", "name_hi": null, "name_en": null, "place": "square", "population": null, "postal_code": null, "wikidata": null}, "geometry": {"type": "Point", "coordinates": [85.0992885, 25.5784743]}}, {"type": "Feature", "properties": {"osm_id": 12757369365, "osm_type": "node", "name": "Anisabad Golamber", "name_hi": null, "name_en": null, "place": "square", "population": null, "postal_code": null, "wikidata": null}, "geometry": {"type": "Point", "coordinates": [85.0958804, 25.5852812]}}, {"type": "Feature", "properties": {"osm_id": 12963671382, "osm_type": "node", "name": "Gairpur", "name_hi": null, "name_en": null, "place": "village", "population": null, "postal_code": null, "wikidata": null}, "geometry": {"type": "Point", "coordinates": [85.9942849, 26.2229709]}}, {"type": "Feature", "properties": {"osm_id": 12969025044, "osm_type": "node", "name": "Chhotaipatti", "name_hi": null, "name_en": null, "place": "village", "population": null, "postal_code": null, "wikidata": null}, "geometry": {"type": "Point", "coordinates": [85.9910895, 26.2317452]}}, {"type": "Feature", "properties": {"osm_id": 12969025047, "osm_type": "node", "name": "Chhatwan", "name_hi": null, "name_en": null, "place": "village", "population": null, "postal_code": null, "wikidata": "Q30595144"}, "geometry": {"type": "Point", "coordinates": [85.9927068, 26.2476696]}}, {"type": "Feature", "properties": {"osm_id": 12973809016, "osm_type": "node", "name": "Dhanhar Gaon", "name_hi": null, "name_en": null, "place": "village", "population": null, "postal_code": null, "wikidata": null}, "geometry": {"type": "Point", "coordinates": [85.8547483, 25.9418413]}}, {"type": "Feature", "properties": {"osm_id": 12981640843, "osm_type": "node", "name": "Loam", "name_hi": null, "name_en": null, "place": "village", "population": null, "postal_code": null, "wikidata": null}, "geometry": {"type": "Point", "coordinates": [85.9962931, 26.2149341]}}, {"type": "Feature", "properties": {"osm_id": 12987086331, "osm_type": "node", "name": "Mansukh Nagar", "name_hi": null, "name_en": null, "place": "neighbourhood", "population": null, "postal_code": null, "wikidata": null}, "geometry": {"type": "Point", "coordinates": [85.8805755, 26.1186256]}}, {"type": "Feature", "properties": {"osm_id": 12988982849, "osm_type": "node", "name": "Dighiyar", "name_hi": null, "name_en": null, "place": "village", "population": null, "postal_code": "847121", "wikidata": "Q16928439"}, "geometry": {"type": "Point", "coordinates": [85.946543, 26.2729395]}}, {"type": "Feature", "properties": {"osm_id": 12991273955, "osm_type": "node", "name": "Bhatna Bigha", "name_hi": "\u092d\u091f\u0928\u093e \u092c\u093f\u0917\u0939\u093e", "name_en": null, "place": "village", "population": 450, "postal_code": null, "wikidata": "Q135621392"}, "geometry": {"type": "Point", "coordinates": [85.3927431, 25.3765144]}}, {"type": "Feature", "properties": {"osm_id": 13020188263, "osm_type": "node", "name": "Posanpura", "name_hi": null, "name_en": null, "place": "neighbourhood", "population": null, "postal_code": null, "wikidata": null}, "geometry": {"type": "Point", "coordinates": [85.9161878, 26.1506887]}}, {"type": "Feature", "properties": {"osm_id": 13020188272, "osm_type": "node", "name": "Shastri Nagar", "name_hi": null, "name_en": null, "place": "neighbourhood", "population": null, "postal_code": null, "wikidata": null}, "geometry": {"type": "Point", "coordinates": [85.9105841, 26.1478675]}}, {"type": "Feature", "properties": {"osm_id": 13020188284, "osm_type": "node", "name": "Kabirchak", "name_hi": null, "name_en": null, "place": "neighbourhood", "population": null, "postal_code": null, "wikidata": null}, "geometry": {"type": "Point", "coordinates": [85.9184695, 26.1462278]}}, {"type": "Feature", "properties": {"osm_id": 13020282994, "osm_type": "node", "name": "Vaidehi Nagar", "name_hi": null, "name_en": null, "place": "neighbourhood", "population": null, "postal_code": null, "wikidata": null}, "geometry": {"type": "Point", "coordinates": [85.9141826, 26.1523087]}}, {"type": "Feature", "properties": {"osm_id": 13026903513, "osm_type": "node", "name": "Brahma Sthan", "name_hi": null, "name_en": null, "place": "neighbourhood", "population": null, "postal_code": null, "wikidata": null}, "geometry": {"type": "Point", "coordinates": [85.9474997, 26.1735147]}}, {"type": "Feature", "properties": {"osm_id": 13026903518, "osm_type": "node", "name": "Badhiyapur", "name_hi": null, "name_en": null, "place": "village", "population": null, "postal_code": null, "wikidata": null}, "geometry": {"type": "Point", "coordinates": [85.9422762, 26.1724387]}}, {"type": "Feature", "properties": {"osm_id": 13026903519, "osm_type": "node", "name": "Gangwara", "name_hi": null, "name_en": null, "place": "neighbourhood", "population": null, "postal_code": null, "wikidata": null}, "geometry": {"type": "Point", "coordinates": [85.916637, 26.1691503]}}, {"type": "Feature", "properties": {"osm_id": 13026903526, "osm_type": "node", "name": "Sara Mohanpur", "name_hi": null, "name_en": null, "place": "village", "population": null, "postal_code": null, "wikidata": null}, "geometry": {"type": "Point", "coordinates": [85.9244036, 26.1677063]}}, {"type": "Feature", "properties": {"osm_id": 13028072941, "osm_type": "node", "name": "Newaji Tola", "name_hi": "\u0928\u0935\u093e\u091c\u0940 \u091f\u094b\u0932\u093e", "name_en": null, "place": "quarter", "population": null, "postal_code": null, "wikidata": null}, "geometry": {"type": "Point", "coordinates": [84.7665179, 25.7870409]}}, {"type": "Feature", "properties": {"osm_id": 13028125815, "osm_type": "node", "name": "Bhagwan Bazar", "name_hi": "\u092d\u0917\u0935\u093e\u0928 \u092c\u093e\u091c\u093e\u0930", "name_en": null, "place": "quarter", "population": null, "postal_code": null, "wikidata": null}, "geometry": {"type": "Point", "coordinates": [84.7241049, 25.7812075]}}, {"type": "Feature", "properties": {"osm_id": 13142596471, "osm_type": "node", "name": "Hasanchak", "name_hi": "\u0939\u093e\u0938\u0928\u091a\u0915", "name_en": null, "place": "village", "population": null, "postal_code": null, "wikidata": "Q5071039"}, "geometry": {"type": "Point", "coordinates": [85.3948555, 25.3553604]}}, {"type": "Feature", "properties": {"osm_id": 13142630210, "osm_type": "node", "name": "Raisa", "name_hi": "\u0930\u0948\u0938\u093e", "name_en": null, "place": "village", "population": null, "postal_code": null, "wikidata": "Q5071039"}, "geometry": {"type": "Point", "coordinates": [85.3978475, 25.3694151]}}, {"type": "Feature", "properties": {"osm_id": 13142640151, "osm_type": "node", "name": "Dharampur", "name_hi": "\u0927\u0930\u092e\u092a\u0941\u0930", "name_en": null, "place": "village", "population": null, "postal_code": null, "wikidata": "Q5071039"}, "geometry": {"type": "Point", "coordinates": [85.3825196, 25.35358]}}, {"type": "Feature", "properties": {"osm_id": 13142644045, "osm_type": "node", "name": "Gauri", "name_hi": "\u0917\u094c\u0930\u0940", "name_en": null, "place": "village", "population": null, "postal_code": null, "wikidata": "Q5071039"}, "geometry": {"type": "Point", "coordinates": [85.3934831, 25.3623104]}}, {"type": "Feature", "properties": {"osm_id": 13142665204, "osm_type": "node", "name": "Bhadru Bigha", "name_hi": "\u092d\u093e\u0926\u0930\u0942 \u092c\u093f\u0917\u0939\u093e", "name_en": null, "place": "village", "population": null, "postal_code": null, "wikidata": "Q15650006"}, "geometry": {"type": "Point", "coordinates": [85.3883567, 25.3761582]}}, {"type": "Feature", "properties": {"osm_id": 13142694119, "osm_type": "node", "name": "Bhadru", "name_hi": "\u092d\u093e\u0926\u0930\u0942", "name_en": null, "place": "village", "population": null, "postal_code": null, "wikidata": "Q15650006"}, "geometry": {"type": "Point", "coordinates": [85.3884298, 25.3864749]}}, {"type": "Feature", "properties": {"osm_id": 13142706305, "osm_type": "node", "name": "Sairapar", "name_hi": "\u0938\u0948\u0930\u093e\u092a\u0930", "name_en": null, "place": "village", "population": null, "postal_code": null, "wikidata": "Q15650006"}, "geometry": {"type": "Point", "coordinates": [85.3945369, 25.387404]}}, {"type": "Feature", "properties": {"osm_id": 13251130411, "osm_type": "node", "name": "Nawadah", "name_hi": "\u0928\u0935\u093e\u0926\u093e", "name_en": null, "place": "village", "population": null, "postal_code": null, "wikidata": null}, "geometry": {"type": "Point", "coordinates": [84.5423803, 26.3859152]}}, {"type": "Feature", "properties": {"osm_id": 13255344536, "osm_type": "node", "name": "Salempur", "name_hi": "\u0938\u0932\u0947\u092e\u092a\u0941\u0930", "name_en": null, "place": "neighbourhood", "population": null, "postal_code": null, "wikidata": null}, "geometry": {"type": "Point", "coordinates": [84.7452458, 25.7833726]}}, {"type": "Feature", "properties": {"osm_id": 13277359793, "osm_type": "node", "name": "Railway Colony", "name_hi": null, "name_en": null, "place": "neighbourhood", "population": null, "postal_code": null, "wikidata": null}, "geometry": {"type": "Point", "coordinates": [84.7270263, 25.7859617]}}, {"type": "Feature", "properties": {"osm_id": 13647233223, "osm_type": "node", "name": "Dakbangla Chowk", "name_hi": null, "name_en": null, "place": "locality", "population": null, "postal_code": null, "wikidata": null}, "geometry": {"type": "Point", "coordinates": [85.1006352, 26.3522628]}}, {"type": "Feature", "properties": {"osm_id": 13647233229, "osm_type": "node", "name": "Bank Chowk", "name_hi": null, "name_en": null, "place": "locality", "population": null, "postal_code": null, "wikidata": null}, "geometry": {"type": "Point", "coordinates": [85.0984933, 26.3563123]}}, {"type": "Feature", "properties": {"osm_id": 13924790981, "osm_type": "node", "name": "Garahi Chowk", "name_hi": null, "name_en": null, "place": "locality", "population": null, "postal_code": null, "wikidata": null}, "geometry": {"type": "Point", "coordinates": [85.1142939, 26.3550557]}}, {"type": "Feature", "properties": {"osm_id": 13927851696, "osm_type": "node", "name": "Mahaveer Chowk", "name_hi": null, "name_en": null, "place": "locality", "population": null, "postal_code": null, "wikidata": null}, "geometry": {"type": "Point", "coordinates": [85.0978403, 26.3570393]}}, {"type": "Feature", "properties": {"osm_id": 13928841967, "osm_type": "node", "name": "Madari Chowk", "name_hi": null, "name_en": null, "place": "locality", "population": null, "postal_code": null, "wikidata": null}, "geometry": {"type": "Point", "coordinates": [85.11802, 26.3497155]}}, {"type": "Feature", "properties": {"osm_id": 13953224016, "osm_type": "node", "name": "Pipra", "name_hi": null, "name_en": null, "place": "village", "population": null, "postal_code": null, "wikidata": null}, "geometry": {"type": "Point", "coordinates": [84.981889, 26.491141]}}, {"type": "Feature", "properties": {"osm_id": 13953238881, "osm_type": "node", "name": "Kalyanpur", "name_hi": null, "name_en": null, "place": "village", "population": null, "postal_code": null, "wikidata": null}, "geometry": {"type": "Point", "coordinates": [84.9263619, 26.4377432]}}, {"type": "Feature", "properties": {"osm_id": 13979448731, "osm_type": "node", "name": "Gandhi Chowk", "name_hi": null, "name_en": null, "place": "locality", "population": null, "postal_code": null, "wikidata": null}, "geometry": {"type": "Point", "coordinates": [85.1131497, 26.3577156]}}, {"type": "Feature", "properties": {"osm_id": 13979464250, "osm_type": "node", "name": "Chhoti Masjid Chowk", "name_hi": null, "name_en": null, "place": "locality", "population": null, "postal_code": null, "wikidata": null}, "geometry": {"type": "Point", "coordinates": [85.1141787, 26.3576317]}}, {"type": "Feature", "properties": {"osm_id": 13979464251, "osm_type": "node", "name": "Ganj Chowk", "name_hi": null, "name_en": null, "place": "locality", "population": null, "postal_code": null, "wikidata": null}, "geometry": {"type": "Point", "coordinates": [85.1229164, 26.3552885]}}, {"type": "Feature", "properties": {"osm_id": 13979485933, "osm_type": "node", "name": "Neyamtganj More", "name_hi": null, "name_en": null, "place": "locality", "population": null, "postal_code": null, "wikidata": null}, "geometry": {"type": "Point", "coordinates": [85.1078716, 26.3574537]}}, {"type": "Feature", "properties": {"osm_id": 13979485934, "osm_type": "node", "name": "Pathan More", "name_hi": null, "name_en": null, "place": "locality", "population": null, "postal_code": null, "wikidata": null}, "geometry": {"type": "Point", "coordinates": [85.1102804, 26.3572179]}}, {"type": "Feature", "properties": {"osm_id": 13979498923, "osm_type": "node", "name": "Madari Chowk", "name_hi": null, "name_en": null, "place": "locality", "population": null, "postal_code": null, "wikidata": null}, "geometry": {"type": "Point", "coordinates": [85.1181622, 26.3496292]}}, {"type": "Feature", "properties": {"osm_id": 13979626711, "osm_type": "node", "name": "Chowk Bazar", "name_hi": null, "name_en": null, "place": "locality", "population": null, "postal_code": null, "wikidata": null}, "geometry": {"type": "Point", "coordinates": [85.1171892, 26.3567549]}}, {"type": "Feature", "properties": {"osm_id": 13979629494, "osm_type": "node", "name": "Mojahid Chowk", "name_hi": null, "name_en": null, "place": "locality", "population": null, "postal_code": null, "wikidata": null}, "geometry": {"type": "Point", "coordinates": [85.1039389, 26.345793]}}, {"type": "Feature", "properties": {"osm_id": 13979629495, "osm_type": "node", "name": "Mahesh Raw Chowk", "name_hi": null, "name_en": null, "place": "locality", "population": null, "postal_code": null, "wikidata": null}, "geometry": {"type": "Point", "coordinates": [85.1030747, 26.3571945]}}, {"type": "Feature", "properties": {"osm_id": 13980953331, "osm_type": "node", "name": null, "name_hi": null, "name_en": null, "place": "locality", "population": null, "postal_code": null, "wikidata": null}, "geometry": {"type": "Point", "coordinates": [85.0493741, 26.4150742]}}, {"type": "Feature", "properties": {"osm_id": 13992550794, "osm_type": "node", "name": "Khokhrahi Math Chowk", "name_hi": null, "name_en": null, "place": "locality", "population": null, "postal_code": null, "wikidata": null}, "geometry": {"type": "Point", "coordinates": [85.1167755, 26.3545067]}}, {"type": "Feature", "properties": {"osm_id": 13992550796, "osm_type": "node", "name": "Kazi Chowk", "name_hi": null, "name_en": null, "place": "locality", "population": null, "postal_code": null, "wikidata": null}, "geometry": {"type": "Point", "coordinates": [85.1193913, 26.3551298]}}, {"type": "Feature", "properties": {"osm_id": 13992550797, "osm_type": "node", "name": "Kazi Sahab Chowk", "name_hi": null, "name_en": null, "place": "locality", "population": null, "postal_code": null, "wikidata": null}, "geometry": {"type": "Point", "coordinates": [85.117887, 26.3551673]}}, {"type": "Feature", "properties": {"osm_id": 13992666777, "osm_type": "node", "name": "Salemppur Chowk", "name_hi": null, "name_en": null, "place": "locality", "population": null, "postal_code": null, "wikidata": null}, "geometry": {"type": "Point", "coordinates": [85.2055119, 26.3251412]}}, {"type": "Feature", "properties": {"osm_id": 13992666778, "osm_type": "node", "name": "Chaknagri Chowk", "name_hi": null, "name_en": null, "place": "locality", "population": null, "postal_code": null, "wikidata": null}, "geometry": {"type": "Point", "coordinates": [85.1637482, 26.3467074]}}, {"type": "Feature", "properties": {"osm_id": 13993510725, "osm_type": "node", "name": "BRC Chowk", "name_hi": null, "name_en": null, "place": "locality", "population": null, "postal_code": null, "wikidata": null}, "geometry": {"type": "Point", "coordinates": [85.1176544, 26.3515809]}}, {"type": "Feature", "properties": {"osm_id": 13993670583, "osm_type": "node", "name": "Katahan Chowk", "name_hi": null, "name_en": null, "place": "locality", "population": null, "postal_code": null, "wikidata": null}, "geometry": {"type": "Point", "coordinates": [85.1452282, 26.3620542]}}, {"type": "Feature", "properties": {"osm_id": 13994957288, "osm_type": "node", "name": "Mangrahi Bazar", "name_hi": null, "name_en": null, "place": "locality", "population": null, "postal_code": null, "wikidata": null}, "geometry": {"type": "Point", "coordinates": [85.1294894, 26.3109881]}}, {"type": "Feature", "properties": {"osm_id": 14115115102, "osm_type": "node", "name": "Barji", "name_hi": null, "name_en": null, "place": "village", "population": null, "postal_code": null, "wikidata": null}, "geometry": {"type": "Point", "coordinates": [85.1428046, 26.3106018]}}]}