{"type": "FeatureCollection", "name": "bihar_subdistricts_boundary", "crs": {"type": "name", "properties": {"name": "urn:ogc:def:crs:OGC:1.3:CRS84"}}, "features": [{"type": "Feature", "properties": {"GID_3": "IND.5.1.1_1", "GID_0": "IND", "COUNTRY": "India", "GID_1": "IND.5_1", "NAME_1": "Bihar", "NL_NAME_1": "NA", "GID_2": "IND.5.1_1", "NAME_2": "Araria", "NL_NAME_2": "NA", "NAME_3": "Araria", "VARNAME_3": "NA", "NL_NAME_3": "NA", "TYPE_3": "Taluk", "ENGTYPE_3": "Taluk", "CC_3": "NA", "HASC_3": "NA"}, "geometry": {"type": "Polygon", "coordinates": [[[87.67096717400011, 26.11094297400018], [87.66871643100012, 26.10790062000018], [87.67276763900014, 26.10469818200005], [87.67581176800002, 26.101089478000063], [87.66980743500017, 26.09579086300016], [87.66577911400003, 26.09544944900017], [87.6662673940001, 26.090740203000053], [87.66475677500006, 26.083061218000182], [87.6604309080002, 26.082479476000003], [87.65167999300007, 26.084529877000136], [87.64853668300009, 26.087120056000117], [87.6455001830002, 26.088520049000067], [87.64267730600011, 26.08879089400017], [87.64200592000014, 26.08541107100018], [87.6368179320001, 26.08595085100012], [87.63202667200011, 26.085029603000066], [87.62657928400006, 26.085510253000052], [87.62264251700003, 26.084331513000052], [87.62201690800003, 26.08144950800005], [87.63080597000004, 26.076219558000048], [87.63051605100009, 26.074430466000024], [87.6241226190001, 26.075351715000124], [87.62359619200015, 26.072771073000126], [87.6210021980001, 26.072290421000105], [87.62171173100012, 26.067010879000122], [87.6162872320001, 26.066230775000008], [87.61424255400004, 26.061571121000156], [87.61276245200014, 26.06015968300005], [87.60945129400005, 26.059709549000104], [87.6090011600001, 26.057199479000076], [87.61171722500006, 26.055561065000063], [87.611907959, 26.051519395000128], [87.61995697100008, 26.046079636000115], [87.62130737200016, 26.042472839000027], [87.61692810000017, 26.03134155200013], [87.61866760300012, 26.028707504000124], [87.61872863900004, 26.026201249000167], [87.61564636200018, 26.023939133000056], [87.61183166500012, 26.02333259700015], [87.60830688500016, 26.02100944600005], [87.59503936800007, 26.022190093999995], [87.59358978300014, 26.017400742000063], [87.58769226200008, 26.01485061699998], [87.57689666800013, 26.012319566000087], [87.57041931200013, 26.009981156000038], [87.55464172300003, 26.000820160000046], [87.55288696300016, 25.993080139000085], [87.55399322500006, 25.985759736000034], [87.54396057000014, 25.981861114000083], [87.53301239000001, 25.98163986300017], [87.53050995000012, 25.98093032800017], [87.5288772580002, 25.97773170500011], [87.52551269600013, 25.979881286000023], [87.52440643400013, 25.981769562000125], [87.5220565790001, 25.982841492000034], [87.52075195300017, 25.98158836400006], [87.52144622800012, 25.979160310000054], [87.51917266900006, 25.976869583000166], [87.50778198200004, 25.97741127000012], [87.5108871450002, 25.973979950000057], [87.51085662900016, 25.970840455000086], [87.50839996399998, 25.97212028500013], [87.4962310790001, 25.98718071000002], [87.49067688100007, 25.984361649000107], [87.48858642500011, 25.985851288000163], [87.48842620800008, 25.98303985600006], [87.48227691700015, 25.973730088000025], [87.47780609000012, 25.974319458000082], [87.47444152800011, 25.9759712230001], [87.46936798000007, 25.979061127000136], [87.46613311800013, 25.983169555000075], [87.46067047200006, 25.986391068000046], [87.45527648900003, 25.987300874000027], [87.44467163000002, 25.982179641000073], [87.44036102300015, 25.98188972500003], [87.42357635400003, 25.987962722000077], [87.41866302400013, 25.990802765000126], [87.41322326600016, 25.987939834000144], [87.40878295800013, 25.9887409210001], [87.40791320800008, 25.98768234200014], [87.40505218599998, 25.990039825000053], [87.4045791640001, 25.986141203999978], [87.39679717900009, 25.986370087000182], [87.3952560420002, 25.98504829300009], [87.39662170400004, 25.982681275000175], [87.39985656800019, 25.982099533000167], [87.39994811899999, 25.981359483000062], [87.39747619600001, 25.976089478000176], [87.39585876500007, 25.974468232000163], [87.39277648800004, 25.966989517000172], [87.39279174900014, 25.961690903000147], [87.38948821900016, 25.960660935000192], [87.3812484730002, 25.9633903510001], [87.37921905500014, 25.962142945000096], [87.37961578400018, 25.959939957000074], [87.38154602000003, 25.957380294000075], [87.3868179320001, 25.955570222000063], [87.38511657700013, 25.954650879000155], [87.38154602000003, 25.954788208000025], [87.38218689000013, 25.95632171699998], [87.37883758499999, 25.958290099000124], [87.3776931760001, 25.962310790000004], [87.37346649100004, 25.962310790000004], [87.37213897600009, 25.9667282100001], [87.36818695100004, 25.9684295670001], [87.36508178800005, 25.97154045000019], [87.35119629000013, 25.976261139000087], [87.34851074200014, 25.978958130000024], [87.34496307300014, 25.980770110000037], [87.34279632599998, 25.97957992700009], [87.34249878000008, 25.977111816000047], [87.33979797300015, 25.97645950300017], [87.3246917730001, 25.979511261000084], [87.30840301500012, 25.97751045200016], [87.30253601000004, 25.97947120700013], [87.29843139700017, 25.968660355000054], [87.29512786800012, 25.965908051000042], [87.28922271800019, 25.96186065700016], [87.28291320800002, 25.959791184000096], [87.2786331170002, 25.959720611000023], [87.27397918700007, 25.964107513999977], [87.27472686700014, 25.977979660000074], [87.27227020200013, 25.981349945000147], [87.26854705700003, 25.98085021899999], [87.26106262100018, 25.984189988000026], [87.2521133420002, 25.972700119000137], [87.24562835800009, 25.96758270200013], [87.23861694400011, 25.96461105300017], [87.23512268100012, 25.964809417000083], [87.23515319700016, 25.961750031000065], [87.22654724100005, 25.960340500000086], [87.22654724100005, 25.95601082000013], [87.2233963010001, 25.95145034899997], [87.2229080210002, 25.947380066000107], [87.2235260000001, 25.943889617000025], [87.21708679300014, 25.942981720000148], [87.21488189700011, 25.952119828000036], [87.21289825400004, 25.95506858800013], [87.21005249100006, 25.957082748000175], [87.2072677610002, 25.958000183000138], [87.19357299900003, 25.95614051800004], [87.19130706800007, 25.95160102800014], [87.18978881900011, 25.950330733999976], [87.18302154500009, 25.94936943100015], [87.17899322500006, 25.95062065200017], [87.17755126999998, 25.946060181000064], [87.17119598300008, 25.944459916000085], [87.1700057990002, 25.942432403999987], [87.15741729700005, 25.942399979000072], [87.15402221800008, 25.945539474000043], [87.14066314700011, 25.950399399000105], [87.1374206550002, 25.950960160000022], [87.13597870000018, 25.94844246000008], [87.13358306800006, 25.94811058000016], [87.13127136200006, 25.952480317000152], [87.12742614700016, 25.95453262300009], [87.12432861400009, 25.955249787000128], [87.11994171100014, 25.952932358000112], [87.11814117400013, 25.950380326000186], [87.11691284200009, 25.955101013000046], [87.11416626000005, 25.95635032600012], [87.11091613800005, 25.959720611000023], [87.10838317900016, 25.95581817600015], [87.10359192000016, 25.96491050700007], [87.10134124700016, 25.967260362000104], [87.09648895200007, 25.969020844000113], [87.08426666200006, 25.96644973700006], [87.07672119100005, 25.962200165000183], [87.07479858300013, 25.960620881000068], [87.07418823200015, 25.96406173700001], [87.07430267300015, 25.966430663000097], [87.07623291000004, 25.970100403000174], [87.07375335700016, 25.972749710000073], [87.06574249300007, 25.97540283100011], [87.06410217200016, 25.97508811900019], [87.05780029400012, 25.98085021899999], [87.0543365470001, 25.982009888000107], [87.05287933300019, 25.98628807100016], [87.05445861800018, 25.988410951000105], [87.05455780000005, 25.991001130000143], [87.06005859500016, 25.99445152400017], [87.06268310500008, 25.991729736000025], [87.06500244100016, 25.991729736000025], [87.06668853800011, 25.99374961800015], [87.066482543, 25.999080658000025], [87.07596588000018, 26.012510300000088], [87.08027649000013, 26.020891190000043], [87.0781326290001, 26.02441978500019], [87.07740783800011, 26.03119850100012], [87.08149719200003, 26.03726005500016], [87.08531189000018, 26.038930893000042], [87.08912658700007, 26.039461136000114], [87.1050567630001, 26.036239624000018], [87.10659790100004, 26.038579941000137], [87.10346984900008, 26.04096984900019], [87.10547638000008, 26.044340134000038], [87.10927581800001, 26.04541015700005], [87.10910797100007, 26.04840087900004], [87.10547638000008, 26.049329758000056], [87.1029815660001, 26.052190782000025], [87.08603668200016, 26.055429459000038], [87.08600616500019, 26.06090927100007], [87.0829772940001, 26.062980652000135], [87.07858276300004, 26.067911148000064], [87.08191680900006, 26.07211113000011], [87.08933258100006, 26.074270249000165], [87.09954834000007, 26.079572678000034], [87.10262298700019, 26.083190917000024], [87.10453033400017, 26.089630126000145], [87.10401916500007, 26.09675979600013], [87.09452819799998, 26.095130921000077], [87.08632659800014, 26.096162797000034], [87.0752792360002, 26.09871292200006], [87.05858612100019, 26.104000092000035], [87.05319976800013, 26.10935974099999], [87.05767059300013, 26.114788055000076], [87.06302642900005, 26.115989686000148], [87.06756591900012, 26.11976051300013], [87.07672119100005, 26.12190818900018], [87.07713318000009, 26.124839783000084], [87.07414245500019, 26.131071090999967], [87.07560730100005, 26.135770798000067], [87.08943176400004, 26.13624954300019], [87.09292602500005, 26.139310837000153], [87.09507751600017, 26.14415931700006], [87.09543609500008, 26.155809402000045], [87.09152221700003, 26.159971237000036], [87.09078979500003, 26.162919998000064], [87.09410095200019, 26.165420533000088], [87.09951019300019, 26.172050476000038], [87.10407257000008, 26.179981232000046], [87.1048431390002, 26.185319900000138], [87.1029815660001, 26.189781189000087], [87.09858703499998, 26.189199447000078], [87.08892822300004, 26.189809800000035], [87.08053588900003, 26.18787956300008], [87.07668304400016, 26.187751768999988], [87.07509613000013, 26.188940048000177], [87.07682800300017, 26.191469193000103], [87.08071136500013, 26.19365120000009], [87.08014678900014, 26.19684982300015], [87.08116149900007, 26.199729920000152], [87.08802032500006, 26.203439712000147], [87.08576202400013, 26.20696258700002], [87.0862960820001, 26.208629608000024], [87.08506011900005, 26.210979462000125], [87.08085632400014, 26.214799882000023], [87.0786361700001, 26.217929841000114], [87.07380676200006, 26.22131919900005], [87.06936645600018, 26.22272110000017], [87.06788635200007, 26.22610282900007], [87.07276916500007, 26.232070923000038], [87.07063293500005, 26.23571968200008], [87.06685638400012, 26.239200592000145], [87.06339263900014, 26.240400314000112], [87.06210327100007, 26.244239806000166], [87.05932617300016, 26.24604034500004], [87.05728912299998, 26.252819061000082], [87.05635833700006, 26.261400223000123], [87.0568161010001, 26.266780853000114], [87.05414581300016, 26.27198028600003], [87.05784606900005, 26.279771806000042], [87.05890655600018, 26.287139894000063], [87.05886840900013, 26.292198181000174], [87.0625076300002, 26.29418945400016], [87.06179046600005, 26.296390535000114], [87.04907226500012, 26.29874038700018], [87.0408325190001, 26.3019104010001], [87.03943634100006, 26.30562019500013], [87.03813171500013, 26.313432694000028], [87.03153228800005, 26.32022094700011], [87.03616333000008, 26.32241058400018], [87.0381088260001, 26.32422065700007], [87.03943634100006, 26.331600190000074], [87.03875732400013, 26.336299897000174], [87.0440063480001, 26.335601807000103], [87.04769134500009, 26.33781242300006], [87.05162811200012, 26.337881089000064], [87.05654144300013, 26.33740997400008], [87.05998992899998, 26.334779739000112], [87.0625610350001, 26.33860969600005], [87.06192016700004, 26.346942901000034], [87.05902862600016, 26.35494041400017], [87.05934905900011, 26.358930588000078], [87.05532074000013, 26.360071182000127], [87.05459594700011, 26.364700318000132], [87.05844879200009, 26.36721038799999], [87.06559753400006, 26.369310379000126], [87.06513977000003, 26.373659133000046], [87.06785583500016, 26.377111435000074], [87.06556701600005, 26.38494110200014], [87.05586242599998, 26.39631080700019], [87.05193328900003, 26.398122787000034], [87.05001068100012, 26.403810501000066], [87.04888915900005, 26.41101074300019], [87.05277252100007, 26.410039903000154], [87.0536193850001, 26.407510757000182], [87.05739593500016, 26.402561188000163], [87.06033325300018, 26.401851654000097], [87.06517791700009, 26.403539658000113], [87.06833648800006, 26.40768051200007], [87.06646728499999, 26.411090851999973], [87.06265258900004, 26.414110184000037], [87.06038665800003, 26.42012977600001], [87.0602798450002, 26.425760270000126], [87.05761718800005, 26.42840957600015], [87.0516128540001, 26.429359436000027], [87.04881286600005, 26.432521821000137], [87.05113983200005, 26.440509796000185], [87.0610122670002, 26.440240861000007], [87.05922699100012, 26.44581985500014], [87.05651092599999, 26.4486503600001], [87.05605316200013, 26.453638076000175], [87.05364227400014, 26.456712723000123], [87.05943298300008, 26.458999634000065], [87.05960845900006, 26.46190071100017], [87.05683135900011, 26.465131760000077], [87.05269622800006, 26.465980529000092], [87.0492630010001, 26.467929841000057], [87.04722595100014, 26.475179673000014], [87.0430831920001, 26.47953033400006], [87.04493713400018, 26.481531143000097], [87.04319000200007, 26.4831504820001], [87.04358673100012, 26.484870912000133], [87.05101013100006, 26.486211777000165], [87.05074310300017, 26.48917007600005], [87.04779052700013, 26.492059709000102], [87.0434570320001, 26.494770051000046], [87.04013061600006, 26.49831008900003], [87.03856659000013, 26.504299165000134], [87.03988647500017, 26.509149552000054], [87.04852294900013, 26.512308120000114], [87.0485687260001, 26.52164077800012], [87.04573822100014, 26.525190354000188], [87.04532623200004, 26.527540207000186], [87.04561615000006, 26.532470703000115], [87.0475769050002, 26.536590576000037], [87.05384063600002, 26.538600922000114], [87.05359649700017, 26.543581008000046], [87.0521774280001, 26.548770904000094], [87.04897308300008, 26.55421066400004], [87.03639221100008, 26.554990768000096], [87.03588104200014, 26.556596756000147], [87.04483032100018, 26.56794357200016], [87.04730987500017, 26.586956025000006], [87.05066681000017, 26.586816789000068], [87.07427978600009, 26.58546638600012], [87.07436370800013, 26.58443069500015], [87.07440185500013, 26.583974838000188], [87.07547760000006, 26.57730293300017], [87.07551574700011, 26.577014922000046], [87.07511901800007, 26.541614533000143], [87.07841491700003, 26.537015915000154], [87.08220672500005, 26.52294921900011], [87.08811950700004, 26.48529243400003], [87.09391784700006, 26.450016021000067], [87.11156463600008, 26.436834336000175], [87.13014984200004, 26.42302513100003], [87.14151000900017, 26.41458892900016], [87.16371154700005, 26.40441703900018], [87.16501617300014, 26.40381622400008], [87.17344665600001, 26.4030323020001], [87.19147491500019, 26.405109407000054], [87.18881988600015, 26.414014817000066], [87.20381927400007, 26.413295746000188], [87.2053527830002, 26.413227082000162], [87.2138137820001, 26.412849427000083], [87.21446228000013, 26.41011619600016], [87.21391296400014, 26.4096889490001], [87.21392059200008, 26.409416199000077], [87.21667480400004, 26.407989502000078], [87.21971893400001, 26.4064159400001], [87.22142028900004, 26.402915954000036], [87.22615051300005, 26.405570984000178], [87.22638702400019, 26.40837478700007], [87.22761535600006, 26.408504486000027], [87.22866058300008, 26.41004753100009], [87.22863006600016, 26.410488129000157], [87.22905731200018, 26.410631180000166], [87.2293167110002, 26.411014556000055], [87.22962188800017, 26.411296844000162], [87.22912597700008, 26.41160583600015], [87.23044586200012, 26.412071228000116], [87.23123931900011, 26.412351609000154], [87.23123931900011, 26.412817001000064], [87.23123931900011, 26.413347245000068], [87.24761199900018, 26.413988113000187], [87.25037384000012, 26.41359520000009], [87.25031280500014, 26.412519454000062], [87.25036621000004, 26.412435532000075], [87.25251770100016, 26.409114837000175], [87.25594329900008, 26.41008186500011], [87.2587051380001, 26.410860061000164], [87.2641830450001, 26.407777787000043], [87.26860046400009, 26.40529441800004], [87.26811218200004, 26.390819550000174], [87.26680755600006, 26.38627433700003], [87.26828766000017, 26.37440490800003], [87.26838684199998, 26.373611450999988], [87.27482604900013, 26.372341156000175], [87.28611755300005, 26.373077393000074], [87.29192352200005, 26.37343025200005], [87.29946136500013, 26.368715286000167], [87.30381011900005, 26.365997314000026], [87.30879211500013, 26.36829376200012], [87.31482696600006, 26.37107276900008], [87.31491851800018, 26.371114731000034], [87.31590271100015, 26.367250443000046], [87.32431793300009, 26.35990905900013], [87.33825683600008, 26.351470948000156], [87.34049224800015, 26.350118637000094], [87.34341430700005, 26.34751510600006], [87.34715271000005, 26.34960174600019], [87.35016632100007, 26.35133361900006], [87.35561370900012, 26.356147767000152], [87.36083221400014, 26.360822677000044], [87.35590362500011, 26.371835708000106], [87.35720062300015, 26.378934860000186], [87.35886383100012, 26.387870789000146], [87.36411285500009, 26.396619797000028], [87.3712921140002, 26.407754898000007], [87.37863922100013, 26.40674018800007], [87.38513946500007, 26.413028718000135], [87.39102935900013, 26.418697357999974], [87.41433715900007, 26.421529771000166], [87.42162323000008, 26.422418595000124], [87.42285919300014, 26.42236518800007], [87.43019866900005, 26.422044755000115], [87.43379974300012, 26.42453193700004], [87.4455108640002, 26.43274116400005], [87.4647521980001, 26.438924789000055], [87.4690933220001, 26.440065385000082], [87.48712921200007, 26.43698310800005], [87.4885101320001, 26.43674659700008], [87.49820709100015, 26.435087204000013], [87.51892852700013, 26.430620195000188], [87.53929901200007, 26.420686722000085], [87.55001831100014, 26.418214798000065], [87.55532074000018, 26.405414581000116], [87.57361602700007, 26.39681625300011], [87.59022522000004, 26.39221382200003], [87.59055328300008, 26.390251160000048], [87.59088134900003, 26.387994767000123], [87.5897369380001, 26.382236480000188], [87.58965301600011, 26.38181305000012], [87.60841369600018, 26.380601882999997], [87.61463165200007, 26.389829636000115], [87.630386353, 26.393468857000073], [87.63089752200011, 26.393587111999977], [87.64583600000014, 26.39334900000017], [87.64584420800014, 26.393272675000162], [87.64586598300008, 26.393070156000192], [87.64280699900007, 26.39315400100014], [87.64265882600017, 26.39315804500012], [87.63855818600018, 26.393269968000027], [87.64235690100014, 26.390621119000173], [87.6436767580002, 26.387239457000135], [87.64276776400015, 26.38548466700007], [87.64261993100007, 26.38519935500011], [87.64238704900015, 26.38475009400014], [87.63994598300019, 26.382801056000176], [87.63957698000007, 26.382698091000066], [87.63911106400008, 26.382568082999967], [87.6372528070001, 26.382049561000088], [87.63088989700015, 26.385231016000148], [87.62773900000008, 26.38572099999999], [87.62595898700016, 26.38455108400018], [87.6254977700001, 26.384247887000072], [87.62458801300005, 26.383649826000067], [87.62351226800013, 26.380479813000022], [87.62375632500016, 26.38025521000003], [87.62437508800014, 26.379685768000172], [87.62930285900006, 26.375150792000113], [87.62254333500016, 26.365158081999994], [87.61730957000015, 26.363479614000028], [87.61630977400017, 26.362872518000074], [87.61377000100009, 26.361329999000077], [87.614030066, 26.353747816000066], [87.61406707800006, 26.352670670000123], [87.61087036100014, 26.35075950700019], [87.60831732800006, 26.351499552000007], [87.60416000000015, 26.352704000000188], [87.60096727300004, 26.353629921000163], [87.5987321340001, 26.351169740000103], [87.60032354900005, 26.348058558000048], [87.60243429399998, 26.3439326620001], [87.60399627600009, 26.340879440000094], [87.61043523400014, 26.33636203500015], [87.61131534900005, 26.33574456800011], [87.61199188300003, 26.335269928999992], [87.6119772190001, 26.335042543000043], [87.61192537400012, 26.334238641000127], [87.6116714480001, 26.33030128400003], [87.61486816299998, 26.32804107800007], [87.61491323700017, 26.326911531000178], [87.6149917190001, 26.324944794000032], [87.61505886400005, 26.32326442200008], [87.62301635700004, 26.323591232000126], [87.62684631400015, 26.317361832000017], [87.6269372590001, 26.317303531000107], [87.62839900000017, 26.316367000000128], [87.63230900000002, 26.313860000000034], [87.63442546100009, 26.31323521100012], [87.63902282700019, 26.311878205000085], [87.65039825500008, 26.30579948400009], [87.6528930670001, 26.292449950000105], [87.65208347900005, 26.292279712000038], [87.64767273000007, 26.29135188900011], [87.64765900000003, 26.29134900000014], [87.64745600000009, 26.291079000000025], [87.64614073600018, 26.289331242000173], [87.64560700500016, 26.288621915000192], [87.64565312000013, 26.287759588000142], [87.64576000000011, 26.28576099999998], [87.64810541200018, 26.283392701000082], [87.64811700100017, 26.283380999000144], [87.64885369600012, 26.279004372000145], [87.64913194700011, 26.277351313000054], [87.66078184700018, 26.272760060000053], [87.66067379200001, 26.270033835000163], [87.66060982200008, 26.268421039000145], [87.66059100400008, 26.26794809600017], [87.65966613600017, 26.2675106210001], [87.6570472250001, 26.266271841000105], [87.65281703300019, 26.264270904000057], [87.65337154100007, 26.26263464900012], [87.65367337700019, 26.261744470000053], [87.65379323000008, 26.261390997000035], [87.65812683000013, 26.261331559000098], [87.65885491200015, 26.25729889100006], [87.65899639700007, 26.256515240000112], [87.65911102300015, 26.255880355999977], [87.66073213600004, 26.25283708500018], [87.66108942000011, 26.252166370000168], [87.66120901699998, 26.25194185400011], [87.66128424900018, 26.251305816000013], [87.66144103300019, 26.249979091000114], [87.66171264600018, 26.24768066500019], [87.661564672, 26.247264704000145], [87.66125839800009, 26.24640375400014], [87.66040039100005, 26.24399185200008], [87.66204833900014, 26.239931107000075], [87.67286689299999, 26.232740214000103], [87.67287711700016, 26.232713534000027], [87.67303142300011, 26.232310888000086], [87.67610931500008, 26.224279403000025], [87.67878723100011, 26.222179413000163], [87.67878723100011, 26.216712955000162], [87.67881742500015, 26.21670709099999], [87.68168640100004, 26.21615028500014], [87.68308012800014, 26.213403426000127], [87.68322859400018, 26.21311082000011], [87.68325802300018, 26.213052820000087], [87.68326111500011, 26.21302885500012], [87.6832899100001, 26.21280468100008], [87.68376159600001, 26.20913124100008], [87.68798065100015, 26.202169419000086], [87.6894226070001, 26.19758987500012], [87.68855311800019, 26.19504412900011], [87.68825014700008, 26.1941570730001], [87.68788909900002, 26.193099975000052], [87.68289184500009, 26.19067955100013], [87.68106890200016, 26.19134286800005], [87.68074400000012, 26.19146100000006], [87.67920700000013, 26.192020000000127], [87.67920035600008, 26.19201059700015], [87.67753798600006, 26.18965762600004], [87.67623901400003, 26.187818527000047], [87.67552948000014, 26.18295097400005], [87.67675463100016, 26.18049373400015], [87.67716200000001, 26.179677000000083], [87.67788466600012, 26.178227682000056], [87.6816789130001, 26.176686101000143], [87.68805700000019, 26.17410100100011], [87.68864666100018, 26.173350639000034], [87.6896558970002, 26.17206668400013], [87.69037628100011, 26.171150208000142], [87.69091795900016, 26.168081263000147], [87.69056961800004, 26.167335885000114], [87.69019485300004, 26.16653396200013], [87.68975830000005, 26.165599824000083], [87.68918889400004, 26.165624435000097], [87.68759200000005, 26.165693000000147], [87.6842345570002, 26.16583719800019], [87.68180972100009, 26.165575609000143], [87.67729949900013, 26.165088654000044], [87.67751225100017, 26.16132003700011], [87.6775320000001, 26.160971000000075], [87.67777300000012, 26.156710000000146], [87.68099187799999, 26.155950745000098], [87.67825317300014, 26.1502208710001], [87.67785644500003, 26.138059616000135], [87.67600410400013, 26.138281615000096], [87.6755580000002, 26.138335000000154], [87.67433933400008, 26.13848096000015], [87.67650604300019, 26.12877082800003], [87.67456712500018, 26.12709777800012], [87.67398835100005, 26.12659830199999], [87.6750029960001, 26.118389031000163], [87.6746325700002, 26.117705596000178], [87.67269466200008, 26.114130173000035], [87.67096717400011, 26.11094297400018]]]}}, {"type": "Feature", "properties": {"GID_3": "IND.5.2.1_1", "GID_0": "IND", "COUNTRY": "India", "GID_1": "IND.5_1", "NAME_1": "Bihar", "NL_NAME_1": "NA", "GID_2": "IND.5.2_1", "NAME_2": "Arwal", "NL_NAME_2": "NA", "NAME_3": "Jahanabad", "VARNAME_3": "NA", "NL_NAME_3": "NA", "TYPE_3": "Taluk", "ENGTYPE_3": "Taluk", "CC_3": "NA", "HASC_3": "NA"}, "geometry": {"type": "Polygon", "coordinates": [[[84.73145294300019, 25.057920455999977], [84.73287201000011, 25.068130494000116], [84.73171997100008, 25.072080612000093], [84.72490692100018, 25.074111940000137], [84.72512054400016, 25.07792091300007], [84.72032165600012, 25.078069688000028], [84.71866607600009, 25.080661774000077], [84.71520996200013, 25.08222007700016], [84.71187591600017, 25.08030128500019], [84.70730590900013, 25.0828495020001], [84.70693206900012, 25.08768081600016], [84.69564056500019, 25.09297943100006], [84.6912307730002, 25.09690284800007], [84.68563842900005, 25.098470689000067], [84.67858886600004, 25.104139329000134], [84.6716690070001, 25.097150802000158], [84.66063690200008, 25.103099823000093], [84.64937591500012, 25.10668945400016], [84.64359283400006, 25.10056114200006], [84.63690948500016, 25.096109391000084], [84.63379669200009, 25.08987045300006], [84.62429809700012, 25.083629607999967], [84.62232208200015, 25.086500167999986], [84.62325286800007, 25.093709946000047], [84.62104034400016, 25.105531692000113], [84.61573028500015, 25.107339859000092], [84.60840606700009, 25.10480117800006], [84.60999298100012, 25.0965595240001], [84.5999526980001, 25.09769058200004], [84.5992431630001, 25.092090607000102], [84.59654235900007, 25.089309692000143], [84.5971374520002, 25.08050918700019], [84.58693695100004, 25.078449250000176], [84.58524322500006, 25.0743198400001], [84.5792160040001, 25.075981140000067], [84.58049774200009, 25.08485984800018], [84.58779907200005, 25.08547020000003], [84.5908584600001, 25.10480117800006], [84.58920288000007, 25.105310438999993], [84.58725738600003, 25.103349685000126], [84.57553100700011, 25.10475921600016], [84.56729126000005, 25.108829499000024], [84.56675720300018, 25.11757087600006], [84.56237030000017, 25.119840623000186], [84.56073761100004, 25.117200851000064], [84.55265045200014, 25.117830276000007], [84.55042266800018, 25.114709855000058], [84.54634857200006, 25.114320756000097], [84.53703308000007, 25.107059479000156], [84.51869964600013, 25.10881042600016], [84.50537872200005, 25.108800888000076], [84.50335693400007, 25.106870652000055], [84.49871063200004, 25.105140686000084], [84.48816680800019, 25.098749162000104], [84.47342682000004, 25.09723091100011], [84.47013855000012, 25.09147071800004], [84.46279144400012, 25.096771241000113], [84.45942687900015, 25.10046959000016], [84.45562744100005, 25.102930070000127], [84.45765686100009, 25.108190537000098], [84.46779632600015, 25.11627006500015], [84.45295715300006, 25.123741150000058], [84.44016265900012, 25.129592895000087], [84.44261169300012, 25.135040283000137], [84.44792938200015, 25.14229011500015], [84.45272064200014, 25.154661179000186], [84.45646667500017, 25.160140991000105], [84.45775604300013, 25.16241073700013], [84.47500610400016, 25.181167604000166], [84.4838867200001, 25.188800812000068], [84.50392913900009, 25.200170517000117], [84.51320648100011, 25.206270218000043], [84.52356719900013, 25.210290909000094], [84.54841613800005, 25.212699891000113], [84.55597686800019, 25.214389801000152], [84.565429688, 25.21879959200004], [84.59142303400006, 25.22616958700013], [84.59716796800006, 25.229579925000053], [84.61978149500015, 25.236219406000032], [84.63389587400013, 25.246709823000174], [84.64560699500004, 25.258850099000142], [84.65087127700019, 25.272239686000034], [84.65750885100016, 25.285089493000157], [84.66802978600015, 25.300230026000122], [84.68081665000017, 25.30941009600008], [84.69715118300013, 25.316471099000182], [84.70329284600018, 25.300569534000147], [84.70915222100012, 25.29714965900007], [84.71563720700004, 25.295900345000064], [84.717041015, 25.294269561000135], [84.71679687400018, 25.289600372000052], [84.71550750800009, 25.285629274000144], [84.70961761500007, 25.284999846999995], [84.705810547, 25.2835998540001], [84.70094299300018, 25.284181596000053], [84.69893646200012, 25.282051086000024], [84.69728088400012, 25.27330970900016], [84.68739318900009, 25.271181107000075], [84.68190765400016, 25.272018433000085], [84.67929077100013, 25.266572953000036], [84.67836761500013, 25.261262894000026], [84.68241119499999, 25.256740570000147], [84.68689727800017, 25.25509071300013], [84.69262695400016, 25.255100251000044], [84.69381713900015, 25.256940842000176], [84.69315338100012, 25.259122849000164], [84.70494842599999, 25.26177024800012], [84.70816039900012, 25.261800767000068], [84.71318817200017, 25.2610607150001], [84.71356201200001, 25.258020400000134], [84.72764587500012, 25.253032684000118], [84.72836303800005, 25.26378059500007], [84.73486328100012, 25.268831254000077], [84.74429321200006, 25.26371002200017], [84.74978637700008, 25.26246070800005], [84.75414276100014, 25.262489319000167], [84.75705719000013, 25.25897026000007], [84.76310729900001, 25.257049560000098], [84.76682281500013, 25.256999970000095], [84.77278137200011, 25.25844001700017], [84.77787017800017, 25.256509782000023], [84.7803726200001, 25.253940582000098], [84.78102111800013, 25.248830795000174], [84.78061676000004, 25.24353027400008], [84.77832794200003, 25.237829209000097], [84.76741790800008, 25.236810684000147], [84.76463317800005, 25.23248100300009], [84.76180267300009, 25.230550766000135], [84.75376892100007, 25.231149674000164], [84.7476806640002, 25.237920761000055], [84.74153900099998, 25.23649978700007], [84.74018859800009, 25.230512619000137], [84.73515319900008, 25.226539612000124], [84.72847747899999, 25.22270965600012], [84.7239761350001, 25.22304153400006], [84.71269226100009, 25.214990616000023], [84.71810913000019, 25.21334075900006], [84.71701049900014, 25.205089570000098], [84.72130584800004, 25.202579499000137], [84.72512054400016, 25.202350617000036], [84.7300262460002, 25.208131790000095], [84.73448181200007, 25.2098808290001], [84.7376327520002, 25.20970916900012], [84.7391128540001, 25.213190079000185], [84.7439575190001, 25.214178086000118], [84.74571990900006, 25.218860627000026], [84.75827026500019, 25.219451905000142], [84.76142883300008, 25.221460342000114], [84.76580810500002, 25.222930908000137], [84.77596282900004, 25.222040177000054], [84.7851028450001, 25.222200394000083], [84.7938766480001, 25.21953964200003], [84.7954330440001, 25.217428208000115], [84.80214691100008, 25.21605110100012], [84.80388641500008, 25.219640732000187], [84.81254577600009, 25.223640442000033], [84.81944274900007, 25.229070664000062], [84.82698059199998, 25.22867965800009], [84.82961273300009, 25.23447990400018], [84.83867645300006, 25.233209610000074], [84.83896636900005, 25.230302811000172], [84.84900665200007, 25.22879028300008], [84.85160064800016, 25.22377014200009], [84.85386657700013, 25.222721101000104], [84.85675048899998, 25.21701049799998], [84.85489654500009, 25.21020698500007], [84.85311126700014, 25.204496384000038], [84.84918213000003, 25.199855805000027], [84.85132598800016, 25.198072434000153], [84.85239410300017, 25.19414520200013], [84.85239410300017, 25.188434602000143], [84.85275268500015, 25.184509278000064], [84.85560607900015, 25.181297302000075], [84.8588180540001, 25.177013397000053], [84.85846710200019, 25.17308807300003], [84.85774993900009, 25.169160844000032], [84.8588180540001, 25.161666870000147], [84.85774993900009, 25.154884338999977], [84.85917663600009, 25.151315690000047], [84.85917663600009, 25.14846038900015], [84.86025238100018, 25.14274978600008], [84.8638153080002, 25.13775253200015], [84.86702728300014, 25.134540559000186], [84.86702728300014, 25.12989997900013], [84.86702728300014, 25.12597465500005], [84.87023925900013, 25.124546051000152], [84.87452697700019, 25.122047424000073], [84.87310028100006, 25.11705207900002], [84.87059783900014, 25.109556198000064], [84.86881256200013, 25.102416993000077], [84.86774444500014, 25.09456443800002], [84.8720245350001, 25.09099578900009], [84.87523651100008, 25.08707046500001], [84.87523651100008, 25.08457183800016], [84.87380981400008, 25.080644608000114], [84.87167358400006, 25.07743263300017], [84.87059783900014, 25.07279396100006], [84.87017059300018, 25.06483459499998], [84.85910797200012, 25.06144905100018], [84.8476867670002, 25.063859939000167], [84.829048156, 25.066022873000065], [84.82179260200007, 25.06575965900015], [84.81925201500013, 25.068489074000126], [84.81433105400004, 25.07019043100013], [84.80528259300019, 25.073621749000154], [84.79824066300017, 25.068679810000106], [84.79284668000014, 25.0628700260001], [84.78864288300008, 25.06647109900007], [84.77580261200018, 25.065080644000034], [84.76880645800003, 25.058271408000053], [84.76332855200013, 25.05431938200013], [84.75601959200009, 25.05593109100016], [84.74801635699998, 25.053781510000192], [84.73145294300019, 25.057920455999977]]]}}, {"type": "Feature", "properties": {"GID_3": "IND.5.3.1_1", "GID_0": "IND", "COUNTRY": "India", "GID_1": "IND.5_1", "NAME_1": "Bihar", "NL_NAME_1": "NA", "GID_2": "IND.5.3_1", "NAME_2": "Aurangabad", "NL_NAME_2": "NA", "NAME_3": "Aurangabad", "VARNAME_3": "NA", "NL_NAME_3": "NA", "TYPE_3": "Taluk", "ENGTYPE_3": "Taluk", "CC_3": "NA", "HASC_3": "NA"}, "geometry": {"type": "Polygon", "coordinates": [[[84.44016265900012, 25.129592895000087], [84.45295715300006, 25.123741150000058], [84.46779632600015, 25.11627006500015], [84.45765686100009, 25.108190537000098], [84.45562744100005, 25.102930070000127], [84.45942687900015, 25.10046959000016], [84.46279144400012, 25.096771241000113], [84.47013855000012, 25.09147071800004], [84.47342682000004, 25.09723091100011], [84.48816680800019, 25.098749162000104], [84.49871063200004, 25.105140686000084], [84.50335693400007, 25.106870652000055], [84.50537872200005, 25.108800888000076], [84.51869964600013, 25.10881042600016], [84.53703308000007, 25.107059479000156], [84.54634857200006, 25.114320756000097], [84.55042266800018, 25.114709855000058], [84.55265045200014, 25.117830276000007], [84.56073761100004, 25.117200851000064], [84.56237030000017, 25.119840623000186], [84.56675720300018, 25.11757087600006], [84.56729126000005, 25.108829499000024], [84.57553100700011, 25.10475921600016], [84.58725738600003, 25.103349685000126], [84.58920288000007, 25.105310438999993], [84.5908584600001, 25.10480117800006], [84.58779907200005, 25.08547020000003], [84.58049774200009, 25.08485984800018], [84.5792160040001, 25.075981140000067], [84.58524322500006, 25.0743198400001], [84.58693695100004, 25.078449250000176], [84.5971374520002, 25.08050918700019], [84.59654235900007, 25.089309692000143], [84.5992431630001, 25.092090607000102], [84.5999526980001, 25.09769058200004], [84.60999298100012, 25.0965595240001], [84.60840606700009, 25.10480117800006], [84.61573028500015, 25.107339859000092], [84.62104034400016, 25.105531692000113], [84.62325286800007, 25.093709946000047], [84.62232208200015, 25.086500167999986], [84.62429809700012, 25.083629607999967], [84.63379669200009, 25.08987045300006], [84.63690948500016, 25.096109391000084], [84.64359283400006, 25.10056114200006], [84.64937591500012, 25.10668945400016], [84.66063690200008, 25.103099823000093], [84.6716690070001, 25.097150802000158], [84.67858886600004, 25.104139329000134], [84.68563842900005, 25.098470689000067], [84.6912307730002, 25.09690284800007], [84.69564056500019, 25.09297943100006], [84.70693206900012, 25.08768081600016], [84.70730590900013, 25.0828495020001], [84.71187591600017, 25.08030128500019], [84.71520996200013, 25.08222007700016], [84.71866607600009, 25.080661774000077], [84.72032165600012, 25.078069688000028], [84.72512054400016, 25.07792091300007], [84.72490692100018, 25.074111940000137], [84.73171997100008, 25.072080612000093], [84.73287201000011, 25.068130494000116], [84.73145294300019, 25.057920455999977], [84.73087310800008, 25.05387115400015], [84.72722625800014, 25.04618072600016], [84.71216583200015, 25.045980454000073], [84.69738769500015, 25.04694938700004], [84.6962966910001, 25.03856086700017], [84.70163726800013, 25.033250810000027], [84.71534729100006, 25.025791168000126], [84.71623230000017, 25.018169403000172], [84.71951293900008, 25.01422119100016], [84.72817230200008, 25.013900756000055], [84.73121643000007, 25.01517105100004], [84.73375701900005, 25.017259598000123], [84.74603271400008, 25.0149898520001], [84.74674987800012, 25.004619598000033], [84.73903656100009, 25.000490190000107], [84.73739623900008, 24.995929719000173], [84.73784637500017, 24.98743057300004], [84.72780609200015, 24.98677063000008], [84.72267913700006, 24.98091125500008], [84.72229766900011, 24.973659515000122], [84.73063659700011, 24.967292787000076], [84.7299499500001, 24.95985984800012], [84.71820068400012, 24.959560395000096], [84.71652984600007, 24.957731246000037], [84.7041625970001, 24.957719803000032], [84.70334625300006, 24.95346069400017], [84.70733642600004, 24.950399400000038], [84.705810547, 24.942159654000022], [84.71109008900004, 24.93506050100018], [84.70912933400007, 24.920158386000026], [84.70214080700015, 24.919141770000124], [84.7003097540001, 24.911029816000053], [84.69883728000008, 24.90942955000014], [84.69745636000005, 24.904600144000085], [84.69068908800006, 24.903699875000086], [84.68183898799998, 24.905290604000186], [84.67988586400003, 24.90214157100013], [84.67471313400017, 24.903472901000157], [84.6738967890002, 24.899791719000007], [84.67414856000016, 24.894622803999994], [84.67051696800007, 24.89215087800011], [84.66616058400001, 24.89182090800017], [84.6647262570001, 24.89423942600007], [84.65718078499998, 24.890760423000074], [84.65405273400012, 24.88651847900013], [84.66101074200009, 24.884700774000066], [84.66345977700013, 24.883020401000067], [84.66369628800004, 24.876630782999996], [84.65780639700006, 24.872560500000134], [84.65297699100017, 24.87925910900009], [84.63839721700015, 24.88311958300011], [84.63282775900012, 24.878242494000062], [84.63526153600014, 24.875751495000088], [84.6343765270002, 24.867410659000086], [84.6406478880001, 24.863550186000168], [84.64492797900016, 24.856609345000095], [84.65886688200015, 24.851430893000042], [84.66484832700007, 24.850709916000028], [84.66770935100004, 24.841888428000175], [84.6674270630001, 24.834409714999993], [84.67627716000004, 24.831899643000156], [84.68145752000004, 24.83527183500013], [84.68672943000018, 24.832731247000027], [84.69027709900013, 24.82747268700018], [84.68988037000008, 24.81802940500006], [84.69502258300002, 24.812759400000004], [84.6958618160001, 24.802061082000023], [84.72561645500008, 24.795709609000028], [84.7274932850001, 24.79062843300005], [84.7183761600001, 24.78935051100018], [84.71798706000004, 24.78359031600013], [84.72296142500016, 24.781850815000155], [84.7235107410001, 24.778270722000116], [84.72675323500016, 24.77699089200013], [84.72595214800003, 24.767391205000138], [84.7093429570001, 24.76653289899997], [84.71154785100009, 24.757999420000147], [84.71911621000004, 24.75311851600003], [84.71972656300017, 24.729991912000003], [84.71534729100006, 24.7012100230001], [84.70906829900008, 24.701000214000032], [84.70189666800013, 24.697820664000062], [84.69536590500019, 24.698699951000037], [84.69055938700006, 24.69106102000012], [84.69133758600003, 24.681329727000104], [84.68206787100019, 24.678499222000085], [84.65545654200008, 24.683200837000186], [84.65643310500013, 24.680030823000095], [84.64908599800003, 24.68092918300016], [84.64541625900006, 24.675849915000185], [84.63836669900013, 24.678371430000027], [84.63537597600003, 24.67239952100016], [84.6374206540001, 24.664199829000097], [84.63169097800011, 24.664632797000024], [84.62899780200007, 24.653419494000104], [84.62207794300008, 24.652240754000104], [84.61145782500017, 24.65676117000004], [84.60424804700011, 24.660879136000062], [84.60298919600012, 24.655071259000124], [84.59628295900012, 24.65676117000004], [84.59281921400014, 24.643711091000057], [84.59217071600011, 24.630920410000158], [84.59295654300001, 24.626600265000036], [84.59664154100011, 24.625030518000074], [84.58679199200009, 24.616020204000108], [84.58963775500007, 24.608301162000032], [84.58689880400004, 24.604789734999997], [84.58960723900003, 24.597589493000044], [84.58389282100006, 24.59416008000011], [84.58289337200006, 24.5898399350001], [84.56520080500019, 24.578100205000112], [84.55747222800011, 24.569890977000114], [84.56027221700003, 24.56670951800004], [84.57058715800008, 24.567079543000034], [84.5738067630001, 24.56419944800001], [84.56828308200005, 24.55891990600003], [84.56192779500009, 24.557439804000126], [84.56371307299997, 24.551900864000118], [84.5607223500001, 24.5452518460001], [84.55557250900006, 24.541971207000188], [84.54920196500018, 24.536121368000124], [84.54265594400005, 24.53227996800007], [84.53923797600004, 24.52779960700019], [84.51294708200004, 24.526559830000053], [84.50100708000014, 24.520259857000042], [84.482063294, 24.51437187300013], [84.46623993000014, 24.533069612000077], [84.46102142300009, 24.537811279000096], [84.44243621800007, 24.532489777000137], [84.44071197400001, 24.539751052999975], [84.43847656200018, 24.55726051300013], [84.43109893900004, 24.573280334000174], [84.42282867400007, 24.572790146000102], [84.416107179, 24.552881240000033], [84.41007995600006, 24.558879852000075], [84.39981842000009, 24.56546974300005], [84.40257263200004, 24.571218490000092], [84.39702606200018, 24.572612762000176], [84.39344787700014, 24.568180085000165], [84.38751220600005, 24.567680359000178], [84.38558959900007, 24.561241150000058], [84.38777160600006, 24.557540894000113], [84.38565826400014, 24.552551270000095], [84.38638305600011, 24.54585838400004], [84.37780761700014, 24.54305076700018], [84.38049316500008, 24.531141282000192], [84.36579895100004, 24.527879715999973], [84.3685531610002, 24.516759873000183], [84.36344146800013, 24.510610580000048], [84.3413162240002, 24.500169755000115], [84.33940124500009, 24.496839524000166], [84.3217086800002, 24.48975753800005], [84.32565307500016, 24.496709823000174], [84.3263473500001, 24.502719880000143], [84.32168579200004, 24.513179780000144], [84.31910705600006, 24.522310258000118], [84.3128433220001, 24.526769639000065], [84.31192779500014, 24.533758164000176], [84.30944824300013, 24.539541245000066], [84.3020095820001, 24.54725265400009], [84.29743194500014, 24.563142776000177], [84.2929763790001, 24.56599044700016], [84.2799758920001, 24.563360214000056], [84.26922607400007, 24.564252853000085], [84.27189636100013, 24.554021836000118], [84.28009033200016, 24.551919938000083], [84.27828216500018, 24.54747009200014], [84.26859283400006, 24.54685974099999], [84.26944732600009, 24.541368486000124], [84.26474761900016, 24.54057121300019], [84.26274108900003, 24.537111282000183], [84.25846862700018, 24.53769111600019], [84.25714111200006, 24.530750276000163], [84.24852752600003, 24.531589507999968], [84.2499465950001, 24.535739899000134], [84.24829864500003, 24.538761139000144], [84.24108886700014, 24.54322052000009], [84.23426056000017, 24.54357910200008], [84.23500824000018, 24.55318069400016], [84.22068023600008, 24.55033111600011], [84.21749114900007, 24.535169603000156], [84.20892334000018, 24.537160874000165], [84.20620727500011, 24.545330049000086], [84.20050048800016, 24.549440384000093], [84.19991302500011, 24.55702018700015], [84.18830108600008, 24.555320740000127], [84.1869583130001, 24.549301148000154], [84.18158721900016, 24.547060013000078], [84.17288207900003, 24.54713058600015], [84.1728210460002, 24.54198074400017], [84.1823959350001, 24.523609161000024], [84.18641662600015, 24.522499084000117], [84.18225860600018, 24.51834106399997], [84.18226623600009, 24.515630722000083], [84.17926025300017, 24.510419846000048], [84.17137146000016, 24.509790421000105], [84.16114044100016, 24.51258277900007], [84.15364074700011, 24.517641067000056], [84.15589141800007, 24.519481660000054], [84.15571594200014, 24.52433967600018], [84.16440582200005, 24.533712387000037], [84.16065979100017, 24.538240432000123], [84.14955902100007, 24.540300369000136], [84.14605712900004, 24.540300369000136], [84.13629150400004, 24.529361726000047], [84.13701629600013, 24.518180847000167], [84.13996124400006, 24.504800797000087], [84.13654327400008, 24.502540589000148], [84.12901306100008, 24.500680923999994], [84.12490844799999, 24.498319626000068], [84.12258148200004, 24.48666954000015], [84.1097793570001, 24.481399536000026], [84.10092163200005, 24.487901688000136], [84.0969696040001, 24.495721817000117], [84.08909607000004, 24.504127503000177], [84.08658599799998, 24.5146312710001], [84.08969116300017, 24.533929825000087], [84.08870697000015, 24.536079408000035], [84.08429718000014, 24.538700103000053], [84.07833862400008, 24.54500961400015], [84.07723999000012, 24.552480699000057], [84.0736770630001, 24.557580948000066], [84.07467651400015, 24.564750672000173], [84.07247924900014, 24.56960105900015], [84.06774139400005, 24.571029663000047], [84.06526184100017, 24.575059892000127], [84.05974578800004, 24.576980592000098], [84.06265258799999, 24.58371925300014], [84.06136322100019, 24.58937072800012], [84.05808258000008, 24.588361740000096], [84.05293273800015, 24.587961197000084], [84.05142212000004, 24.591520311000068], [84.05311584400016, 24.594699860000162], [84.04785919300019, 24.60650825600004], [84.04487609800003, 24.606960297], [84.0467376700002, 24.612289429000043], [84.03823852500017, 24.619409561000168], [84.03324890100015, 24.61895942700005], [84.03205108700013, 24.62157821699998], [84.02899169900013, 24.622640609000143], [84.02678680300016, 24.627742768000132], [84.02416992300016, 24.62906074500006], [84.0196380610002, 24.626819610000155], [84.01566314700011, 24.627601624000192], [84.0145263660001, 24.631639481000093], [84.00196838500011, 24.63540077200014], [83.99221038799999, 24.638032913000075], [84.02970123200015, 24.694509507000078], [84.05539703400012, 24.73294067500001], [84.08174896300005, 24.77133941700015], [84.09736633300014, 24.78913116600006], [84.12548828100012, 24.813800812000068], [84.1415328980001, 24.832101822000084], [84.16374206600005, 24.850919724000107], [84.23516082700013, 24.933372497000107], [84.25016784600007, 24.945600510000133], [84.30206298700017, 25.0031700130001], [84.30674743700013, 25.017288207000092], [84.31379699700005, 25.02384948700012], [84.3369369510001, 25.038900375000026], [84.35190582300015, 25.045629502000168], [84.36255645700015, 25.048561097000174], [84.36705017000008, 25.051490785000112], [84.37745666500001, 25.055940628000144], [84.40830230800003, 25.07274055500011], [84.41758728100007, 25.07961082500009], [84.42735290600012, 25.10025024500004], [84.43218994200015, 25.115039825000167], [84.44016265900012, 25.129592895000087]]]}}, {"type": "Feature", "properties": {"GID_3": "IND.5.4.1_1", "GID_0": "IND", "COUNTRY": "India", "GID_1": "IND.5_1", "NAME_1": "Bihar", "NL_NAME_1": "NA", "GID_2": "IND.5.4_1", "NAME_2": "Banka", "NL_NAME_2": "NA", "NAME_3": "Banka", "VARNAME_3": "NA", "NL_NAME_3": "NA", "TYPE_3": "Taluk", "ENGTYPE_3": "Taluk", "CC_3": "NA", "HASC_3": "NA"}, "geometry": {"type": "Polygon", "coordinates": [[[86.68749237100008, 25.11802864000009], [86.69851684600019, 25.11685943599997], [86.69761657600014, 25.113941193000016], [86.70066070600012, 25.11317825300017], [86.70346069300007, 25.11707115300004], [86.71275329500014, 25.115711212000008], [86.72203826800018, 25.115730285000097], [86.72495269699999, 25.12196922300012], [86.7326965330002, 25.120550156000036], [86.73073577800005, 25.112009048000118], [86.73877716000015, 25.1100807200001], [86.73832702600004, 25.10754013100012], [86.74703979500015, 25.10790062000018], [86.75190734800015, 25.109710693000125], [86.75314331100014, 25.106660843000043], [86.75884246800018, 25.106740951000063], [86.76145935000017, 25.110862732000157], [86.76657104500003, 25.111000061000027], [86.76740264900013, 25.10765838700013], [86.780326844, 25.103729248000036], [86.78852844100015, 25.113281250000057], [86.79080200300012, 25.112871171000165], [86.80229949900001, 25.107719422000116], [86.80145263700012, 25.10493087900005], [86.8036270140002, 25.099969864000172], [86.80090332100013, 25.097810745000174], [86.79727172800017, 25.099420548000012], [86.79772949200003, 25.09662246700009], [86.79942321700008, 25.094259262000037], [86.80969238300014, 25.0942497260001], [86.81025695700009, 25.09894943300003], [86.81282043400006, 25.106451035000077], [86.81829833900002, 25.108722687000068], [86.81832885800014, 25.111310958000104], [86.82301330500007, 25.110691071000076], [86.82773590100004, 25.106992721000097], [86.83093261800013, 25.107311248000087], [86.83898162800011, 25.105710983000108], [86.84546661400009, 25.10843086300008], [86.85032653700011, 25.10477256900009], [86.85166931200007, 25.09906959700004], [86.86493682900016, 25.095199585000103], [86.86862182700003, 25.095460893000052], [86.87046814100006, 25.096929551000073], [86.87972259500015, 25.097900392000042], [86.88976287800017, 25.09708976700017], [86.89214324900001, 25.100059510000165], [86.8942718510001, 25.100902558000087], [86.91001129100016, 25.095859529000165], [86.91268920900006, 25.09679985000008], [86.91040039000012, 25.099990845000036], [86.91638946500012, 25.097761155000114], [86.92195129300006, 25.099161149000167], [86.9234008790001, 25.098859787000094], [86.93015289300013, 25.104721069000107], [86.93554687500017, 25.106121062000057], [86.9403610230001, 25.10475921600016], [86.9422760010001, 25.102912902000128], [86.95112609800003, 25.102951051000048], [86.95376586900005, 25.104709626000158], [86.95787048400013, 25.102029801000185], [86.96615600500007, 25.103290557000037], [86.97377777200018, 25.09972953800019], [86.9757766730001, 25.099990845000036], [86.97986602700007, 25.103872299000045], [86.9829483040001, 25.10316085800008], [86.99376678400012, 25.104999542000144], [87.00253295900006, 25.106670380000025], [87.00483703700007, 25.105329513000186], [87.01875305200014, 25.101261138999973], [87.02349090600012, 25.102991105000115], [87.02500915500008, 25.09495925900012], [87.0261688240002, 25.09340095600004], [87.030296325, 25.095579148000184], [87.03063201900011, 25.093490599999996], [87.03351593100012, 25.09185028100012], [87.03569793600013, 25.09257126000017], [87.04064178500016, 25.09634017900015], [87.04000091500006, 25.09959030100015], [87.04383850000005, 25.100282669000023], [87.04602813700012, 25.10462951700015], [87.050346375, 25.10358810400004], [87.05634307800017, 25.10450172400016], [87.0648880010001, 25.09929084700002], [87.07129669200003, 25.09815978900008], [87.07472992000004, 25.09659004300005], [87.07816314600007, 25.093288421000068], [87.08351898199999, 25.09563064600013], [87.08535003700007, 25.095729828000174], [87.08873748900004, 25.09358978300014], [87.09187316800006, 25.094511033000174], [87.09554290800008, 25.093740464000064], [87.09792327900016, 25.09469032400017], [87.10459136900016, 25.095010757000125], [87.10646820000011, 25.090280533000055], [87.11628723199999, 25.09008979800018], [87.11975097700014, 25.090641022000113], [87.12818908700007, 25.08751106300008], [87.13063049400017, 25.085920333000104], [87.13260650700016, 25.08389091500004], [87.13382720900006, 25.08109283400006], [87.13758850000016, 25.067970277000086], [87.13994598300008, 25.067199708000032], [87.13949585000006, 25.062501908000172], [87.16378784300014, 25.06273078900017], [87.1646118170001, 25.058851242000117], [87.17384338400018, 25.058002472000055], [87.17325591900016, 25.056470871000045], [87.16847992000015, 25.048950196000135], [87.16503906200018, 25.045869827000104], [87.16497039799998, 25.04281997600009], [87.15834045500009, 25.031000137000035], [87.15232086100008, 25.026519775000054], [87.14904785200008, 25.02623939600005], [87.14676666300011, 25.024311066000053], [87.1442031850001, 25.017971039000088], [87.14388275100004, 25.010789872000032], [87.14449310400016, 25.006429673000127], [87.14597320600006, 25.00355911400004], [87.14647674700007, 24.9998703010001], [87.15368652200004, 24.990970611000023], [87.15299224900002, 24.98312950100012], [87.15203094500009, 24.974439622000148], [87.1519165040001, 24.968612671000187], [87.15258026100008, 24.962999343000092], [87.15075683499998, 24.95574951100008], [87.14877319400011, 24.94938087500003], [87.14859008800005, 24.942119598999966], [87.15213012700013, 24.93653106800008], [87.15531158400017, 24.93168068], [87.15461731100004, 24.926517486000023], [87.15268707300004, 24.923950196000078], [87.14971160900001, 24.92122268800017], [87.14762878400012, 24.917800903000114], [87.1465072630001, 24.91286277900008], [87.14774322600016, 24.908170701000188], [87.14877319400011, 24.9050903320001], [87.15023040800008, 24.903169632000186], [87.15432739200014, 24.900110246000168], [87.15695953300019, 24.896089555000117], [87.15822601299999, 24.889551164000125], [87.15811920200014, 24.885631562000185], [87.15653991600004, 24.880701064000107], [87.15453338700019, 24.876470566000023], [87.14964294500004, 24.872400285000083], [87.14792633000019, 24.867868423000118], [87.14733886699997, 24.86240768500005], [87.15168762100012, 24.86308097900013], [87.1509780880001, 24.858430863000137], [87.14451599000012, 24.85922050500011], [87.13881683300008, 24.859260559000063], [87.13273620600012, 24.8595790870001], [87.12980651800001, 24.85749053900014], [87.12731933600014, 24.854482651000126], [87.12333679200009, 24.852991103000193], [87.11915588400007, 24.853969574000075], [87.11447143500015, 24.8555297850001], [87.10949707100013, 24.85078811700015], [87.10604858500011, 24.84733009300004], [87.10462188800011, 24.844459534000123], [87.10240936200017, 24.83925819500007], [87.09969329700004, 24.834760666000022], [87.09754943900015, 24.829851151000128], [87.09497070300012, 24.826200485000072], [87.09121704000012, 24.823560714000052], [87.08775329500014, 24.823041917000182], [87.08423614500009, 24.823221206000028], [87.08036041300005, 24.824361802000055], [87.0785675050002, 24.822250366000162], [87.07730102500005, 24.818141938000053], [87.07760620200014, 24.814220429000045], [87.07713318000009, 24.811820984000178], [87.07730102500005, 24.808349609000118], [87.08078002900015, 24.80951118600001], [87.0813827520002, 24.80738067600015], [87.08345031800019, 24.806589126000006], [87.08632659800014, 24.805910110000127], [87.08886718700012, 24.804090499000154], [87.09072876000005, 24.80266952500017], [87.09395599300018, 24.80441093400009], [87.09660339300018, 24.804027557000097], [87.09667205800008, 24.801492690000032], [87.09568023700018, 24.797599793000074], [87.09288024800009, 24.79229164100019], [87.09123230000012, 24.78811073300011], [87.08804321400004, 24.785238266000192], [87.0856018070001, 24.78247070399999], [87.08284759500015, 24.779228212000135], [87.0825424190001, 24.772970201000078], [87.0825424190001, 24.767982482000093], [87.08339691100014, 24.76452064500012], [87.0848693850001, 24.761499406000155], [87.08631134000012, 24.75831985500008], [87.08508300800008, 24.75580978400012], [87.0830917360002, 24.753660201000173], [87.08097076500013, 24.751689911000028], [87.08120727600004, 24.750759125000116], [87.0816116330002, 24.748340607000046], [87.07982635600018, 24.74658966000004], [87.07646179100004, 24.74549102800006], [87.07454681400014, 24.74472046000011], [87.0735931390002, 24.74307060199999], [87.07398986800007, 24.740549087000034], [87.07636260900006, 24.73992920000012], [87.0757675160001, 24.738149644000146], [87.07560730100005, 24.736419678000004], [87.07704925600007, 24.735660553000173], [87.07847595300012, 24.736150741000074], [87.08040618800004, 24.73698043900015], [87.0813217160001, 24.73594284100011], [87.08119201700009, 24.732650757000044], [87.0813827520002, 24.729259490000175], [87.08235168500016, 24.726999282000065], [87.08185577400008, 24.72454071100009], [87.08029174800015, 24.721969604000094], [87.07772064200003, 24.718799590000174], [87.07660675000005, 24.71459961100004], [87.07367706300005, 24.71252059900013], [87.0726470950001, 24.7109107980001], [87.07125091500006, 24.70734977800015], [87.07138061500012, 24.703130723000186], [87.07087707400012, 24.698850633000063], [87.07063293500005, 24.694499969000162], [87.06932830900013, 24.691249846999995], [87.06701660100015, 24.688472749000084], [87.06381225600018, 24.68503952100008], [87.06131744400017, 24.681520463000027], [87.06017303500005, 24.677219392000097], [87.05892181399997, 24.672250749000114], [87.05473327599998, 24.670600892000095], [87.05532074000013, 24.665090561000056], [87.05475616400014, 24.660690307000152], [87.05237579300007, 24.655511857000135], [87.05101013100006, 24.6492710120001], [87.05039978000008, 24.64344024600007], [87.04881286600005, 24.637010575000033], [87.0458068850001, 24.630897521000122], [87.04440307600004, 24.62403106700009], [87.04592132500017, 24.62017059300007], [87.0467071540001, 24.61740112400014], [87.0467300410001, 24.614210129000185], [87.04834747300004, 24.61014938400018], [87.05046844499998, 24.606769563000057], [87.04463195700009, 24.605398179000076], [87.04300689600018, 24.608930587000145], [87.04086303800005, 24.61104965300018], [87.03872680800009, 24.612541199000134], [87.03671264600007, 24.613250732000097], [87.03592681900011, 24.611770630000024], [87.03497314400016, 24.61010932900018], [87.03260040300006, 24.609897614000147], [87.03011321900016, 24.609519959000068], [87.0275192250001, 24.60931968700004], [87.02643585200008, 24.61123275700004], [87.0264663710002, 24.616050720000146], [87.02635192800005, 24.620082855000078], [87.02435302700013, 24.621099472000083], [87.02144622800006, 24.61962127800018], [87.0167007450001, 24.617799760000082], [87.01558685300012, 24.613300324000136], [87.01291656600006, 24.609092712000177], [87.01020050100016, 24.60626029900004], [86.99260711699998, 24.619180680000113], [86.990142821, 24.620710374000055], [86.99008941600016, 24.62002944900013], [86.98815155, 24.62019920500012], [86.98549652100019, 24.621629715000154], [86.98011779900008, 24.624670029000185], [86.97119140600006, 24.63030052300013], [86.96556091400015, 24.63186836200009], [86.9584274300002, 24.62943077], [86.95347595300001, 24.627651214000025], [86.945503234, 24.626560211000083], [86.94474792400007, 24.631170274000056], [86.94754791300016, 24.635868072000108], [86.94861602800017, 24.64276123000002], [86.93884277300003, 24.64307022100013], [86.93009185700004, 24.642820358000165], [86.93344116200012, 24.63572120700013], [86.9360580440001, 24.630371093999997], [86.93414306700004, 24.626520156000083], [86.92926788400018, 24.626440047000074], [86.92386627300004, 24.62433052100016], [86.91893768200003, 24.619409561000168], [86.91896820100015, 24.61347961500013], [86.91786193900009, 24.610790254000108], [86.91001892100007, 24.601142884000183], [86.90895080600006, 24.59698867700007], [86.90467834400005, 24.595140458000003], [86.9012374880001, 24.59156990100007], [86.89807891900017, 24.586540223000156], [86.8979568490002, 24.58053016600013], [86.900657653, 24.57615089300009], [86.90322113100001, 24.571529389000148], [86.90122222900004, 24.566799165000134], [86.90635681200001, 24.563369752000142], [86.90644073400006, 24.559890746000065], [86.90650176900004, 24.555299759000036], [86.90629577700003, 24.549261093000098], [86.90715789800004, 24.543380737999996], [86.91117858900009, 24.53867912200019], [86.90583038300008, 24.54097175700008], [86.90117645200007, 24.54449272200003], [86.89842224100016, 24.54975128100017], [86.89308929400005, 24.55483818000016], [86.88672638000008, 24.554029464000052], [86.88414001400014, 24.55447960000015], [86.88398742700008, 24.560358048000182], [86.8790969850001, 24.56305122400005], [86.8763961790001, 24.56731987000012], [86.87320709200009, 24.564979552000125], [86.86949157700008, 24.561380385999996], [86.86161041300005, 24.56027030900009], [86.85745239300013, 24.55661010800003], [86.85463714600013, 24.5504608170001], [86.84710693400007, 24.55297088700013], [86.83880615200019, 24.554069519000052], [86.83869171200013, 24.558620454000106], [86.83857727100013, 24.562780381000152], [86.83705139200009, 24.56828117400005], [86.83152771100004, 24.568050384000173], [86.8255920410001, 24.565999985000076], [86.82147216800018, 24.568319321000104], [86.81825256400009, 24.569339752000076], [86.81358337500018, 24.56820106600003], [86.80871582000003, 24.563770295000154], [86.80499267500011, 24.56412124700006], [86.80029296999999, 24.564601899000024], [86.80018615700016, 24.56592941399998], [86.80033874500015, 24.568700791000083], [86.80120086700009, 24.571968080000147], [86.80322265700005, 24.574359894000168], [86.80761718800011, 24.576850891000106], [86.80625915500008, 24.581140519000087], [86.80488586500013, 24.585380553000107], [86.80446624800015, 24.590650558000164], [86.80577850400005, 24.594501496000078], [86.80178070000017, 24.597459794000088], [86.80018615700016, 24.598579407000102], [86.79866790900013, 24.601142884000183], [86.79808807400019, 24.603469848000145], [86.79749298100006, 24.605739595000102], [86.79660797200012, 24.608520508000083], [86.79435729900013, 24.612091065000186], [86.7918472290001, 24.615310668000006], [86.78560638400006, 24.61720085200011], [86.78585052600016, 24.613092421999966], [86.7873611440001, 24.610929490000103], [86.79032135000006, 24.60844993700016], [86.79251098500015, 24.605180741000027], [86.79429626400014, 24.600700379000045], [86.79437255800008, 24.59683036700011], [86.78690338200005, 24.599370956000087], [86.78647613500016, 24.604579925000053], [86.7840728750001, 24.610280990000092], [86.78085327100013, 24.614839554000127], [86.777122497, 24.61976051400012], [86.7751922610002, 24.619510650000052], [86.77551269600013, 24.615579606000097], [86.76912689200003, 24.616481781000005], [86.75405120800002, 24.614759445000175], [86.75086212100007, 24.617979051000077], [86.74459838800004, 24.60288047800003], [86.74565124500003, 24.589500427000075], [86.73950958200015, 24.586492538000186], [86.73507690400004, 24.580841065000186], [86.73158264200015, 24.575799942000117], [86.71862030000017, 24.578212738000047], [86.7099075320001, 24.57353973400012], [86.69536590600006, 24.56891059899999], [86.6866378790001, 24.570440293000104], [86.68151855400009, 24.565069199000163], [86.6776733390002, 24.566112518000068], [86.66839599700012, 24.560640336000063], [86.65593719500009, 24.563198089000025], [86.64575958300014, 24.567222595000146], [86.64126586800006, 24.57611846900005], [86.63420105000012, 24.576679230000025], [86.62716674800004, 24.57962036100008], [86.61828613400013, 24.584491729000092], [86.61885833800005, 24.594699860000162], [86.60691833600015, 24.59435081600003], [86.60791778500015, 24.599319459000185], [86.60936737100019, 24.60192108100017], [86.60968017600004, 24.60252952700006], [86.60929870500019, 24.60741043100012], [86.6051330570001, 24.607091903000082], [86.60529327500007, 24.620069504000128], [86.61000824100006, 24.627490996999995], [86.61157989500009, 24.63820076100012], [86.60515594600014, 24.64252281300014], [86.6025772100001, 24.645267487000183], [86.61067199700011, 24.653520584000148], [86.60708618100006, 24.65681076000004], [86.60730743400018, 24.662719727000024], [86.60011291500007, 24.664621354000076], [86.59451294000007, 24.670488359000103], [86.58924865800009, 24.67218017600004], [86.58415222200011, 24.67427063100007], [86.57978057900016, 24.673339845000157], [86.57621765200014, 24.682319641000106], [86.56912994300018, 24.68948936400011], [86.55795288100012, 24.69141960200011], [86.5452880860002, 24.712709427000107], [86.55140686000004, 24.725469590000102], [86.55014038100012, 24.73338127100004], [86.55110931300004, 24.740930557000127], [86.54778289800004, 24.745729446999974], [86.54701232900015, 24.74782943800011], [86.54234314000007, 24.749790192000148], [86.54425811700014, 24.758600235000188], [86.54187011800019, 24.764570237000157], [86.54196930000006, 24.76770019600019], [86.53983307000004, 24.77151107800006], [86.51843261700014, 24.768962861000148], [86.50566101100014, 24.766080856000144], [86.49975585900006, 24.763401032000104], [86.49212646500013, 24.761749268000074], [86.49164581200006, 24.758140564000087], [86.4893569950001, 24.758110047000116], [86.48967743000009, 24.766588212000045], [86.49444580100015, 24.77623939400013], [86.49613189700005, 24.782619476000093], [86.50882721000005, 24.784761429000127], [86.51496887200017, 24.786550522000084], [86.52079010000006, 24.78742027300018], [86.52057647800012, 24.798191070000087], [86.51741790700004, 24.80764961300008], [86.5260925290001, 24.82114029000013], [86.52587890600012, 24.83175277800018], [86.52419281000005, 24.833219529000132], [86.52960968100012, 24.858030319000022], [86.52931976300016, 24.862888337000186], [86.51877594100011, 24.87936973700016], [86.51805877700008, 24.884281159000125], [86.50876617400013, 24.891628266000055], [86.50081634400016, 24.899560928000028], [86.48149871900006, 24.907310486000142], [86.48101806600016, 24.916879654000184], [86.49362945500013, 24.921012878000056], [86.48976898199999, 24.926401138000188], [86.49189758400007, 24.928459167000028], [86.48784637400007, 24.936258315000146], [86.48557281500018, 24.938020705000156], [86.48974609300018, 24.94894027700019], [86.48661041300005, 24.97135925300006], [86.49488830600012, 24.977390290000187], [86.49740600700017, 24.979709626000044], [86.49929046500012, 24.98479080200019], [86.51445007300015, 24.985050201000092], [86.52459716800013, 24.983589173000155], [86.52877044700017, 24.977750779000075], [86.5323410040001, 24.970100403000174], [86.53752899200003, 24.967372895000096], [86.54093933200011, 24.964679719000003], [86.54193115300018, 24.960950852000167], [86.53964996399998, 24.95803070000011], [86.53630065900006, 24.95300293000014], [86.53929901200007, 24.950399400000038], [86.54329681500019, 24.95276832600007], [86.54810333300014, 24.955640793000157], [86.55517578100006, 24.957090379000192], [86.5609130850001, 24.958620071000098], [86.56629181000005, 24.957380295000007], [86.57034301700014, 24.952520370000173], [86.57295990000006, 24.946348190000037], [86.57969665500013, 24.945320130000027], [86.58547973600014, 24.94719123800013], [86.59500122000014, 24.94840049700008], [86.5928115850001, 24.958530426000095], [86.59538269000012, 24.964750290000097], [86.59918975900007, 24.97217750599998], [86.60367584200009, 24.971410752000168], [86.60791778500015, 24.971401214000082], [86.61078643700017, 24.973102569000048], [86.6130371100001, 24.971870422000165], [86.6139602660001, 24.966209411000136], [86.61913299600019, 24.96187973100018], [86.62827300900017, 24.97268295200007], [86.63379669300014, 24.973358154000152], [86.63700866600004, 24.974479676000044], [86.6380386350001, 24.97727966299999], [86.63691711400014, 24.981580734000147], [86.63746643000013, 24.985570908000113], [86.63939666800013, 24.99002265900009], [86.64376068000007, 24.995929719000173], [86.64855957000009, 25.00184059100002], [86.64438629200015, 25.01038932900019], [86.64878845300012, 25.012630464000097], [86.65210723900009, 25.015499116000115], [86.65471649100016, 25.015880586000037], [86.66108703700007, 25.009889603000033], [86.66182708700018, 25.011421204000044], [86.65273284800008, 25.02339172300009], [86.64631652700007, 25.038251876999993], [86.64656829900014, 25.043771743000036], [86.64832305900018, 25.0475025180001], [86.65177917500012, 25.05058097900013], [86.64908599900008, 25.05542755200014], [86.64939117400019, 25.057270051000103], [86.65284729100006, 25.06311035200008], [86.65080261200006, 25.066789627000105], [86.65307617200006, 25.06781959500006], [86.65645599500004, 25.068090440000162], [86.65815734900013, 25.07000923200013], [86.66014099, 25.07335281400003], [86.66124725400005, 25.07872962900018], [86.6648330700001, 25.086299896000128], [86.67000579799998, 25.092861176000156], [86.67829895100004, 25.09050941600009], [86.68596649200003, 25.099760056000036], [86.6899261480001, 25.10754013100012], [86.68576049800004, 25.109350204000066], [86.68749237100008, 25.11802864000009]]]}}, {"type": "Feature", "properties": {"GID_3": "IND.5.5.1_1", "GID_0": "IND", "COUNTRY": "India", "GID_1": "IND.5_1", "NAME_1": "Bihar", "NL_NAME_1": "NA", "GID_2": "IND.5.5_1", "NAME_2": "Begusarai", "NL_NAME_2": "NA", "NAME_3": "Begusarai", "VARNAME_3": "NA", "NL_NAME_3": "NA", "TYPE_3": "Taluk", "ENGTYPE_3": "Taluk", "CC_3": "NA", "HASC_3": "NA"}, "geometry": {"type": "Polygon", "coordinates": [[[86.30722046000005, 25.31689071600016], [86.29183197100019, 25.297340393000184], [86.26947021600012, 25.289979935000133], [86.25937652600004, 25.285089493000157], [86.26322174100017, 25.279430391000176], [86.25505066000005, 25.27659034800007], [86.24276733500005, 25.271080017000088], [86.23919677700007, 25.267930985000135], [86.23383331299999, 25.264669419000086], [86.22631073100001, 25.257741929000133], [86.21096038900004, 25.252981186000113], [86.19882202100007, 25.250221252000188], [86.19278717000014, 25.249908447000166], [86.18911743100017, 25.25136947599998], [86.19200897100018, 25.257629394000162], [86.18554687600005, 25.25831031900009], [86.18142700300018, 25.259719850000067], [86.16353607200017, 25.271989822000137], [86.1645965570001, 25.263389587000063], [86.1638183600001, 25.259122849000164], [86.15737152100002, 25.26395034799998], [86.148902894, 25.264579773000094], [86.14631652800006, 25.2589397430001], [86.14520263800011, 25.261661531000073], [86.14582824700011, 25.267259598000066], [86.13697815000012, 25.269290923000028], [86.13175964300007, 25.26873016400009], [86.12320709200009, 25.26943016000007], [86.1223373410001, 25.27238273600011], [86.12438964800003, 25.273241043000155], [86.12658691300004, 25.27280998300006], [86.12681579600002, 25.27454948500008], [86.12011718700012, 25.287139892000084], [86.1075210570001, 25.298889159999987], [86.10415649400016, 25.300830841000163], [86.09863281300011, 25.30902099700012], [86.09549713100017, 25.31184959500007], [86.09060669000007, 25.305450440000016], [86.07966613700017, 25.307191849000162], [86.07187652700014, 25.31006050100018], [86.07388305600017, 25.314910889000032], [86.06678009100017, 25.317180635000057], [86.06278228800005, 25.319931031000124], [86.06059265100015, 25.323009491000107], [86.05734252899998, 25.33431053200013], [86.0595626830002, 25.33529853900012], [86.06024169900007, 25.336620331000063], [86.06018066400009, 25.35490989800013], [86.05626678500016, 25.356540679000148], [86.05111694400011, 25.366489410000042], [86.04753112800006, 25.375129700000173], [86.04473114000007, 25.391130448000126], [86.03206634600019, 25.388418198000068], [86.03067779600008, 25.380691528000114], [86.03022766000015, 25.375129700000173], [86.02871704200004, 25.374450684000124], [86.02902221600004, 25.366191864000143], [86.0279312130001, 25.360429764000173], [86.0214767450002, 25.359300614000176], [86.01673126300017, 25.359590530000162], [86.01460266100008, 25.358531952000135], [86.01191711500007, 25.358379365000076], [86.00459289600008, 25.366920471000128], [86.00885009800004, 25.368921279999995], [86.00522613600009, 25.373521805000053], [85.9920959480001, 25.384189605000074], [85.98388671900005, 25.389720917000147], [85.95992279100005, 25.4045009620001], [85.95066070700017, 25.40859985400016], [85.94848632800012, 25.41165161200007], [85.94859314000007, 25.415508270000146], [85.94432067900016, 25.415330887000096], [85.94216156100003, 25.410480499000073], [85.92974090600006, 25.411930085000108], [85.92510223400012, 25.414560318000042], [85.91265106300011, 25.41969108600017], [85.90838623100018, 25.42237281900009], [85.90413665700015, 25.426149369000143], [85.90067291200018, 25.43190956100011], [85.89826202400013, 25.433120728000063], [85.89617157100014, 25.43144035400013], [85.89234161400003, 25.423999788000174], [85.89082336500007, 25.423500062000187], [85.88519287100019, 25.42741966300008], [85.88197326600016, 25.425001145000124], [85.88240051300005, 25.423219681000035], [85.88027191100014, 25.423440934000098], [85.86537170500009, 25.44175911000019], [85.86997985900018, 25.455099104999988], [85.86866760200002, 25.462190628000144], [85.86878204300018, 25.469089508000025], [85.87313079900008, 25.47612953300012], [85.88114929199998, 25.468498230000137], [85.88741302500017, 25.46118164000012], [85.89055633500004, 25.462198258000058], [85.8922271730001, 25.461250306000125], [85.897087097, 25.462278366000078], [85.89512634200008, 25.468490600000052], [85.887207031, 25.47458076500004], [85.88301849400011, 25.48661995000009], [85.87872314400016, 25.502410889000032], [85.86692047000008, 25.507350921000068], [85.85546875100016, 25.509822847000123], [85.83116912800017, 25.518909455000028], [85.82810974200015, 25.520990373000075], [85.82618713400007, 25.529939652000053], [85.80986022899998, 25.53960991000008], [85.80214691200013, 25.545219421000184], [85.79747009300013, 25.547491074000106], [85.77121734600018, 25.550109864000035], [85.7636566160001, 25.546871185000043], [85.74872589200015, 25.5445613870001], [85.73921203600008, 25.538990021000075], [85.72836303700012, 25.527240753000115], [85.73059082000015, 25.53911972000003], [85.73166656500007, 25.5414505010001], [85.73706054700017, 25.542230606000032], [85.73800659199998, 25.549039842000184], [85.738166809, 25.55927085900015], [85.73983001700014, 25.561519622000162], [85.74674224900008, 25.56370162900015], [85.75105285600011, 25.567640304000122], [85.75576782200017, 25.56957054200018], [85.76088714700018, 25.57435989400011], [85.7641830440001, 25.578609467000092], [85.76423645099999, 25.5838928230001], [85.76515960699999, 25.58737945600018], [85.76792907700019, 25.58876037600004], [85.79467010500014, 25.582361221000042], [85.80172729500015, 25.57942009100003], [85.80641174300013, 25.57864952200015], [85.81249237000009, 25.57945060700007], [85.83583068800004, 25.576789857000165], [85.83899688700006, 25.58702087400019], [85.84185028100012, 25.59052276600005], [85.84075927700007, 25.59415054300007], [85.84023285000012, 25.605249406000098], [85.83756256200013, 25.608682632000125], [85.82299804700006, 25.61578941500011], [85.82032775900012, 25.618360520000124], [85.82260131800018, 25.623199462000116], [85.82962799000018, 25.627090454000154], [85.8308181760001, 25.633150101000183], [85.83268737800017, 25.637660980000078], [85.835037231, 25.639730454000073], [85.83300781300017, 25.642929077000133], [85.83508300800014, 25.645652772000176], [85.84379577700014, 25.64582061700014], [85.84781646800019, 25.642370225000093], [85.84941101000015, 25.643081666000057], [85.8509521490002, 25.646430969000164], [85.85484313900008, 25.645280839000065], [85.86241912900005, 25.648571014000026], [85.86221313500005, 25.661542894000092], [85.86444091900017, 25.661848068000097], [85.86406707700013, 25.666162491000136], [85.86894989000012, 25.666749955000057], [85.87313079900008, 25.665660859000184], [85.8740692130001, 25.65891265800002], [85.8731460570001, 25.65249061700007], [85.87423706100014, 25.647930146000135], [85.86923980700004, 25.63730049100019], [85.87255859400011, 25.637641907000045], [85.8765411380001, 25.64158058100014], [85.87863922200017, 25.64566993799997], [85.88125610400016, 25.64792251600005], [85.88128662100007, 25.651700973000118], [85.8837966910001, 25.65440940900004], [85.88788604800015, 25.653600693999977], [85.88945007300015, 25.649078370000097], [85.89337158200016, 25.645790101000102], [85.89965820400005, 25.642509460000156], [85.90585327200012, 25.642272949000017], [85.91088104300019, 25.647680282000067], [85.91532897900015, 25.64673805299998], [85.92697906500007, 25.649370194000085], [85.92842102000009, 25.654012681000097], [85.93315887400007, 25.651960373000065], [85.93862915000005, 25.653230667000003], [85.9411468510001, 25.648340225000027], [85.94390106200018, 25.645059586000116], [85.949462891, 25.643390656000065], [85.9539566040001, 25.63810920800006], [85.95633697500017, 25.633340835000126], [85.962966919, 25.628301621000105], [85.96263122500011, 25.620590210000046], [85.96820068400007, 25.616279603000123], [85.97026062000015, 25.61607170100018], [85.98443603500004, 25.605730056000084], [85.99273681600016, 25.59991264300004], [86.00704193100012, 25.591091155000072], [86.01235199000007, 25.591739655000083], [86.01895141700015, 25.603660584000124], [86.0174179080002, 25.608610153000086], [86.0174179080002, 25.61886978200016], [86.01528930800009, 25.63325119100017], [86.01660156200018, 25.634990692000144], [86.0200424200001, 25.63684082100019], [86.02204132100019, 25.6393604270001], [86.02242279000006, 25.64289283800008], [86.02173614499998, 25.647251129000153], [86.01051330600018, 25.649061204000077], [86.0110092170001, 25.650960923000184], [86.02242279000006, 25.661920547000136], [86.01737976100014, 25.665880204000132], [86.01342010500008, 25.66521072300003], [86.01045227100019, 25.66318130600007], [86.00778961100013, 25.66003036500007], [86.00515747100013, 25.661430359000065], [86.00475311399998, 25.662139892000084], [86.00575256299999, 25.66706276000008], [86.00491332900003, 25.673919679000164], [86.00714111300016, 25.678810120000037], [86.00959777800011, 25.68181991600005], [86.0146331790001, 25.680940628000087], [86.02372741800019, 25.686529160000134], [86.02555084100015, 25.68997955400016], [86.02619171100008, 25.69388961700008], [86.02271270800009, 25.700380326000072], [86.01844787600015, 25.703718185000128], [86.01093292299998, 25.70626068200005], [86.00843048100006, 25.70901107800006], [86.00724029600008, 25.712049485000023], [86.00833892700012, 25.716789245000143], [86.00821685900019, 25.719940185000098], [86.01065826300004, 25.724170686000093], [86.01441192700008, 25.725879668999994], [86.01731872500005, 25.723302841000134], [86.0221862790001, 25.716999055000088], [86.02646636900005, 25.718191146000095], [86.02810668900008, 25.72047042800017], [86.02543640100009, 25.731172562000154], [86.02873230000006, 25.73042106600019], [86.03119659300012, 25.727720260000183], [86.03347015399999, 25.722410201000173], [86.03816986000004, 25.72096061800005], [86.03830718900008, 25.724109651000106], [86.0412063600001, 25.730911255000137], [86.0459976190001, 25.734619141000167], [86.05000305200014, 25.73048019400011], [86.05296325600011, 25.72904968200004], [86.05441284100004, 25.725091934000147], [86.05805206399998, 25.72513961900006], [86.06516266000017, 25.728040695000118], [86.0746383660001, 25.726230622000173], [86.07884979300013, 25.727701187000093], [86.08061218300014, 25.73027038700002], [86.08386230400004, 25.732839585000193], [86.0838012700001, 25.73501968400018], [86.07231140200014, 25.737329483000053], [86.07131195000005, 25.742660523000097], [86.07373809900014, 25.74455070600004], [86.07933044400005, 25.743030548000036], [86.08409118700001, 25.7434196480001], [86.08889007600015, 25.744760513000074], [86.09562683200016, 25.744302750000145], [86.09805297800017, 25.745370865000154], [86.10813140800008, 25.737789154000154], [86.110237122, 25.73674011300011], [86.112663268, 25.736957550000113], [86.11369323700006, 25.738220215000013], [86.11292266800018, 25.739601136000147], [86.11402130200014, 25.740970611000023], [86.12068176400004, 25.73521804900014], [86.12953948900008, 25.736391069000035], [86.13333129900008, 25.743410110000184], [86.13276672300009, 25.74617195200011], [86.136253356, 25.75112915200009], [86.13320922800006, 25.75526046800013], [86.13002014100005, 25.753780366000058], [86.1261367800002, 25.753459931000123], [86.12478637599997, 25.75192070100013], [86.11119079600007, 25.75815010100007], [86.10488891600016, 25.757369994000044], [86.10176086500007, 25.758699417000003], [86.09818267700012, 25.77387046800004], [86.10092926100003, 25.775751113000126], [86.10617065399998, 25.776760101000093], [86.12484741200007, 25.772710801000073], [86.12686920100009, 25.769670486000166], [86.12972259500015, 25.768049240000096], [86.1335372920002, 25.767749786000024], [86.12548828200016, 25.762220384000102], [86.126296997, 25.7595310210001], [86.12899780300017, 25.762388229000067], [86.13284301800013, 25.762710572000174], [86.13601684500009, 25.765899659000183], [86.13964843800011, 25.766300201999968], [86.14422607500006, 25.765760422000085], [86.14492035000018, 25.763931274000072], [86.14332580500013, 25.761640548999992], [86.14771270800014, 25.76019287100013], [86.14837646400014, 25.753831864000063], [86.14720153900004, 25.751140595000038], [86.14380645700015, 25.748121261000165], [86.14520263800011, 25.746810914000037], [86.14517211900016, 25.7434196480001], [86.14675140300011, 25.741119385000104], [86.15084076000011, 25.740880967000066], [86.15313720700016, 25.73444938800003], [86.15260315000012, 25.73003959600004], [86.14546203500015, 25.729217530000085], [86.1420822140002, 25.727630616000056], [86.1410064690001, 25.719152451000127], [86.14134216200006, 25.711250306000068], [86.14362335200019, 25.71026992700007], [86.15116119400017, 25.71434974600004], [86.16039276200019, 25.71524047800017], [86.16120910600006, 25.720039368000073], [86.16770172200006, 25.71891975500006], [86.16927337600009, 25.715772630000174], [86.17484283400012, 25.71241951000019], [86.17517852800017, 25.704740525000147], [86.17765808100006, 25.69721984800003], [86.17742157000015, 25.68914985700013], [86.181022644, 25.678518295000117], [86.18341064400005, 25.66808128300005], [86.18667602600004, 25.663021088000164], [86.19461059600019, 25.65964126700004], [86.20123291100003, 25.658121109000035], [86.2216262820001, 25.65588951100011], [86.2279968250001, 25.654481888000078], [86.23333740300018, 25.65433120800003], [86.23938751200012, 25.65280914200008], [86.2436370850001, 25.65003967300015], [86.24672699000007, 25.646808624000073], [86.2530288700001, 25.647689820000153], [86.25305175700015, 25.639999389000025], [86.25389862100002, 25.635290146000045], [86.26287841700014, 25.63661956800007], [86.27334594799999, 25.632429122000076], [86.27410125800014, 25.62939071700015], [86.2820968630001, 25.63635063100014], [86.28620910600011, 25.638900757999977], [86.28575134400006, 25.64003944400008], [86.28810882700014, 25.638370513000098], [86.28916168100005, 25.635080339000183], [86.28881073000008, 25.63180923500005], [86.27989959700005, 25.619550706000155], [86.28291320800008, 25.612480165000193], [86.2818603520002, 25.60892105100004], [86.27942657500017, 25.606519700000035], [86.27445984000013, 25.604351044000055], [86.27371978800005, 25.597282410000105], [86.28105163600003, 25.584169388000134], [86.28511810400005, 25.584671022000066], [86.28491211000005, 25.581689835000077], [86.29335785000006, 25.575122834000183], [86.29294586100019, 25.574071885000023], [86.27960968100018, 25.579460145000155], [86.27984619200015, 25.57446098300005], [86.276840209, 25.553501129000097], [86.27684783900014, 25.546039581000173], [86.27803039500009, 25.543340683000167], [86.28476715000016, 25.54579925500019], [86.28652954000012, 25.54371071000014], [86.28575134400006, 25.539518355999974], [86.2864761350001, 25.53751945500005], [86.29157257100007, 25.538249969000105], [86.29186248800016, 25.53599929800015], [86.28903198300014, 25.52987289400005], [86.28875732500018, 25.526880264000056], [86.29730987600004, 25.526668549000192], [86.30034637500017, 25.525009156000124], [86.3037033080002, 25.52447128300014], [86.31122589000017, 25.52530288700018], [86.31376647900015, 25.524440765000065], [86.31777191200018, 25.518060685000137], [86.31813812200011, 25.51339912400016], [86.31957244900002, 25.510459899000068], [86.32148742600015, 25.511930466000138], [86.32144927900009, 25.514820099000076], [86.3225860600001, 25.517860413000108], [86.32456207300004, 25.51905059900014], [86.32659912100002, 25.518590928000037], [86.32791137700008, 25.516801834000148], [86.32859802200011, 25.51375961400015], [86.32771301300016, 25.50578117500004], [86.32686615000017, 25.504110337000157], [86.32836914100011, 25.499050140000065], [86.32192993200016, 25.4948310850001], [86.32441711300015, 25.49127006499998], [86.33119201600016, 25.48767089900008], [86.33529663100006, 25.48783111600011], [86.33683776800012, 25.489652634000038], [86.335617066, 25.498050690000127], [86.3369064330002, 25.499410629000124], [86.35752105700004, 25.50107002200002], [86.3596801760001, 25.500200271000097], [86.35785675, 25.496700287000067], [86.34938812299998, 25.489839553000138], [86.34664154000001, 25.485139848000188], [86.34250640800019, 25.485679626000092], [86.34204864500009, 25.483789444000024], [86.34501647900015, 25.483369827000047], [86.34342193600008, 25.47958946300008], [86.34423065200002, 25.477399825000077], [86.34963989300007, 25.474559784000178], [86.35838318000003, 25.48246193000017], [86.35891723700007, 25.485380174], [86.3584365850001, 25.490440369000112], [86.36341857800011, 25.49347114600016], [86.3674621580002, 25.491729737000185], [86.36976623600009, 25.487810135000075], [86.36193847600003, 25.484052659000042], [86.36152649000007, 25.479690551999965], [86.3635482790001, 25.47818946900003], [86.36476135300012, 25.478122711000026], [86.37568664600019, 25.482389451000074], [86.37690734800009, 25.48209953300011], [86.37770080500013, 25.480600357000014], [86.37935638500016, 25.481292725000117], [86.38025665200013, 25.483642578000115], [86.37816619900008, 25.49064064100014], [86.38426971500007, 25.494079589000137], [86.39450836200018, 25.505580903000123], [86.40039825400004, 25.506120681000027], [86.4029312130001, 25.505420685000047], [86.40856933600008, 25.497711182000103], [86.41293334900007, 25.497350693000044], [86.41661834600006, 25.498081207000098], [86.41641998200004, 25.49892997700016], [86.41897582900003, 25.500310899], [86.42089843700012, 25.493629456000065], [86.41645050100016, 25.49209976200018], [86.41570282100008, 25.47785949700011], [86.42153167700008, 25.479440688000125], [86.42562866100013, 25.47752952600007], [86.42928314200009, 25.47418022200003], [86.43045807000016, 25.46964073200013], [86.43723297200006, 25.469841003000113], [86.43856048700007, 25.46346092200008], [86.44111633400007, 25.456729889000144], [86.44400787400019, 25.452461244000176], [86.45732879600013, 25.442010879000122], [86.46919250500008, 25.436960220000117], [86.4866485600001, 25.426940918000128], [86.48956298900009, 25.42658042900007], [86.4950485240002, 25.424369813000112], [86.49651336699998, 25.424989701000072], [86.49851989700011, 25.424009323000178], [86.49993896500013, 25.42738914400013], [86.50255584799999, 25.428529740000158], [86.50377655000011, 25.423812867000038], [86.5033264170001, 25.415319443000044], [86.50882721000005, 25.414600372000166], [86.50479126000005, 25.40949821600003], [86.49842834499998, 25.412929534000114], [86.47521209700005, 25.413610458000107], [86.47023773100005, 25.39904975899998], [86.45630645800014, 25.390441895000095], [86.45088195700009, 25.3928699490001], [86.45427703800004, 25.39617157100008], [86.45076751700003, 25.39902115000001], [86.44719696100003, 25.398122788000137], [86.43139648400017, 25.401687622000054], [86.42520141600005, 25.395730973000013], [86.40963745200014, 25.39483070400007], [86.40953826900005, 25.392639161000034], [86.40004730200013, 25.38643074000015], [86.3986663820001, 25.38787079000008], [86.39671325600017, 25.388099671000134], [86.39618682900004, 25.385469437000097], [86.39739990300006, 25.37919044500012], [86.3963012690001, 25.376340867000067], [86.39733886800008, 25.37305069000007], [86.38417053300003, 25.363687516000027], [86.38185882500005, 25.368061066000053], [86.38228607200017, 25.372430801000064], [86.38169097900004, 25.375820160000103], [86.38321685800008, 25.379489899000077], [86.38253784200003, 25.380750656000032], [86.35839080800014, 25.360229492000087], [86.36342620900012, 25.356880188000105], [86.35961151200007, 25.356090546000132], [86.34908294700017, 25.350620269000046], [86.3320007330002, 25.344480514000168], [86.33291625900011, 25.341550827000162], [86.32982635400015, 25.341960906000054], [86.32583618200005, 25.340879440000094], [86.3182678230001, 25.3374004370001], [86.31524658100005, 25.339311599000155], [86.30805969200003, 25.33461952200014], [86.31524658100005, 25.322998047], [86.30924224900008, 25.318437576000065], [86.30722046000005, 25.31689071600016]]]}}, {"type": "Feature", "properties": {"GID_3": "IND.5.6.1_1", "GID_0": "IND", "COUNTRY": "India", "GID_1": "IND.5_1", "NAME_1": "Bihar", "NL_NAME_1": "NA", "GID_2": "IND.5.6_1", "NAME_2": "Bhagalpur", "NL_NAME_2": "NA", "NAME_3": "Bhagalpur", "VARNAME_3": "NA", "NL_NAME_3": "NA", "TYPE_3": "Taluk", "ENGTYPE_3": "Taluk", "CC_3": "NA", "HASC_3": "NA"}, "geometry": {"type": "Polygon", "coordinates": [[[87.17384338400018, 25.058002472000055], [87.1646118170001, 25.058851242000117], [87.16378784300014, 25.06273078900017], [87.13949585000006, 25.062501908000172], [87.13994598300008, 25.067199708000032], [87.13758850000016, 25.067970277000086], [87.13382720900006, 25.08109283400006], [87.13260650700016, 25.08389091500004], [87.13063049400017, 25.085920333000104], [87.12818908700007, 25.08751106300008], [87.11975097700014, 25.090641022000113], [87.11628723199999, 25.09008979800018], [87.10646820000011, 25.090280533000055], [87.10459136900016, 25.095010757000125], [87.09792327900016, 25.09469032400017], [87.09554290800008, 25.093740464000064], [87.09187316800006, 25.094511033000174], [87.08873748900004, 25.09358978300014], [87.08535003700007, 25.095729828000174], [87.08351898199999, 25.09563064600013], [87.07816314600007, 25.093288421000068], [87.07472992000004, 25.09659004300005], [87.07129669200003, 25.09815978900008], [87.0648880010001, 25.09929084700002], [87.05634307800017, 25.10450172400016], [87.050346375, 25.10358810400004], [87.04602813700012, 25.10462951700015], [87.04383850000005, 25.100282669000023], [87.04000091500006, 25.09959030100015], [87.04064178500016, 25.09634017900015], [87.03569793600013, 25.09257126000017], [87.03351593100012, 25.09185028100012], [87.03063201900011, 25.093490599999996], [87.030296325, 25.095579148000184], [87.0261688240002, 25.09340095600004], [87.02500915500008, 25.09495925900012], [87.02349090600012, 25.102991105000115], [87.01875305200014, 25.101261138999973], [87.00483703700007, 25.105329513000186], [87.00253295900006, 25.106670380000025], [86.99376678400012, 25.104999542000144], [86.9829483040001, 25.10316085800008], [86.97986602700007, 25.103872299000045], [86.9757766730001, 25.099990845000036], [86.97377777200018, 25.09972953800019], [86.96615600500007, 25.103290557000037], [86.95787048400013, 25.102029801000185], [86.95376586900005, 25.104709626000158], [86.95112609800003, 25.102951051000048], [86.9422760010001, 25.102912902000128], [86.9403610230001, 25.10475921600016], [86.93554687500017, 25.106121062000057], [86.93015289300013, 25.104721069000107], [86.9234008790001, 25.098859787000094], [86.92195129300006, 25.099161149000167], [86.91638946500012, 25.097761155000114], [86.91040039000012, 25.099990845000036], [86.91268920900006, 25.09679985000008], [86.91001129100016, 25.095859529000165], [86.8942718510001, 25.100902558000087], [86.89214324900001, 25.100059510000165], [86.88976287800017, 25.09708976700017], [86.87972259500015, 25.097900392000042], [86.87046814100006, 25.096929551000073], [86.86862182700003, 25.095460893000052], [86.86493682900016, 25.095199585000103], [86.85166931200007, 25.09906959700004], [86.85032653700011, 25.10477256900009], [86.84546661400009, 25.10843086300008], [86.83898162800011, 25.105710983000108], [86.83093261800013, 25.107311248000087], [86.82773590100004, 25.106992721000097], [86.82301330500007, 25.110691071000076], [86.81832885800014, 25.111310958000104], [86.81829833900002, 25.108722687000068], [86.81282043400006, 25.106451035000077], [86.81025695700009, 25.09894943300003], [86.80969238300014, 25.0942497260001], [86.79942321700008, 25.094259262000037], [86.79772949200003, 25.09662246700009], [86.79727172800017, 25.099420548000012], [86.80090332100013, 25.097810745000174], [86.8036270140002, 25.099969864000172], [86.80145263700012, 25.10493087900005], [86.80229949900001, 25.107719422000116], [86.79080200300012, 25.112871171000165], [86.78852844100015, 25.113281250000057], [86.780326844, 25.103729248000036], [86.76740264900013, 25.10765838700013], [86.76657104500003, 25.111000061000027], [86.76145935000017, 25.110862732000157], [86.75884246800018, 25.106740951000063], [86.75314331100014, 25.106660843000043], [86.75190734800015, 25.109710693000125], [86.74703979500015, 25.10790062000018], [86.73832702600004, 25.10754013100012], [86.73877716000015, 25.1100807200001], [86.73073577800005, 25.112009048000118], [86.7326965330002, 25.120550156000036], [86.72495269699999, 25.12196922300012], [86.72203826800018, 25.115730285000097], [86.71275329500014, 25.115711212000008], [86.70346069300007, 25.11707115300004], [86.70066070600012, 25.11317825300017], [86.69761657600014, 25.113941193000016], [86.69851684600019, 25.11685943599997], [86.68749237100008, 25.11802864000009], [86.68260955800014, 25.118120194000028], [86.68180084199997, 25.120840072000192], [86.67811584500004, 25.123090745000184], [86.67813110300006, 25.119529725000064], [86.67475128200005, 25.12173080399998], [86.67346191400014, 25.12985038700009], [86.67920684800015, 25.139530183000034], [86.682601928, 25.14266967700007], [86.68482208200004, 25.144269943000154], [86.69036865200013, 25.14298057700006], [86.69255065900012, 25.147510529000044], [86.69138336200007, 25.150499344000025], [86.69422912500005, 25.15619087300007], [86.69947814900007, 25.161502838000047], [86.69519043000014, 25.16703987200009], [86.69877624500009, 25.16996002100018], [86.70104980500008, 25.170579910000072], [86.70242309600008, 25.17206192000009], [86.71280670300013, 25.17038917600007], [86.71488952600004, 25.170721054000182], [86.71762084900018, 25.172149659000183], [86.72654724200004, 25.180709840000134], [86.72904205400005, 25.18396949800018], [86.72009277400014, 25.18482017500014], [86.71803283800006, 25.18655967700016], [86.71100616400008, 25.187751770000148], [86.70918273800004, 25.18729972900013], [86.70759582600016, 25.187892914000088], [86.70561218300008, 25.191520691000107], [86.70197296000015, 25.193040848000066], [86.70407867400013, 25.187730789000057], [86.7005233770002, 25.187131881000084], [86.69780731200012, 25.188169479000123], [86.6960372920002, 25.187721253000177], [86.69580841100003, 25.19076919600019], [86.6974411010001, 25.19569969200012], [86.69050598100006, 25.199079513000072], [86.69021606400014, 25.202579499000137], [86.68839263900014, 25.201898575000087], [86.68653106700015, 25.199380875000145], [86.68678283600008, 25.19696998700016], [86.68907165600012, 25.192930222000143], [86.68702697700013, 25.189739228000064], [86.68377685500013, 25.188720703000115], [86.67848205500013, 25.18886947700014], [86.67286682100018, 25.19199943600006], [86.67088317800011, 25.19625282300018], [86.66977691700015, 25.20648956300016], [86.66588592400018, 25.208459855000115], [86.66291046200018, 25.213251115000105], [86.66108703700007, 25.214469909], [86.65048980800015, 25.216011047000165], [86.64290619000008, 25.21801185600009], [86.64528655900011, 25.22085952900005], [86.64480590900013, 25.223110199000132], [86.63996887200005, 25.22542953500016], [86.63365173400013, 25.225812913000084], [86.6325759880001, 25.2378807070001], [86.63408660900012, 25.240451812000117], [86.63707733200005, 25.242168427000138], [86.64286041300011, 25.243749619000027], [86.6713790890002, 25.239681243000064], [86.67906188900014, 25.24066162200006], [86.68609619100005, 25.24275016700011], [86.71560668900014, 25.24476051400012], [86.72033691300004, 25.248991012000033], [86.72470855800015, 25.253778459000102], [86.73586273100017, 25.26175117500003], [86.75306701700003, 25.27169036800001], [86.75228881800007, 25.26653099100008], [86.75692749000018, 25.26696968200008], [86.76049804800004, 25.26814842200008], [86.77443695100004, 25.276170731000093], [86.77700805600006, 25.279209138000056], [86.7807617200001, 25.28206062400011], [86.78386688300009, 25.281930923000118], [86.78614044199998, 25.279951095000058], [86.78716278000002, 25.276330948000123], [86.78890991200018, 25.27425956800016], [86.79258728100007, 25.274810792000096], [86.79973602400014, 25.28084945700016], [86.8105163570001, 25.283531188000097], [86.81202697700019, 25.282489776999967], [86.8125228880001, 25.28036117700009], [86.81297302200005, 25.270530701000098], [86.81491851800007, 25.269550323000146], [86.81771087600004, 25.269878388000052], [86.82620239200008, 25.27538108900012], [86.83104705800014, 25.28322029100019], [86.8306503300002, 25.287769317000027], [86.8271560660001, 25.301801682000132], [86.83641052200005, 25.29955101100012], [86.84704589799998, 25.298561097000118], [86.85106658900003, 25.29739189200012], [86.85511016900011, 25.295522690000155], [86.85500335600005, 25.29157066500011], [86.85925293000014, 25.28671073900017], [86.86225128100017, 25.284730912000043], [86.86522674500014, 25.284370422000052], [86.87610626200018, 25.29503250200014], [86.88083648700012, 25.29759025700008], [86.88336944500008, 25.298429489000057], [86.89038848900015, 25.297050476000095], [86.90661621200019, 25.299341202000107], [86.91825103700018, 25.303350449000106], [86.92101287900005, 25.306650161000107], [86.9259567260001, 25.3058795930001], [86.93242645200019, 25.30363083000009], [86.93573760900017, 25.30407905600009], [86.93760681200018, 25.30751037700003], [86.9397964470001, 25.307140350000054], [86.94177246200007, 25.30620956300004], [86.95871734600018, 25.28988075300009], [86.96486663900015, 25.290580751000107], [86.97849273800006, 25.295070648999967], [86.98574066200001, 25.30232048100015], [86.9941711420002, 25.302642823000156], [87.02291107200011, 25.29952240000017], [87.02442932100007, 25.294771195000067], [87.03630065900018, 25.29059982399997], [87.03588867200006, 25.282159806000152], [87.03765869000017, 25.27584076000005], [87.03765106200007, 25.266759872000137], [87.04852294900013, 25.263771057000156], [87.05728912299998, 25.259370804000184], [87.08033752500012, 25.243898391000073], [87.09606933500004, 25.238821029999997], [87.10434723000009, 25.235002518999977], [87.10967254700012, 25.234872817999985], [87.11370086600004, 25.23735046400003], [87.1225433350001, 25.253561021000053], [87.12785339400006, 25.250770568000178], [87.12947082500006, 25.246089936000146], [87.13154602000009, 25.23116111900015], [87.13654327400019, 25.22890091000005], [87.15962982100018, 25.22585106000014], [87.16897583100001, 25.23695945800017], [87.18141174400006, 25.235340120000103], [87.18422699100017, 25.23349952600006], [87.19079589900014, 25.2267017370001], [87.20184326100008, 25.231910706000065], [87.21594238200004, 25.243759155000134], [87.21900939800014, 25.25099945100004], [87.22010040200013, 25.262250901000186], [87.23011779900008, 25.275632858000108], [87.25261688300003, 25.294099808000055], [87.26200103800011, 25.32023811300013], [87.25829315200008, 25.325040818000048], [87.25553894000012, 25.326650619000077], [87.26122283900014, 25.334779740000045], [87.26081085200002, 25.35106277500006], [87.26380920500009, 25.35244178700009], [87.2671127320001, 25.35715293800007], [87.27420043900008, 25.3622894290001], [87.2799911510001, 25.373638153000115], [87.28936767500005, 25.398269654000046], [87.299880981, 25.402299881000147], [87.30182647700008, 25.40170288100012], [87.31347656200006, 25.40740966800007], [87.32168579199998, 25.40796089100013], [87.32729339500008, 25.41212081900005], [87.33399200400004, 25.415081025000006], [87.3372726450001, 25.41506958000008], [87.34105682500007, 25.41366005100008], [87.35118865999999, 25.41476249700014], [87.36231231600004, 25.422670365000045], [87.36110687200016, 25.40810012800017], [87.36392211900011, 25.405921936000084], [87.37483215300006, 25.402959824000163], [87.40413665800008, 25.389780044000133], [87.40232086300006, 25.384260178000147], [87.40431976400015, 25.379760741999974], [87.41394805800007, 25.37763977000003], [87.42112731899999, 25.37499999900018], [87.42381286500017, 25.375471116000142], [87.42624664400017, 25.373529435000023], [87.4302368160001, 25.380050659000062], [87.43586731000005, 25.364749909000125], [87.44035339300007, 25.361408235], [87.45060730000017, 25.35904121400017], [87.4559707640002, 25.364482879000036], [87.4717559820001, 25.365060806000145], [87.48338317899999, 25.36650085600013], [87.49816894500003, 25.34949111900005], [87.50518035800008, 25.351240158000053], [87.5110473630001, 25.351289748000113], [87.52211761400008, 25.34720993000002], [87.52374267500016, 25.35462951700009], [87.52472686900006, 25.355171204999976], [87.52610015800008, 25.351150514000096], [87.52321624800004, 25.341409683000165], [87.53227234000008, 25.33529090899998], [87.53762817400019, 25.33012962400005], [87.54744720400015, 25.330940247000115], [87.54680633600003, 25.3236503600001], [87.54412078800004, 25.32290077300013], [87.54112243700001, 25.304250717000173], [87.53849792400007, 25.296230316000106], [87.53974914500009, 25.281618118000097], [87.535629272, 25.28010940500019], [87.52942657400018, 25.279619217000175], [87.52552032400007, 25.280981064000116], [87.5128707880001, 25.29214286900003], [87.49887085000006, 25.292289734000178], [87.49006652700018, 25.305200576000118], [87.48638153000019, 25.296070097999973], [87.48150634800004, 25.29517173800008], [87.48757934600019, 25.277610778000167], [87.49447631900017, 25.27543067900018], [87.49195861800013, 25.271430969000164], [87.49559021100015, 25.265300751000098], [87.49571991000016, 25.262479782000185], [87.4948425290001, 25.259691238000187], [87.48755645700015, 25.261999131000096], [87.4726409910001, 25.24088287400008], [87.47305297800017, 25.2314300540001], [87.47181701700009, 25.222379685000078], [87.47216033800004, 25.194669724000164], [87.46763610900007, 25.193141937000178], [87.46685791000004, 25.195650100000137], [87.46192932100018, 25.19515037600013], [87.45783233700013, 25.197799683000085], [87.45511627200005, 25.197500229000184], [87.41660308800004, 25.21491050700007], [87.4094924920002, 25.21513938800007], [87.4076461800002, 25.219009400000175], [87.40215301500018, 25.22141075200011], [87.39662170400004, 25.225719452000078], [87.39177703900003, 25.22751808100014], [87.38648223800004, 25.225709916000028], [87.3833007820001, 25.223470689000123], [87.37713623000019, 25.222618104000162], [87.37394714300001, 25.21853065500011], [87.36988830600018, 25.20504951500004], [87.36846160900018, 25.20689964200011], [87.3580169670002, 25.21121978700006], [87.35507965200009, 25.21340942500001], [87.34777832000009, 25.213172913000164], [87.33045196500012, 25.217069626000125], [87.33053588900015, 25.222190856000168], [87.3234558100001, 25.223091126000043], [87.31833648700007, 25.20124054000013], [87.31597900400016, 25.196950913000023], [87.31574249300002, 25.19298935000006], [87.31711578300013, 25.188680649000162], [87.31601715100004, 25.186300277000043], [87.31064605700004, 25.169820785000013], [87.3130111700001, 25.169260026000075], [87.31437683200011, 25.167369842000028], [87.31503295800002, 25.165040971000167], [87.3143692020002, 25.162759781000034], [87.31041717600004, 25.160329820000186], [87.30963897700002, 25.153551102000108], [87.30797576900011, 25.150291442000025], [87.3022918710002, 25.145320891999972], [87.30171966600017, 25.14389991799999], [87.30343627900004, 25.143209458000058], [87.30239105300006, 25.14059066800013], [87.30342864900013, 25.13814163300009], [87.299880981, 25.13459014900002], [87.29791259800015, 25.134660722000092], [87.29326629600013, 25.11435127300001], [87.29487609800009, 25.11381912300004], [87.29486847000015, 25.11191940400016], [87.29280853400007, 25.10469055300007], [87.29535675100016, 25.09970092900005], [87.29110717700007, 25.08926963800019], [87.28560638400012, 25.09091949499998], [87.27488708400011, 25.092189789000145], [87.27024841400004, 25.09363937500018], [87.26444244400017, 25.097778321000135], [87.26307678300003, 25.100820541000132], [87.25875091500006, 25.104610444000116], [87.25055694600019, 25.10585021999998], [87.24923706000004, 25.105379104999997], [87.24533081100009, 25.099081039999987], [87.24106597900015, 25.100799560000098], [87.23986053500005, 25.099460602000136], [87.23387909000013, 25.08582115100006], [87.2270889290001, 25.087570190000065], [87.21795654400006, 25.08854293899998], [87.21563720799998, 25.090190887999995], [87.21135711700015, 25.089599610000107], [87.21071624700005, 25.085250854000037], [87.20832061700008, 25.08332061900012], [87.19986724900019, 25.07944107200018], [87.19747161900005, 25.073650361000034], [87.18776702900016, 25.066999436000174], [87.18431854300013, 25.067010880000055], [87.17664337100013, 25.06402015700013], [87.17384338400018, 25.058002472000055]]]}}, {"type": "Feature", "properties": {"GID_3": "IND.5.6.2_1", "GID_0": "IND", "COUNTRY": "India", "GID_1": "IND.5_1", "NAME_1": "Bihar", "NL_NAME_1": "NA", "GID_2": "IND.5.6_1", "NAME_2": "Bhagalpur", "NL_NAME_2": "NA", "NAME_3": "Naugachhia", "VARNAME_3": "NA", "NL_NAME_3": "NA", "TYPE_3": "Taluk", "ENGTYPE_3": "Taluk", "CC_3": "NA", "HASC_3": "NA"}, "geometry": {"type": "Polygon", "coordinates": [[[87.26081085200002, 25.35106277500006], [87.26122283900014, 25.334779740000045], [87.25553894000012, 25.326650619000077], [87.25829315200008, 25.325040818000048], [87.26200103800011, 25.32023811300013], [87.25261688300003, 25.294099808000055], [87.23011779900008, 25.275632858000108], [87.22010040200013, 25.262250901000186], [87.21900939800014, 25.25099945100004], [87.21594238200004, 25.243759155000134], [87.20184326100008, 25.231910706000065], [87.19079589900014, 25.2267017370001], [87.18422699100017, 25.23349952600006], [87.18141174400006, 25.235340120000103], [87.16897583100001, 25.23695945800017], [87.15962982100018, 25.22585106000014], [87.13654327400019, 25.22890091000005], [87.13154602000009, 25.23116111900015], [87.12947082500006, 25.246089936000146], [87.12785339400006, 25.250770568000178], [87.1225433350001, 25.253561021000053], [87.11370086600004, 25.23735046400003], [87.10967254700012, 25.234872817999985], [87.10434723000009, 25.235002518999977], [87.09606933500004, 25.238821029999997], [87.08033752500012, 25.243898391000073], [87.05728912299998, 25.259370804000184], [87.04852294900013, 25.263771057000156], [87.03765106200007, 25.266759872000137], [87.03765869000017, 25.27584076000005], [87.03588867200006, 25.282159806000152], [87.03630065900018, 25.29059982399997], [87.02442932100007, 25.294771195000067], [87.02291107200011, 25.29952240000017], [86.9941711420002, 25.302642823000156], [86.98574066200001, 25.30232048100015], [86.97849273800006, 25.295070648999967], [86.96486663900015, 25.290580751000107], [86.95871734600018, 25.28988075300009], [86.94177246200007, 25.30620956300004], [86.9397964470001, 25.307140350000054], [86.93760681200018, 25.30751037700003], [86.93573760900017, 25.30407905600009], [86.93242645200019, 25.30363083000009], [86.9259567260001, 25.3058795930001], [86.92101287900005, 25.306650161000107], [86.91825103700018, 25.303350449000106], [86.90661621200019, 25.299341202000107], [86.89038848900015, 25.297050476000095], [86.88336944500008, 25.298429489000057], [86.88083648700012, 25.29759025700008], [86.87610626200018, 25.29503250200014], [86.86522674500014, 25.284370422000052], [86.86225128100017, 25.284730912000043], [86.85925293000014, 25.28671073900017], [86.85500335600005, 25.29157066500011], [86.85511016900011, 25.295522690000155], [86.85106658900003, 25.29739189200012], [86.84704589799998, 25.298561097000118], [86.83641052200005, 25.29955101100012], [86.8271560660001, 25.301801682000132], [86.8306503300002, 25.287769317000027], [86.83104705800014, 25.28322029100019], [86.82620239200008, 25.27538108900012], [86.81771087600004, 25.269878388000052], [86.81491851800007, 25.269550323000146], [86.81297302200005, 25.270530701000098], [86.8125228880001, 25.28036117700009], [86.81202697700019, 25.282489776999967], [86.8105163570001, 25.283531188000097], [86.79973602400014, 25.28084945700016], [86.79258728100007, 25.274810792000096], [86.78890991200018, 25.27425956800016], [86.78716278000002, 25.276330948000123], [86.78614044199998, 25.279951095000058], [86.78386688300009, 25.281930923000118], [86.7807617200001, 25.28206062400011], [86.77700805600006, 25.279209138000056], [86.77443695100004, 25.276170731000093], [86.76819610600012, 25.289239883000164], [86.77600097700014, 25.2963695520001], [86.77448272800018, 25.299940109000033], [86.78188324000018, 25.306161881000037], [86.78304290700015, 25.308210372000133], [86.77889251700009, 25.310541154000077], [86.78198242200006, 25.315692902000023], [86.78219604500003, 25.318729400000052], [86.78013610800002, 25.32110023600012], [86.77880859300006, 25.324501038000108], [86.78897857700008, 25.33006286600005], [86.79779815600017, 25.332130433000145], [86.80473327600004, 25.328060150000113], [86.80905914300013, 25.329242707000162], [86.81163024900007, 25.33255958600006], [86.81318664600013, 25.336282730000107], [86.81825256400009, 25.337860109000133], [86.81933593700012, 25.343460084000128], [86.833923341, 25.35503959600004], [86.84011077800011, 25.357810974000188], [86.84453582800012, 25.358129501000178], [86.85047912600004, 25.36261939900004], [86.85350036600005, 25.367431642000042], [86.85101318400018, 25.376012802000048], [86.84616088900003, 25.377260208000052], [86.84181976300005, 25.379400253000085], [86.8344573980001, 25.38467025700004], [86.83309936500007, 25.388418198000068], [86.83313751200012, 25.396120071000098], [86.82913970900017, 25.4004516600001], [86.82631683400012, 25.40507125800002], [86.82279205400016, 25.40900039700017], [86.81606292700019, 25.414390565000076], [86.81481933600003, 25.41669082800007], [86.81848907500017, 25.42119979900002], [86.81858062700013, 25.428512573999967], [86.82166290400016, 25.43266105600003], [86.82206726000004, 25.434900284000037], [86.82176208600004, 25.440658569000163], [86.81774139500016, 25.443830490000153], [86.82121276800007, 25.44578170800014], [86.82286834800004, 25.44588089100006], [86.82340240500014, 25.448869705999982], [86.81894683900003, 25.452049255000077], [86.8201293940001, 25.45625114400019], [86.82318878300003, 25.458459855000058], [86.85015106100013, 25.45396041900011], [86.85407257000014, 25.463649751000162], [86.85880279600019, 25.462810516000104], [86.8594818110002, 25.46540260300003], [86.86157226600005, 25.466699601000073], [86.86871337900016, 25.463199615000008], [86.87370300200007, 25.46253013600017], [86.8801727300002, 25.466571808000083], [86.88420868000014, 25.472000122000168], [86.89250183100006, 25.47537994300012], [86.89507293600008, 25.478181839000115], [86.89700317400008, 25.478570938000075], [86.90122222900004, 25.477729798000098], [86.90574645900006, 25.47488975500005], [86.90947723400012, 25.47359085100004], [86.91265869099999, 25.475250244000108], [86.91398620500007, 25.480569839000168], [86.91182708700012, 25.48419952400019], [86.90656280500014, 25.488550187000044], [86.90538787900005, 25.49166107100001], [86.91948700000017, 25.4938011160001], [86.91998291100009, 25.48697090100012], [86.9219207770002, 25.485099793000188], [86.9254531850001, 25.484790802000077], [86.92444610500007, 25.49082946700014], [86.92530059799998, 25.49215126100006], [86.928520203, 25.491609573000005], [86.93290710399998, 25.492380142000115], [86.94106292700008, 25.48977852000013], [86.9413909920001, 25.48644828900018], [86.93865966900017, 25.48543167100013], [86.93270874000012, 25.48588943500016], [86.93009185700004, 25.485099793000188], [86.92912292400007, 25.482749938000154], [86.94555664000018, 25.474990845000093], [86.94567108200005, 25.477691651000043], [86.94702911300004, 25.480550765000032], [86.95007324100004, 25.480760575000147], [86.95388794000013, 25.478029252], [86.95511627200011, 25.47458076500004], [86.96150207400001, 25.473369599000023], [86.96476745700011, 25.471570969000084], [86.96430969300008, 25.46381950400007], [86.96782684300013, 25.46305275000003], [86.9708023070001, 25.471981049000078], [86.97605133100006, 25.47648048400015], [86.98568725500013, 25.47756195000011], [86.99449157700013, 25.470190047000017], [87.0003662100001, 25.469480514000054], [86.99833679200003, 25.470720292000124], [87.00418853700006, 25.475370407000014], [87.01048278900004, 25.475660324000103], [87.01270294100004, 25.48064041200007], [87.0169830320001, 25.477449417000116], [87.01815795900006, 25.475057603000096], [87.01817321700008, 25.472690582000098], [87.01692199600018, 25.469951631000015], [87.01158142100019, 25.46473121600019], [87.01248169000013, 25.462490082000045], [87.01573944100011, 25.461610795000183], [87.02079010000011, 25.462680818000024], [87.03954315100003, 25.471210480000025], [87.04263305600017, 25.470741273000158], [87.0456466670002, 25.47228050300015], [87.05193328900003, 25.46993065000015], [87.0602111820001, 25.468999864000068], [87.06697082600004, 25.469259261000104], [87.06910705600001, 25.472379685000192], [87.07055664200004, 25.476680756000178], [87.07406616100008, 25.481641769000078], [87.0749816890002, 25.489330291999977], [87.0764083860002, 25.493619920000185], [87.08016967700007, 25.49488067700014], [87.08481598000003, 25.497940063000158], [87.08801269500009, 25.502189637000015], [87.0905075070001, 25.51095009000005], [87.09601593000019, 25.514329911000175], [87.0963821420001, 25.504169464000142], [87.09551239100017, 25.50062942600016], [87.09763336100013, 25.48977852000013], [87.0949783330002, 25.48430061300013], [87.09105682500012, 25.479152680000084], [87.08386993300019, 25.47641944900016], [87.07981109600018, 25.473939896000047], [87.07881927400018, 25.455020904000037], [87.08207702700014, 25.45416069099997], [87.08336639400017, 25.45071029700017], [87.08088684100011, 25.447969436000108], [87.08393859900019, 25.44112014800004], [87.08775329500014, 25.44560051000002], [87.09554290800008, 25.442600250000112], [87.09541320900013, 25.438919067000086], [87.10459899900007, 25.4331703200001], [87.11115264900019, 25.43464088400009], [87.11142730700016, 25.435729980000133], [87.11824798600009, 25.43772125300012], [87.12045288000007, 25.43539047200011], [87.12281799300007, 25.43680954000007], [87.12650299100017, 25.436201097000094], [87.14997100800008, 25.43629837100019], [87.15463256900006, 25.437789917000146], [87.15809631400003, 25.44416046200007], [87.16040802000015, 25.446720123000034], [87.16613769600013, 25.44972991900005], [87.17771911600005, 25.447969436000108], [87.18131256200019, 25.44351005499999], [87.18084716800001, 25.44147109900007], [87.18328857400007, 25.439809799000102], [87.18522644000018, 25.440710068000044], [87.18415069500008, 25.443349839000064], [87.18612671000005, 25.444139481000036], [87.19046783400006, 25.448459626000158], [87.19608306900005, 25.445720673000153], [87.20324707000015, 25.44728088400018], [87.2068328850001, 25.45108032200011], [87.20967865099999, 25.45619964700012], [87.22529602000014, 25.45127105800009], [87.22431945700009, 25.443349839000064], [87.21817016600016, 25.43403244000018], [87.21534728900008, 25.43086051900019], [87.21021270800003, 25.428810121000026], [87.20346832200016, 25.42738914400013], [87.19877624500015, 25.414850234000028], [87.21277618400006, 25.409250259000032], [87.21485900900018, 25.407449722000024], [87.21658325200013, 25.403869628999985], [87.21698761100009, 25.400051118000192], [87.21349334700017, 25.39666938700003], [87.21411895700004, 25.393079759000045], [87.21575164800004, 25.389909745000125], [87.22292327900004, 25.385150910000107], [87.22306823800005, 25.38289833200008], [87.22882843100012, 25.379159927000103], [87.22809600900013, 25.37782096899997], [87.2319412240002, 25.375129700000173], [87.24166107200011, 25.37857055699999], [87.26033020000006, 25.37382125900018], [87.27134704600013, 25.369430543000135], [87.25984191900005, 25.353620530000057], [87.26081085200002, 25.35106277500006]]]}}, {"type": "Feature", "properties": {"GID_3": "IND.5.7.1_1", "GID_0": "IND", "COUNTRY": "India", "GID_1": "IND.5_1", "NAME_1": "Bihar", "NL_NAME_1": "NA", "GID_2": "IND.5.7_1", "NAME_2": "Bhojpur", "NL_NAME_2": "NA", "NAME_3": "Ara", "VARNAME_3": "NA", "NL_NAME_3": "NA", "TYPE_3": "Taluk", "ENGTYPE_3": "Taluk", "CC_3": "NA", "HASC_3": "NA"}, "geometry": {"type": "Polygon", "coordinates": [[[84.69715118300013, 25.316471099000182], [84.68081665000017, 25.30941009600008], [84.66802978600015, 25.300230026000122], [84.65750885100016, 25.285089493000157], [84.65087127700019, 25.272239686000034], [84.64560699500004, 25.258850099000142], [84.63389587400013, 25.246709823000174], [84.61978149500015, 25.236219406000032], [84.59716796800006, 25.229579925000053], [84.59142303400006, 25.22616958700013], [84.565429688, 25.21879959200004], [84.55597686800019, 25.214389801000152], [84.54841613800005, 25.212699891000113], [84.52356719900013, 25.210290909000094], [84.51320648100011, 25.206270218000043], [84.50392913900009, 25.200170517000117], [84.4838867200001, 25.188800812000068], [84.47500610400016, 25.181167604000166], [84.45775604300013, 25.16241073700013], [84.4461822510001, 25.168569566000144], [84.41940307600015, 25.188470841000026], [84.39997100800008, 25.194450379000045], [84.39805603000013, 25.191209794000088], [84.39943695000017, 25.18829155000003], [84.39652252100012, 25.185752868999998], [84.39070129300006, 25.188739776000148], [84.37947082500006, 25.19194030800014], [84.37889099200015, 25.194971085000134], [84.37542724500014, 25.19691085900007], [84.37278747600016, 25.194700241000135], [84.36797332800006, 25.19584083600006], [84.36609649800005, 25.192939758000023], [84.36032104500009, 25.19374084500015], [84.35012054400016, 25.193229676000044], [84.35183715699998, 25.196599960000185], [84.35076141400009, 25.19926071200007], [84.34381103599998, 25.20323944100005], [84.34114837600015, 25.20166969200011], [84.33757781900005, 25.202730179000184], [84.33347320600012, 25.200311661000057], [84.32663726900006, 25.203138351000177], [84.32530975400005, 25.20795059200003], [84.31314849900008, 25.216632843000127], [84.31652069000012, 25.22367286800005], [84.32242584200003, 25.22505951000005], [84.32283020000006, 25.23209190500006], [84.32652282800007, 25.237888337000186], [84.32044219900013, 25.240150453000126], [84.32096862800006, 25.244449616000168], [84.32389068500015, 25.254169465000132], [84.32242584200003, 25.26465988100017], [84.31701660099998, 25.270401000000106], [84.31645202600009, 25.273321152000165], [84.3207397450002, 25.27833938700013], [84.32823181100014, 25.28310966600003], [84.32769012500012, 25.28451919700001], [84.32025909500004, 25.28600120599998], [84.31755065800007, 25.289730071000065], [84.31833648700012, 25.292181016000086], [84.32589721700009, 25.292900085000156], [84.3290863040001, 25.295440674000133], [84.32836151200013, 25.29899978600008], [84.32279968200004, 25.300359727000114], [84.320236206, 25.302530288000185], [84.31936645500008, 25.315530777000163], [84.31421661400003, 25.316400528000088], [84.31395721500019, 25.32230758700007], [84.30252838100012, 25.323839187000146], [84.30113983100017, 25.327791214000058], [84.2967071540001, 25.328279495000004], [84.29572296200001, 25.326419830000077], [84.2846298230001, 25.325548172000083], [84.27433776800007, 25.33036995000009], [84.275596619, 25.33660125700004], [84.27271270700015, 25.342540741000164], [84.27619934000006, 25.348119737000104], [84.27567291300011, 25.35353088300019], [84.27072906400008, 25.35490989800013], [84.26734924300013, 25.360998153000025], [84.27655029200014, 25.363700866999977], [84.2807083140001, 25.37520027100004], [84.27916717500005, 25.381771089000154], [84.28240966900012, 25.387140273000114], [84.28640747100013, 25.39095115700013], [84.29400634700005, 25.388019562000125], [84.29957580600012, 25.38852119500018], [84.29930114800015, 25.39206123400004], [84.30124664400017, 25.394382477000192], [84.2998428350001, 25.40382957500009], [84.29775238000008, 25.409839629000146], [84.30249023500016, 25.423030853], [84.30985260000011, 25.427200318000132], [84.31520843600003, 25.43334960900006], [84.337791444, 25.433269502000087], [84.34118652300003, 25.43423080500014], [84.34570312500017, 25.444200517000127], [84.33846283000014, 25.445659638000166], [84.33960723900009, 25.449979783000117], [84.35099029500009, 25.458232880000025], [84.35373687800006, 25.46581077700006], [84.354850768, 25.473560333000023], [84.34626770100016, 25.474918365999997], [84.3465271010001, 25.490921021000077], [84.33244323800017, 25.492361069000026], [84.33373260400009, 25.505729674999998], [84.32363128600008, 25.51869011000008], [84.32402801400008, 25.52860069200011], [84.32303619500016, 25.54495048500013], [84.32357788000013, 25.55146026600005], [84.32482910200008, 25.55498123300015], [84.32823181100014, 25.55878067100008], [84.33004760800003, 25.562469484000076], [84.33080291700009, 25.569150925000145], [84.32784271300011, 25.57944107100019], [84.3276977540001, 25.58382034400006], [84.330322266, 25.591091155000072], [84.33512878400018, 25.599899293000192], [84.34187316800006, 25.60647964600014], [84.34368896500013, 25.609600067000088], [84.3445968630001, 25.62146186800004], [84.34339141900017, 25.625360489000116], [84.33927154600008, 25.62790107700016], [84.33165740900012, 25.629449845000067], [84.34484863200004, 25.64046287600013], [84.34352111800018, 25.643051147000108], [84.33718872100019, 25.64154052700019], [84.33233642600004, 25.651369095000177], [84.32637023900014, 25.655389786000057], [84.32065582300004, 25.65716934200003], [84.32804870500013, 25.66379928700013], [84.33319854600018, 25.65892028800016], [84.33589935300006, 25.667150497000137], [84.33843231200012, 25.667440415000158], [84.34014129700006, 25.665090560000124], [84.33953094500015, 25.659620286000177], [84.34217834499998, 25.660898209000095], [84.34471130300017, 25.664651872000093], [84.34690856900005, 25.673061371000188], [84.34638214099999, 25.679090501000076], [84.33857727100013, 25.678960800000084], [84.33280181800018, 25.681489944000077], [84.33103942800005, 25.68478011999997], [84.33450317500018, 25.687191011000095], [84.34246826100019, 25.68519020200017], [84.3503494270002, 25.684640884000032], [84.35375976500006, 25.685729980000076], [84.35278320400005, 25.69310188300011], [84.35585784800003, 25.701110840000126], [84.36733245800019, 25.71892929100011], [84.38117217900015, 25.73425102300007], [84.393646241, 25.72890281800011], [84.39311981200007, 25.72602081300016], [84.39546966600017, 25.724399567000148], [84.40043640200008, 25.716890335000187], [84.39710998599998, 25.70907020599998], [84.4018783570001, 25.699501038000164], [84.41089630200008, 25.698471069000107], [84.42360687300004, 25.69507980300017], [84.42417144700005, 25.711719513000105], [84.43247222800005, 25.712078094000162], [84.43855285600011, 25.710680009000043], [84.44877624500015, 25.71449089000015], [84.44901275600012, 25.711380004000148], [84.45516967700019, 25.71031188900014], [84.4586563100001, 25.703210831000035], [84.45877838100012, 25.698432923000155], [84.46319580000016, 25.698642730000188], [84.46276092500017, 25.69588279800007], [84.460319518, 25.690710067999987], [84.4665069580002, 25.685510635000128], [84.48934173600003, 25.691089631000068], [84.48838806100008, 25.677850723000176], [84.49903106699998, 25.67739105200002], [84.50576782300016, 25.682260514000063], [84.5163803100001, 25.67770957900018], [84.52458953900015, 25.68435096799999], [84.52794647200017, 25.71537017900016], [84.53047180300013, 25.72462082000004], [84.53586578300019, 25.726490020000142], [84.53138732800011, 25.692832947000056], [84.55233001700014, 25.684030533000055], [84.55639648500016, 25.688570023000125], [84.55860900900012, 25.70098114000001], [84.55896759100011, 25.72165107799998], [84.55562591600011, 25.736408234000123], [84.59552001900005, 25.739110946000096], [84.59120178100017, 25.728210450000063], [84.59834289600013, 25.727359773000103], [84.60206604000012, 25.727800369000136], [84.60674285900012, 25.724660874000165], [84.61908721999998, 25.720672607000154], [84.61901855500008, 25.718709945000114], [84.61408233600014, 25.719100953000122], [84.61382293600019, 25.715810777], [84.61664581300005, 25.71129989600007], [84.62288665800014, 25.707120895000116], [84.63118744000019, 25.70586967600002], [84.64176178000008, 25.70695114200015], [84.65318298300014, 25.71194076600017], [84.66191101200013, 25.711719513000105], [84.67057800300006, 25.709180831000026], [84.6807632450001, 25.70277977100011], [84.71427917600005, 25.70405006300001], [84.73932647700008, 25.709159850000106], [84.74447631800012, 25.706331253000144], [84.7529907220001, 25.703920365000158], [84.75373077400002, 25.698619844000063], [84.75665283200004, 25.696548462000067], [84.76278686600006, 25.695280075000028], [84.77191162100019, 25.69103241100015], [84.77363586500007, 25.687301636000086], [84.77812957800018, 25.686201097000037], [84.7803726200001, 25.690319062000185], [84.79029846300011, 25.69246101500005], [84.79496765200014, 25.690361024000083], [84.80030059900008, 25.686061860000166], [84.8033065800002, 25.687360764000175], [84.81205749500009, 25.68741989099999], [84.81369781500013, 25.691480637000097], [84.80739593400011, 25.692251205000048], [84.80105590700003, 25.69202041700015], [84.80088806200007, 25.695140838000157], [84.80426025500014, 25.69984054600019], [84.83315277100007, 25.69446754400002], [84.83750915500013, 25.69697952200005], [84.845611572, 25.69679069600005], [84.8422012330002, 25.679399491000027], [84.82749176100009, 25.679149629000165], [84.82187652500005, 25.67670059200009], [84.81723022500017, 25.671808243000044], [84.81719970600005, 25.66617012100005], [84.82678985600006, 25.65866088900009], [84.83497619700012, 25.65701103200007], [84.82151031500013, 25.647140504000163], [84.81849670400004, 25.637849808000055], [84.81527709900001, 25.634080887000096], [84.81691742000015, 25.6305999760001], [84.81488800000011, 25.620241166000085], [84.82437133700006, 25.621940613000106], [84.82080841000004, 25.617010117000177], [84.81153869600007, 25.608118058000116], [84.80783081000004, 25.591821672000037], [84.81520843500005, 25.588720322000086], [84.81089019800004, 25.576269149999973], [84.80264282200017, 25.568920136000145], [84.7908859260001, 25.5647201540001], [84.78769683900015, 25.560810089000142], [84.76280975300011, 25.53845024100019], [84.75728607100012, 25.52289962700013], [84.751579284, 25.511569975999976], [84.7480087290001, 25.49215126100006], [84.75546264600018, 25.472698212000182], [84.76597595300007, 25.458101273000068], [84.7702484130001, 25.44812965400007], [84.75605773900008, 25.416971206000028], [84.74545288100018, 25.40616989199998], [84.74463653600003, 25.39679145800011], [84.73754119800009, 25.38277244600016], [84.7326812730002, 25.375841141000137], [84.72556305000018, 25.361530303000166], [84.72474670400015, 25.354932786000063], [84.71765136700009, 25.33583068900009], [84.70681762600015, 25.321502685000098], [84.69715118300013, 25.316471099000182]]]}}, {"type": "Feature", "properties": {"GID_3": "IND.5.8.1_1", "GID_0": "IND", "COUNTRY": "India", "GID_1": "IND.5_1", "NAME_1": "Bihar", "NL_NAME_1": "NA", "GID_2": "IND.5.8_1", "NAME_2": "Buxar", "NL_NAME_2": "NA", "NAME_3": "Buxar", "VARNAME_3": "NA", "NL_NAME_3": "NA", "TYPE_3": "Taluk", "ENGTYPE_3": "Taluk", "CC_3": "NA", "HASC_3": "NA"}, "geometry": {"type": "Polygon", "coordinates": [[[84.38117217900015, 25.73425102300007], [84.36733245800019, 25.71892929100011], [84.35585784800003, 25.701110840000126], [84.35278320400005, 25.69310188300011], [84.35375976500006, 25.685729980000076], [84.3503494270002, 25.684640884000032], [84.34246826100019, 25.68519020200017], [84.33450317500018, 25.687191011000095], [84.33103942800005, 25.68478011999997], [84.33280181800018, 25.681489944000077], [84.33857727100013, 25.678960800000084], [84.34638214099999, 25.679090501000076], [84.34690856900005, 25.673061371000188], [84.34471130300017, 25.664651872000093], [84.34217834499998, 25.660898209000095], [84.33953094500015, 25.659620286000177], [84.34014129700006, 25.665090560000124], [84.33843231200012, 25.667440415000158], [84.33589935300006, 25.667150497000137], [84.33319854600018, 25.65892028800016], [84.32804870500013, 25.66379928700013], [84.32065582300004, 25.65716934200003], [84.32637023900014, 25.655389786000057], [84.33233642600004, 25.651369095000177], [84.33718872100019, 25.64154052700019], [84.34352111800018, 25.643051147000108], [84.34484863200004, 25.64046287600013], [84.33165740900012, 25.629449845000067], [84.33927154600008, 25.62790107700016], [84.34339141900017, 25.625360489000116], [84.3445968630001, 25.62146186800004], [84.34368896500013, 25.609600067000088], [84.34187316800006, 25.60647964600014], [84.33512878400018, 25.599899293000192], [84.330322266, 25.591091155000072], [84.3276977540001, 25.58382034400006], [84.32784271300011, 25.57944107100019], [84.33080291700009, 25.569150925000145], [84.33004760800003, 25.562469484000076], [84.32823181100014, 25.55878067100008], [84.32482910200008, 25.55498123300015], [84.32357788000013, 25.55146026600005], [84.32303619500016, 25.54495048500013], [84.32402801400008, 25.52860069200011], [84.32363128600008, 25.51869011000008], [84.33373260400009, 25.505729674999998], [84.33244323800017, 25.492361069000026], [84.3465271010001, 25.490921021000077], [84.34626770100016, 25.474918365999997], [84.354850768, 25.473560333000023], [84.35373687800006, 25.46581077700006], [84.35099029500009, 25.458232880000025], [84.33960723900009, 25.449979783000117], [84.33846283000014, 25.445659638000166], [84.34570312500017, 25.444200517000127], [84.34118652300003, 25.43423080500014], [84.337791444, 25.433269502000087], [84.31520843600003, 25.43334960900006], [84.30985260000011, 25.427200318000132], [84.30249023500016, 25.423030853], [84.29775238000008, 25.409839629000146], [84.2998428350001, 25.40382957500009], [84.30124664400017, 25.394382477000192], [84.29930114800015, 25.39206123400004], [84.29957580600012, 25.38852119500018], [84.29400634700005, 25.388019562000125], [84.28640747100013, 25.39095115700013], [84.28240966900012, 25.387140273000114], [84.27916717500005, 25.381771089000154], [84.2807083140001, 25.37520027100004], [84.27655029200014, 25.363700866999977], [84.26734924300013, 25.360998153000025], [84.26296997000003, 25.35863113500011], [84.26042938200015, 25.35403251700012], [84.24790191700004, 25.356491089000144], [84.24691772500017, 25.354698181000117], [84.24208068900015, 25.354570389000003], [84.22751617400007, 25.356662750000055], [84.22248840300017, 25.34654045100018], [84.2136611950001, 25.34790992700016], [84.21039581200017, 25.354801178000002], [84.20894622900005, 25.36170959400016], [84.20546722300014, 25.366230011000027], [84.19201660100009, 25.36820983900003], [84.17639160100015, 25.36926078800002], [84.1749267570001, 25.370668411000054], [84.16039276100014, 25.371032716000116], [84.15627288800005, 25.36820030300015], [84.14805603100007, 25.369590760000165], [84.14129638600008, 25.37187194800009], [84.13186645500008, 25.37264061100018], [84.12880706800019, 25.369621277000135], [84.12255859300018, 25.368240357000047], [84.11959075900012, 25.363729476000117], [84.11461639400005, 25.363540650000175], [84.11244201700015, 25.360950471000137], [84.1082687380001, 25.35915947000001], [84.10272216900006, 25.362010956000063], [84.09564209000001, 25.363100052000107], [84.09555816599999, 25.367782593000015], [84.09243774400011, 25.368129730000078], [84.09176635800014, 25.36048126200012], [84.08960723900015, 25.359899521000045], [84.08332824700017, 25.364990235000107], [84.07264709500015, 25.36675262500006], [84.06836700400015, 25.370622634000085], [84.05710601900017, 25.372350693000158], [84.05391693200005, 25.374660493000135], [84.05230712900016, 25.373939514000085], [84.03793335000006, 25.37561035300007], [84.03938293500016, 25.36975097600009], [84.03866577200006, 25.360189438000134], [84.04595184300013, 25.35794067500018], [84.0438766490002, 25.34794044600011], [84.0372619640001, 25.343219757000043], [84.02847290000011, 25.34301948600006], [84.02709961000016, 25.34015274100011], [84.0294723510001, 25.336780548000036], [84.03032684400006, 25.332281113000192], [84.03624725400016, 25.33143043500013], [84.04548644900012, 25.32172966000013], [84.04570770200007, 25.31801986700009], [84.04953765900012, 25.31405067500009], [84.04985046400003, 25.310859681000068], [84.05185699500004, 25.308889389000115], [84.05017089900014, 25.298580171000083], [84.04131317100018, 25.298049926000033], [84.03961944700018, 25.289600372000052], [84.0329589850001, 25.286630631000094], [84.03056335500014, 25.276790620000156], [84.02764892600015, 25.268699646000186], [84.01407623200015, 25.269849777000047], [84.01110076800018, 25.26789283800008], [84.01004028300008, 25.26395034799998], [84.00821685800014, 25.263429641000187], [84.00549316500008, 25.26354026900009], [83.99887847999997, 25.26733970700002], [83.9942932130001, 25.26774025000003], [83.99179077100018, 25.26927185000011], [83.98797607400013, 25.266920090000042], [83.98461151200013, 25.26579093900017], [83.98163604700005, 25.26583099400017], [83.97012329, 25.272239686000034], [83.96872711200012, 25.27503967300015], [83.9628601070001, 25.280122758000175], [83.95839691100014, 25.282930375000035], [83.95374298000007, 25.28407096800015], [83.94944000300012, 25.28686904900013], [83.94660186800002, 25.287179947000084], [83.94345092800012, 25.2862205510001], [83.9410171510001, 25.287250520000157], [83.93739318900009, 25.287380218000067], [83.93630218500005, 25.290359497999987], [83.93283844000007, 25.288780212000063], [83.91941833400006, 25.294889450000028], [83.90223693900003, 25.29759025700008], [83.89819336000005, 25.295339584000146], [83.89160919100016, 25.29487037700011], [83.88877105800009, 25.301490784000123], [83.88609314000018, 25.30487060600018], [83.8795623790001, 25.310329437000064], [83.87684631399998, 25.31488990800017], [83.8710784920001, 25.314821243999972], [83.8676071160001, 25.316379547000054], [83.86350250200013, 25.32056808600015], [83.86145019500003, 25.323930741000083], [83.8578033450001, 25.32674980100012], [83.85656738200004, 25.329269409000062], [83.84284210100014, 25.33621978700012], [83.83763122700009, 25.337360383000146], [83.8347167980001, 25.340831756000057], [83.83631897000015, 25.342309952000164], [83.83403778100012, 25.344881058000055], [83.82897186300005, 25.346879958999978], [83.82325744600018, 25.347970963000023], [83.80647277900005, 25.362211227000046], [83.80696869000013, 25.36500930799997], [83.8031005860002, 25.36624908400006], [83.80258941700009, 25.36976814400009], [83.80075836200001, 25.372039795000035], [83.79550933800004, 25.371389390000104], [83.79553222700008, 25.368450165000183], [83.79135894800004, 25.37066078100014], [83.78761291500012, 25.368770600000175], [83.77996826200007, 25.370689392000088], [83.77530670100009, 25.37024116600014], [83.77194976900017, 25.369031907000192], [83.77082824700011, 25.372510910000187], [83.77002716100009, 25.380701065999972], [83.76715087900016, 25.384431839000058], [83.7619323720001, 25.387910844000032], [83.76225280700004, 25.39114189100013], [83.76346588100006, 25.398611068000037], [83.76518249500015, 25.399660110000127], [83.77068328900003, 25.400199890000067], [83.7822723380001, 25.398729324000044], [83.79660797200017, 25.408279418999996], [83.79936981200007, 25.410980225000174], [83.80327606200018, 25.41810989400011], [83.8052215580002, 25.424530030000142], [83.80319213800016, 25.42692947500018], [83.79270172100018, 25.430158616000085], [83.79435729900001, 25.431619645000126], [83.79670715400005, 25.432792665000193], [83.80294036900017, 25.432859421000046], [83.81762695200007, 25.437320709000005], [83.82064819300018, 25.437610626000094], [83.82408142200012, 25.43324089100014], [83.83020019600013, 25.433589935000043], [83.83837127700008, 25.43688964900008], [83.83937072800006, 25.438779831000147], [83.83943939200003, 25.442110062000097], [83.83751678400012, 25.44622993500019], [83.83338165300006, 25.450149536000026], [83.8304367070001, 25.45108032200011], [83.82150268600009, 25.451580048000096], [83.8185882570001, 25.452947617000177], [83.81381988600003, 25.453899384000124], [83.81037139900008, 25.454250335000154], [83.8079376230001, 25.45325279299999], [83.80555725100015, 25.45370102000004], [83.80671691800012, 25.458509445000118], [83.81022644000006, 25.465919495000037], [83.8123397820001, 25.46790123000011], [83.81474304200003, 25.468320847000086], [83.82256317100018, 25.462022782000076], [83.82467651500008, 25.46124076800004], [83.82935333200004, 25.461490632000107], [83.83378601100009, 25.462961196000094], [83.84787750200013, 25.471002578000025], [83.85111999400016, 25.473720550000053], [83.85491943400012, 25.484859467000035], [83.85977935700015, 25.48920059300019], [83.86443328800004, 25.490619660000107], [83.86672973600014, 25.49349975700011], [83.87126159700006, 25.50319290100009], [83.86820984000002, 25.511632919000135], [83.8729629520002, 25.52040290800005], [83.87692260800009, 25.52140808200005], [83.88247680600011, 25.521459580000055], [83.88810730000006, 25.52321052700006], [83.89280700700016, 25.52546119700014], [83.896263122, 25.52827262900007], [83.89942169200003, 25.53177070600003], [83.91356659000013, 25.55434036300005], [83.91705322300004, 25.558490753000115], [83.92098236000015, 25.561729432000106], [83.92530059800004, 25.56315231300016], [83.93966674800015, 25.565431595000064], [83.94432067900004, 25.56734085200003], [83.9558792110002, 25.57542991600019], [83.9915695200001, 25.601022720000174], [84.0000457770002, 25.607719422000002], [84.01423645000011, 25.6161308290001], [84.02822113000008, 25.622739793000164], [84.05683136100004, 25.632221222000112], [84.07650756800012, 25.637531281000122], [84.07969665500008, 25.652730941000073], [84.07402801400013, 25.672500610000043], [84.07356262200017, 25.683572769000023], [84.06964874200014, 25.695610047000173], [84.08289337200017, 25.71269035300014], [84.09439086900016, 25.720380783000167], [84.10787201000011, 25.723640441000043], [84.12309265100015, 25.72394943300003], [84.13511657700008, 25.731630326000015], [84.13669586100019, 25.727540969000188], [84.13675689600018, 25.723751069000116], [84.13150024500015, 25.72393036000011], [84.12654876800019, 25.718519211000114], [84.1293029790001, 25.717359542000167], [84.13572692800005, 25.71688270700008], [84.14453125, 25.720609664000165], [84.14834594700005, 25.726011277000055], [84.14524841400004, 25.728609086000176], [84.14823150600012, 25.730960847000176], [84.15550995000012, 25.72594070399998], [84.1675033570001, 25.721750260000192], [84.17398071300016, 25.715740204000156], [84.19431304800014, 25.70342063900017], [84.19719696100009, 25.692230224000184], [84.19950866700009, 25.672349930000053], [84.20291137600015, 25.66963958800011], [84.21707916200018, 25.664060592], [84.2332229610002, 25.66395950400016], [84.24759674000012, 25.662811279000096], [84.26843261700003, 25.663259507000078], [84.27291870100015, 25.661689758000136], [84.28557586700003, 25.661529541000107], [84.29013061600006, 25.662830353999993], [84.29280090300011, 25.66852951100003], [84.28218841600017, 25.674610139000094], [84.28357696600011, 25.677139282000155], [84.28777313300014, 25.676322937000066], [84.29212951700015, 25.677049638000028], [84.2947769160001, 25.674158097000145], [84.29876709000018, 25.67179107700008], [84.312126159, 25.672428131000174], [84.3133926380001, 25.668909074000055], [84.31858825699999, 25.671939851000104], [84.32071685900007, 25.68208122400017], [84.32356262200011, 25.70400047300018], [84.3231887820001, 25.723131180000053], [84.32443237300004, 25.73327064500012], [84.32562255900012, 25.737100602000055], [84.33129119900019, 25.744571687000132], [84.33748626700009, 25.74513053800007], [84.35440826500007, 25.74361992000013], [84.36617279100005, 25.73843956000013], [84.36950683500004, 25.73600959800018], [84.3716888420002, 25.73830032300009], [84.36757660000012, 25.741701127000113], [84.36953735400016, 25.74373054500012], [84.37296295200008, 25.742269517000068], [84.38001251200001, 25.748689652000053], [84.38852691599999, 25.74427986100011], [84.384483337, 25.737680436000062], [84.38117217900015, 25.73425102300007]]]}}, {"type": "Feature", "properties": {"GID_3": "IND.5.9.1_1", "GID_0": "IND", "COUNTRY": "India", "GID_1": "IND.5_1", "NAME_1": "Bihar", "NL_NAME_1": "NA", "GID_2": "IND.5.9_1", "NAME_2": "Darbhanga", "NL_NAME_2": "NA", "NAME_3": "Benipur", "VARNAME_3": "NA", "NL_NAME_3": "NA", "TYPE_3": "Taluk", "ENGTYPE_3": "Taluk", "CC_3": "NA", "HASC_3": "NA"}, "geometry": {"type": "Polygon", "coordinates": [[[85.90628051700003, 25.979129791000105], [85.90750885000017, 25.979021073000183], [85.90811920100015, 25.979200364000178], [85.90869140500007, 25.97941017100004], [85.90924835100014, 25.97964096000004], [85.90979766900011, 25.97986030500016], [85.91031646700003, 25.980091095999967], [85.91085052400007, 25.98035049500004], [85.91133880700005, 25.980609895000043], [85.91182708700012, 25.980890273000114], [85.91232299800004, 25.981161118000045], [85.91277313200015, 25.98144912700019], [85.91322326700003, 25.981727600000056], [85.91368865900017, 25.982009888000107], [85.91414642300003, 25.982301712000094], [85.91459655700015, 25.982589723000046], [85.91503906300017, 25.982870101000174], [85.9154968260001, 25.98314285400005], [85.91594696000004, 25.983409881000057], [85.91641235399999, 25.983690262000096], [85.91689300500008, 25.983951569000112], [85.91735076900011, 25.984209061000115], [85.91780090400016, 25.98447036800013], [85.91826629600013, 25.98472023000005], [85.91873931900005, 25.984960556000033], [85.91919708200004, 25.985202790000187], [85.91966247600016, 25.985429764000116], [85.92012786900005, 25.98566055400005], [85.92059326300017, 25.985902786000167], [85.9210357660001, 25.98610115000008], [85.92148590000005, 25.98632049500003], [85.92193603600015, 25.986539841000024], [85.92236328100006, 25.986749650000093], [85.9228057860002, 25.986959458], [85.92344665400009, 25.987279893000164], [85.92407226600017, 25.987600327000052], [85.92469024700006, 25.987911225000175], [85.9252777100001, 25.98823166000011], [85.92584228600009, 25.98856926000019], [85.926376344, 25.98891067400018], [85.92691802899998, 25.989250183000138], [85.9274368290001, 25.989610672000026], [85.92794036900005, 25.989961624000102], [85.92845153800016, 25.99035072400011], [85.92890167200005, 25.990760803000057], [85.929351806, 25.991180420000035], [85.92978668100005, 25.991619111000034], [85.93022918700007, 25.9920806880001], [85.93065643200015, 25.99257087800015], [85.93107604900013, 25.99307250900017], [85.93147277800017, 25.993600846000106], [85.93186187800006, 25.994150162000096], [85.93212127800018, 25.99452972500012], [85.932411194, 25.994928361000063], [85.9326782220001, 25.995338440000182], [85.93293762100012, 25.99576187200006], [85.93319702100013, 25.99619293300009], [85.93345642100007, 25.996629716000086], [85.93373870900018, 25.997110366000072], [85.93401336700015, 25.997571945000118], [85.93425750800003, 25.998069763000103], [85.93454742400019, 25.99856948900009], [85.93482208200004, 25.99909019600011], [85.93508148200016, 25.99962043800008], [85.93531036500019, 26.00016975400007], [85.93551635700015, 26.00071907000006], [85.93567657500012, 26.001289367000084], [85.93578338700007, 26.001871109000035], [85.93582153400013, 26.002359390000038], [85.93712616000005, 26.008890153000095], [85.94062042200017, 26.016719817000137], [85.94645691000005, 26.02466964700011], [85.95242309700018, 26.029291154000134], [85.9594726570001, 26.031890870000097], [85.96811676000004, 26.030969620000064], [85.9757614130001, 26.02843093900009], [85.99347686800013, 26.023370744000033], [86.0073928830002, 26.02112007100004], [86.02027130100015, 26.016170502000023], [86.02372741800019, 26.031990051000037], [86.02368164100005, 26.05690956100011], [86.0229568470001, 26.07668113700015], [86.02480316100008, 26.08699989300004], [86.02803039500014, 26.095590591000132], [86.03573608300019, 26.099830627000074], [86.04820251500013, 26.09826088000017], [86.04868316700009, 26.10523033200019], [86.03768158000014, 26.125511170000152], [86.03379058700017, 26.135860443000126], [86.03185272200011, 26.144620896000163], [86.03336334200003, 26.157617568999967], [86.0414505010001, 26.196210861000054], [86.0469818110002, 26.20131111200004], [86.0460586550002, 26.21125030500008], [86.0483093250001, 26.214109422000092], [86.06198883100001, 26.21097183200004], [86.06326293900014, 26.212810516000104], [86.0642471320001, 26.21801948500007], [86.06961059600013, 26.217870713000025], [86.07209014900002, 26.21931839100006], [86.07588958700018, 26.216859818000103], [86.07631683300019, 26.213630677000026], [86.08213043200004, 26.207321166000156], [86.09324646100009, 26.20516014200001], [86.09353637700013, 26.200630188000048], [86.1019210820001, 26.196960450000176], [86.10372161900011, 26.2001781460001], [86.10359954800009, 26.206029893000164], [86.10853576700003, 26.205459594000104], [86.11303710800007, 26.210979462000125], [86.11487579400011, 26.21730041600017], [86.11515808000001, 26.22361183200013], [86.12188720800009, 26.224929809000002], [86.12510681100014, 26.226890563000097], [86.12754058800016, 26.232139587000063], [86.13231658900014, 26.234991073000117], [86.1360931390002, 26.238990785000112], [86.1398925790001, 26.23851013300009], [86.14212036100008, 26.24036026000016], [86.14776611300005, 26.233352661000083], [86.15126800500002, 26.231130600000142], [86.15611267100013, 26.229328155000132], [86.16107940700005, 26.22846031200004], [86.1643676760001, 26.22867012100005], [86.16310119700017, 26.23154068100007], [86.172363281, 26.228750230000003], [86.18752288800016, 26.229000092000092], [86.19667816200001, 26.227701186000104], [86.20707702700008, 26.231519700000035], [86.23346710200019, 26.232669831000067], [86.23387146000005, 26.226140976000124], [86.23561096200012, 26.221399308000002], [86.2310028080002, 26.21156120300003], [86.23114013700012, 26.20537948500015], [86.23281097300014, 26.20196914800016], [86.2489166250001, 26.196601869000062], [86.25380706700008, 26.193321228000116], [86.25341796900005, 26.183620453000117], [86.26042175200018, 26.182428360000188], [86.26436614900018, 26.18469810600004], [86.2734985350001, 26.183229447000087], [86.27947998000002, 26.177730560000157], [86.28225708000014, 26.171718598000098], [86.3098831170002, 26.166341781000085], [86.31120300400005, 26.161479950000114], [86.3145599360002, 26.15916061400003], [86.3151168820001, 26.154760361], [86.31896972599998, 26.153579713000056], [86.31812286299999, 26.15031242500004], [86.31408691400014, 26.14953041100017], [86.30909729000012, 26.139869690000126], [86.30844879200009, 26.13012123100009], [86.31233978200015, 26.118799210000077], [86.31711578400007, 26.112190246000182], [86.31108856100008, 26.11174965000015], [86.31162261900005, 26.106491089000144], [86.31535339400011, 26.106281281000008], [86.31466674900003, 26.09894943300003], [86.31809997500005, 26.096099854000045], [86.32376098700001, 26.09529113900004], [86.32907867400013, 26.09292030300014], [86.33088684100005, 26.08864021300002], [86.33550262500006, 26.086380004000148], [86.34229278600009, 26.087289811000062], [86.34314727800012, 26.08350944500006], [86.35881042500012, 26.064910888000156], [86.36226654000018, 26.055591584000183], [86.36155700600011, 26.049861908000025], [86.36988830600006, 26.044809341000075], [86.37097931000005, 26.04138946600017], [86.36978912400019, 26.039449692000062], [86.36585998500004, 26.03689956800008], [86.36627960200008, 26.033832549000067], [86.36982727100008, 26.03228950400006], [86.3694458010001, 26.030929566000168], [86.36492919900013, 26.028049468000063], [86.36514282200017, 26.02509117200009], [86.36885070800014, 26.024780273000033], [86.3646087640002, 26.020950318000132], [86.36547088700019, 26.01769065800005], [86.36807250900017, 26.015769958000135], [86.36933898800004, 26.013578415000097], [86.36998748800005, 26.009519577000162], [86.37124633800016, 26.008230209000033], [86.37317657500006, 26.00978088400018], [86.37753296000017, 26.008251190000124], [86.3766174320001, 25.99660110500008], [86.37207794200003, 25.993391037000094], [86.37191009600019, 25.992219924000096], [86.3757629390002, 25.988470078000148], [86.3771896360002, 25.98551941000005], [86.37297058100006, 25.987140656000122], [86.37211608800015, 25.986959458], [86.37403869600007, 25.983970643000077], [86.37549591200019, 25.982019424000043], [86.37367248600015, 25.980520248000175], [86.37436676100015, 25.97895050000011], [86.37840271000005, 25.97590065000003], [86.38005066000011, 25.972490310000126], [86.37650299100011, 25.96878051800013], [86.37438964800015, 25.968629836000105], [86.3717727670001, 25.96718025300015], [86.36968994200015, 25.964380265000102], [86.37136840800014, 25.963100434000182], [86.3701400760001, 25.960510253000166], [86.37133789000006, 25.95967102100019], [86.3753967290001, 25.96334075900006], [86.37821960400015, 25.96035957400005], [86.37890624900001, 25.955970765000075], [86.37613677900003, 25.955480575000024], [86.37309265200014, 25.95375061100009], [86.37267303500016, 25.95253944500007], [86.37420654400012, 25.950870514000087], [86.37885284400016, 25.951000213000043], [86.38170623800016, 25.94989967400005], [86.37948608400012, 25.94738960300009], [86.37954711900011, 25.945909501000187], [86.38130950900012, 25.94474983200007], [86.38065338100017, 25.943490983000117], [86.3820266730001, 25.93919181900003], [86.38484954799998, 25.937721253000007], [86.38590240400009, 25.93994140700005], [86.38910675000017, 25.938161851000075], [86.3936004630001, 25.93682861400015], [86.39299011200012, 25.933919907000075], [86.39364624000007, 25.932100296999977], [86.39636993500011, 25.931011201000103], [86.39964294300017, 25.931312560000094], [86.39663696300016, 25.927669525000056], [86.39363098200005, 25.926759719000074], [86.37503051700014, 25.924289704000046], [86.37182617200017, 25.926990510000053], [86.37287139900002, 25.93278121900005], [86.36721038800016, 25.93452072100007], [86.36115264900013, 25.938558579000187], [86.35766601600005, 25.937780381000096], [86.355300903, 25.934299470000155], [86.35456085300007, 25.929870605000076], [86.35192871000015, 25.928430558000002], [86.35235595700004, 25.92537116900013], [86.34789276100008, 25.924760818000152], [86.34455108700018, 25.922269820999986], [86.3421630850001, 25.914510728000096], [86.33790588300013, 25.910379409000143], [86.33811187700013, 25.907739640000102], [86.33986663700017, 25.90522003200016], [86.32849121100008, 25.90317916900017], [86.3273010260001, 25.896379471000103], [86.32525634800004, 25.89205932600015], [86.31961059600008, 25.885360717000026], [86.31359100300006, 25.882619857999998], [86.31495666500007, 25.87276077400014], [86.3111724850001, 25.870679856000095], [86.30371856600004, 25.867349624999974], [86.29518890400004, 25.877099992000183], [86.30457305900012, 25.881860733000167], [86.30319213900009, 25.88817024300016], [86.29869842600016, 25.89173126300011], [86.2961730950002, 25.898109437000073], [86.29167175400016, 25.90241050800006], [86.28373718200004, 25.903360368000165], [86.27117919900007, 25.900880814000175], [86.27136230500008, 25.904520035000075], [86.2599258410001, 25.90809059200018], [86.25171661400009, 25.90642929100011], [86.24768829300012, 25.90715026800018], [86.24072265600012, 25.902639389000058], [86.23343658500005, 25.90409278900006], [86.22589111400004, 25.904159545000084], [86.2268066420001, 25.899389267000117], [86.22209930399998, 25.895799635999992], [86.21080017200018, 25.892869949000158], [86.20487213100006, 25.88858985800016], [86.20194244400005, 25.889429092000114], [86.19933319200015, 25.891769410000165], [86.19178772100014, 25.891611100000034], [86.18799591100009, 25.896120071000155], [86.18026733400006, 25.895959854000125], [86.17875671300004, 25.892679215000044], [86.1758880610002, 25.89191818200004], [86.1756362910001, 25.894319534000147], [86.16776275700005, 25.894620895999992], [86.16963958800017, 25.888099670000088], [86.16470336900005, 25.887311936000117], [86.15548706000015, 25.880161285999975], [86.15149688800005, 25.884269715000187], [86.15460968100012, 25.889890671000046], [86.14713287300003, 25.896379471000103], [86.13154602000009, 25.897659303000125], [86.11741638100011, 25.896450044000176], [86.11621856700015, 25.89244079600013], [86.10199737600004, 25.894630431000166], [86.10124969600014, 25.90316009600008], [86.09646606400014, 25.90407753100004], [86.09664154000006, 25.90960121300003], [86.09532928600004, 25.911539078000033], [86.0918960570001, 25.90863037200006], [86.09046173000019, 25.902828217999968], [86.08531188900014, 25.8972797400001], [86.08170318500015, 25.905530930000168], [86.08065795900018, 25.9038696290001], [86.0725860600001, 25.91197013900012], [86.06964111200017, 25.911449432000097], [86.06640625000006, 25.916717529000152], [86.06176757800012, 25.915630340000178], [86.05918121400015, 25.920669556000007], [86.05475616500007, 25.91957283000005], [86.0537872320001, 25.923288346000163], [86.05150604200014, 25.925889969000025], [86.04682922300003, 25.928619384], [86.05008697600016, 25.93345260600006], [86.04886627100018, 25.93362998900011], [86.0462493890002, 25.931978226000126], [86.0414123540001, 25.935590743000148], [86.03513336200012, 25.93404006999998], [86.03166961800008, 25.9361095430001], [86.03141784600018, 25.938190460000044], [86.03875732500006, 25.942701339000166], [86.03515625100016, 25.944837571000164], [86.03189849900008, 25.94791984600016], [86.030853272, 25.94543075600012], [86.02697753800015, 25.945552826999972], [86.02736663900009, 25.94853019700014], [86.01870727500005, 25.947822571000017], [86.01116180400004, 25.945539474000043], [86.0027465820001, 25.946090697999978], [86.00160980200019, 25.945360183000048], [86.0026931770002, 25.940019608000057], [86.00244903600014, 25.938100816000087], [85.99865722600009, 25.937530519000063], [85.99717712400002, 25.936260224000023], [85.99765777600004, 25.93377113300005], [85.99652862600004, 25.932870865000154], [85.99302673400018, 25.93800926200015], [85.98567962600015, 25.937999726000044], [85.97956085100003, 25.936809540000183], [85.97383117700008, 25.937351228000068], [85.97381591700008, 25.945091248000097], [85.97566986100014, 25.946149826000124], [85.97650909300017, 25.948551178000173], [85.97453308100006, 25.95010185300015], [85.96945953300002, 25.95121955800016], [85.96733093300014, 25.955801010000187], [85.95128631600016, 25.95345115700019], [85.9496002200001, 25.956819535000136], [85.94557952900004, 25.956600190000017], [85.94288635300012, 25.961339949999967], [85.93370056200013, 25.962270736000107], [85.9338073720001, 25.957679748000032], [85.92777252200011, 25.95376014700014], [85.92267608600014, 25.958641053000065], [85.9242095950001, 25.963460922000138], [85.92407226600017, 25.96701812800012], [85.91896820099998, 25.96422004699997], [85.91826629600013, 25.958360672000026], [85.9173202520002, 25.95712089500006], [85.91237640300011, 25.956260681999993], [85.91233062800018, 25.961162567000144], [85.90825653000002, 25.96377944900013], [85.91004180900006, 25.974409104000074], [85.90628051700003, 25.979129791000105]]]}}, {"type": "Feature", "properties": {"GID_3": "IND.5.9.2_1", "GID_0": "IND", "COUNTRY": "India", "GID_1": "IND.5_1", "NAME_1": "Bihar", "NL_NAME_1": "NA", "GID_2": "IND.5.9_1", "NAME_2": "Darbhanga", "NL_NAME_2": "NA", "NAME_3": "Darbhanga", "VARNAME_3": "NA", "NL_NAME_3": "NA", "TYPE_3": "Taluk", "ENGTYPE_3": "Taluk", "CC_3": "NA", "HASC_3": "NA"}, "geometry": {"type": "Polygon", "coordinates": [[[86.0414505010001, 26.196210861000054], [86.03336334200003, 26.157617568999967], [86.03185272200011, 26.144620896000163], [86.03379058700017, 26.135860443000126], [86.03768158000014, 26.125511170000152], [86.04868316700009, 26.10523033200019], [86.04820251500013, 26.09826088000017], [86.03573608300019, 26.099830627000074], [86.02803039500014, 26.095590591000132], [86.02480316100008, 26.08699989300004], [86.0229568470001, 26.07668113700015], [86.02368164100005, 26.05690956100011], [86.02372741800019, 26.031990051000037], [86.02027130100015, 26.016170502000023], [86.0073928830002, 26.02112007100004], [85.99347686800013, 26.023370744000033], [85.9757614130001, 26.02843093900009], [85.96811676000004, 26.030969620000064], [85.9594726570001, 26.031890870000097], [85.95242309700018, 26.029291154000134], [85.94645691000005, 26.02466964700011], [85.94062042200017, 26.016719817000137], [85.93712616000005, 26.008890153000095], [85.93582153400013, 26.002359390000038], [85.93578338700007, 26.001871109000035], [85.93567657500012, 26.001289367000084], [85.93551635700015, 26.00071907000006], [85.93531036500019, 26.00016975400007], [85.93508148200016, 25.99962043800008], [85.93482208200004, 25.99909019600011], [85.93454742400019, 25.99856948900009], [85.93425750800003, 25.998069763000103], [85.93401336700015, 25.997571945000118], [85.93373870900018, 25.997110366000072], [85.93345642100007, 25.996629716000086], [85.93319702100013, 25.99619293300009], [85.93293762100012, 25.99576187200006], [85.9326782220001, 25.995338440000182], [85.932411194, 25.994928361000063], [85.93212127800018, 25.99452972500012], [85.93186187800006, 25.994150162000096], [85.93147277800017, 25.993600846000106], [85.93107604900013, 25.99307250900017], [85.93065643200015, 25.99257087800015], [85.93022918700007, 25.9920806880001], [85.92978668100005, 25.991619111000034], [85.929351806, 25.991180420000035], [85.92890167200005, 25.990760803000057], [85.92845153800016, 25.99035072400011], [85.92794036900005, 25.989961624000102], [85.9274368290001, 25.989610672000026], [85.92691802899998, 25.989250183000138], [85.926376344, 25.98891067400018], [85.92584228600009, 25.98856926000019], [85.9252777100001, 25.98823166000011], [85.92469024700006, 25.987911225000175], [85.92407226600017, 25.987600327000052], [85.92344665400009, 25.987279893000164], [85.9228057860002, 25.986959458], [85.92236328100006, 25.986749650000093], [85.92193603600015, 25.986539841000024], [85.92148590000005, 25.98632049500003], [85.9210357660001, 25.98610115000008], [85.92059326300017, 25.985902786000167], [85.92012786900005, 25.98566055400005], [85.91966247600016, 25.985429764000116], [85.91919708200004, 25.985202790000187], [85.91873931900005, 25.984960556000033], [85.91826629600013, 25.98472023000005], [85.91780090400016, 25.98447036800013], [85.91735076900011, 25.984209061000115], [85.91689300500008, 25.983951569000112], [85.91641235399999, 25.983690262000096], [85.91594696000004, 25.983409881000057], [85.9154968260001, 25.98314285400005], [85.91503906300017, 25.982870101000174], [85.91459655700015, 25.982589723000046], [85.91414642300003, 25.982301712000094], [85.91368865900017, 25.982009888000107], [85.91322326700003, 25.981727600000056], [85.91277313200015, 25.98144912700019], [85.91232299800004, 25.981161118000045], [85.91182708700012, 25.980890273000114], [85.91133880700005, 25.980609895000043], [85.91085052400007, 25.98035049500004], [85.91031646700003, 25.980091095999967], [85.90979766900011, 25.97986030500016], [85.90924835100014, 25.97964096000004], [85.90869140500007, 25.97941017100004], [85.90811920100015, 25.979200364000178], [85.90750885000017, 25.979021073000183], [85.90628051700003, 25.979129791000105], [85.9054794320001, 25.97998809799998], [85.90029907200011, 25.982259750000026], [85.89679718000008, 25.98266029400014], [85.8930892940001, 25.977111816000047], [85.88371276900011, 25.97892189100014], [85.88218689000007, 25.981220246000134], [85.87735748200015, 25.98088073800011], [85.87568664600008, 25.983890534000125], [85.87580871700015, 25.987720491000005], [85.87507629500016, 25.990850450000096], [85.87230682300014, 25.991188049000073], [85.86878204300018, 25.98916053800008], [85.86596679800004, 25.986120224000047], [85.86324310300017, 25.986932754000122], [85.8623886110002, 25.989810944000055], [85.86324310300017, 25.99282074000007], [85.8565826410001, 26.003000259000032], [85.85652160600011, 26.008291245000123], [85.8591384880001, 26.01115989700014], [85.85912323000008, 26.01284027100013], [85.85510253900003, 26.01522827200006], [85.8552932730002, 26.017021178999983], [85.85890197700019, 26.022960662000173], [85.84597778400013, 26.020828247000054], [85.84020233100017, 26.021141052000075], [85.83701324400016, 26.022489548000124], [85.83567047100018, 26.024171829000124], [85.84159088100012, 26.033041000000082], [85.83795929000013, 26.03676033100004], [85.82916259800004, 26.034549713000104], [85.82837676900016, 26.03149986200009], [85.82573700000012, 26.028480531000127], [85.82218170100003, 26.026720048000186], [85.81735229500015, 26.027130127000135], [85.80658721800017, 26.030370712000092], [85.8051757820001, 26.033090592000065], [85.7754669200001, 26.039791108000088], [85.77004242000015, 26.0397300730001], [85.76814269900007, 26.04351043800017], [85.76642608600008, 26.044790268000156], [85.76316833599998, 26.04466056900003], [85.75634002600009, 26.04093933200005], [85.75707244800009, 26.04496193000017], [85.75660705600018, 26.048189164000007], [85.75408935600001, 26.04898071400015], [85.75628662100019, 26.054189683000118], [85.75623321600011, 26.057359696000105], [85.75382232600015, 26.054971695000177], [85.7528610230001, 26.055210113000157], [85.75071716300016, 26.05064010700005], [85.74543762300016, 26.043851853000092], [85.74784088100006, 26.03590965400008], [85.74746704000012, 26.03343010000009], [85.74542236400004, 26.033058168000082], [85.74250793500005, 26.03442001400009], [85.74108886700003, 26.036970139000175], [85.73996734600007, 26.041891098999997], [85.73361206100009, 26.049280168000053], [85.7298431390002, 26.047821045000035], [85.72708892800011, 26.044219971000132], [85.72593688900008, 26.038080216000083], [85.72178649900007, 26.03771972600009], [85.71824646100009, 26.04255294800015], [85.71688079900008, 26.04643058700009], [85.71098327600015, 26.048341751000123], [85.71038055500014, 26.050020217999986], [85.71311187800006, 26.05293083200013], [85.71360015800013, 26.058170319000112], [85.71465301500012, 26.06035041900003], [85.71920776400015, 26.06537056000019], [85.72062683000013, 26.069391250000137], [85.71930694600019, 26.070840836000173], [85.71176147500017, 26.068510056000036], [85.71067810100004, 26.068990707000125], [85.71044921800001, 26.076721191000104], [85.7070999140002, 26.091341019000026], [85.70580291800019, 26.099479674999998], [85.70733642500011, 26.105962754000075], [85.71108245800019, 26.110919954000053], [85.71452331600017, 26.110750198000062], [85.72226715200014, 26.108850479000182], [85.7258605950002, 26.10995864900019], [85.72615814200003, 26.11190032999997], [85.7250976570001, 26.113468171000136], [85.72197723300002, 26.11283111600011], [85.72064209100006, 26.116371154000092], [85.72120666500007, 26.122510910000017], [85.72055053700012, 26.127241134000087], [85.72772979800004, 26.129159928000036], [85.73663330000005, 26.133052826000096], [85.74120330900007, 26.138059616000135], [85.74337005600006, 26.141588211000112], [85.7433471670002, 26.14406967200017], [85.74633026200019, 26.145290375000002], [85.74191284200009, 26.150421142000084], [85.74120330900007, 26.15286064200012], [85.73779296900017, 26.155082703000062], [85.73319244400011, 26.16316986200013], [85.71549224900014, 26.166072846000134], [85.71438598500004, 26.170471192000093], [85.71563720600011, 26.178810120000094], [85.71711730999999, 26.179588319000118], [85.71787261900005, 26.197200775000056], [85.71900176900004, 26.202140808000138], [85.71666717500017, 26.20362091000004], [85.71246338000003, 26.203910829000108], [85.71161651600016, 26.21169090300009], [85.70342254600001, 26.213710785000103], [85.70202636600015, 26.21800041199998], [85.70065307700014, 26.21899032600004], [85.70173645000017, 26.22163963400004], [85.69933319000006, 26.223100663000025], [85.69940948599998, 26.226909637000063], [85.69831848200016, 26.225770951000186], [85.69201660200008, 26.22723960899998], [85.69113159300014, 26.230770112000187], [85.69301605100009, 26.24110984900011], [85.69444274800009, 26.24242019600007], [85.70102691700015, 26.243190765000122], [85.70700073200015, 26.24176979000009], [85.70876312200016, 26.242948533000174], [85.70909118700018, 26.24675941400011], [85.7107162480001, 26.25127983100009], [85.70192718400011, 26.25251007100013], [85.69658660900012, 26.250789643000076], [85.6878814700001, 26.258810044000086], [85.68913269000001, 26.260351181000146], [85.69197082500011, 26.261859894000054], [85.69152832100008, 26.263080597000055], [85.6935958860002, 26.266452790000073], [85.6965026850001, 26.26726913500005], [85.70162200900018, 26.27157020700008], [85.70992279100005, 26.27410125800003], [85.710372925, 26.27742958100015], [85.70725250300012, 26.27795028800017], [85.70841980000017, 26.284900666000055], [85.70836639300006, 26.292211534000103], [85.70542907800012, 26.294269563000114], [85.69686126700009, 26.297332763999975], [85.69642639699998, 26.30785926900012], [85.69789592799998, 26.308663126000113], [85.70297200000005, 26.311440000000175], [85.70358506400015, 26.313538374000075], [85.70407900100008, 26.315229001000034], [85.7143630010001, 26.314960000999974], [85.71582140100014, 26.31099189400004], [85.71636200000006, 26.309520999000085], [85.71878180700014, 26.311401804000184], [85.72103095300008, 26.313150123000185], [85.71703338700007, 26.317750930999978], [85.72350311200006, 26.31829071100009], [85.72583007900016, 26.325469970000142], [85.7210464470001, 26.328870774000166], [85.72218322800012, 26.340429306000146], [85.72370147700008, 26.34305953900008], [85.7235014330002, 26.34419842200009], [85.72336600000011, 26.344971000000044], [85.71626300100013, 26.350592000000063], [85.71177589600018, 26.351724446000162], [85.7077479990001, 26.35274099900016], [85.69901300100014, 26.353958000000034], [85.69645617100014, 26.353588176000187], [85.6925280010002, 26.353020001000175], [85.69233751800016, 26.35286484200003], [85.69127700000018, 26.352001000000143], [85.69236916200015, 26.34997382800009], [85.693626, 26.347640999000077], [85.69329800000008, 26.341039999000145], [85.69170858500007, 26.342436529000054], [85.68784306800006, 26.34583294000015], [85.67767313899998, 26.348840958000153], [85.676849001, 26.351570001000084], [85.67258277000008, 26.35193500600019], [85.66957900100016, 26.352191999000013], [85.66813085700005, 26.352640412000085], [85.66587829700018, 26.353338241000188], [85.66515554000017, 26.354543713000112], [85.66483315100004, 26.355081750000124], [85.66571044900019, 26.35713958700012], [85.66709117300019, 26.358170956000095], [85.66760282700005, 26.358552870000096], [85.67287215900012, 26.35741808100005], [85.68158700000009, 26.355540999000027], [85.68933324000011, 26.354901947000087], [85.69346600099999, 26.354561000000047], [85.69560200100017, 26.355618000000106], [85.69723099100014, 26.357391058000076], [85.69806699900005, 26.35830100000004], [85.70761900000014, 26.35878900000006], [85.70918300000005, 26.360380000000077], [85.7094489690001, 26.361222494000174], [85.70986896100004, 26.36255287700004], [85.70643600000017, 26.36335800100005], [85.70367666100003, 26.363085087000172], [85.70342293700014, 26.36306003800013], [85.69951965300015, 26.365352443000006], [85.69901294400006, 26.365650068000036], [85.69814899200014, 26.366700080000044], [85.6960830700001, 26.369211197000084], [85.69546715500002, 26.37198445300004], [85.6953659850002, 26.372440030000178], [85.69464880600009, 26.37375502300017], [85.69248200000004, 26.37772800000016], [85.68964382500013, 26.37723808900006], [85.6878585820001, 26.37693023700018], [85.68493669600014, 26.377319313000044], [85.6839829990002, 26.37830000000008], [85.68878199900007, 26.39311000000015], [85.68036699900011, 26.40428000100019], [85.68142600300018, 26.408265331000052], [85.6818159990001, 26.409732999000028], [85.6818253400001, 26.410647545000188], [85.68187000000006, 26.41502000100013], [85.68284600100009, 26.416170000000136], [85.68436247800003, 26.41649130400009], [85.6899869990001, 26.417683000000068], [85.69595703100009, 26.42226032299999], [85.69861599900014, 26.424298999000143], [85.70095099999998, 26.431761000000165], [85.70358300000015, 26.434820000000116], [85.70300300000014, 26.43788000100011], [85.70069117600019, 26.44009983000018], [85.70040264700003, 26.44080881800005], [85.69953200000003, 26.442949], [85.70170513200003, 26.44703102700015], [85.7018430500001, 26.447290022000175], [85.70643600000017, 26.449291000000187], [85.70951100000019, 26.44681900000012], [85.71688089400016, 26.449088968000183], [85.7192500770002, 26.447002526000006], [85.72985799900016, 26.437659999000175], [85.73692300000005, 26.4356590000001], [85.74399350100003, 26.435757237000132], [85.74505615200013, 26.435771941000098], [85.75019836300004, 26.436849594000023], [85.75725001800004, 26.43619923], [85.75834700000007, 26.43609800100006], [85.75901467500012, 26.436332170000185], [85.76055145300012, 26.436870575000057], [85.75654602100019, 26.42929077200006], [85.75551605200013, 26.42394828700003], [85.74946594200009, 26.412572861000115], [85.74973297100007, 26.406520843000123], [85.75058746399998, 26.405109407000054], [85.75477600000016, 26.40656280500008], [85.76354217600004, 26.403190612000003], [85.76634216200006, 26.405628204000095], [85.76883697400007, 26.406000138000138], [85.77142334000018, 26.40631103600009], [85.77925872800012, 26.405200959000183], [85.77760315000012, 26.407592773000033], [85.77733612000003, 26.41139984200015], [85.7819900510001, 26.410930634000067], [85.78412628100006, 26.412338257999977], [85.78569793700007, 26.416179658000033], [85.79033660900001, 26.414501190000067], [85.7981414800002, 26.414319993000106], [85.80429840100004, 26.411689757999966], [85.8081512440001, 26.412599563000015], [85.80899047800006, 26.410169602000167], [85.80850982600009, 26.405569076000177], [85.80909729100011, 26.403770447000113], [85.8111419670002, 26.40323066700006], [85.8070373540001, 26.400171280000166], [85.80623626699997, 26.398860932000105], [85.80684661800012, 26.3964805600001], [85.80867004300012, 26.395469665000064], [85.81299591100009, 26.390861512000072], [85.81372833300014, 26.389110565000067], [85.82022094700017, 26.38849067800004], [85.82405090400005, 26.392530442000123], [85.82581329400006, 26.39192962700008], [85.82663726800018, 26.386550904000103], [85.82602691700004, 26.384260177000044], [85.82964324900013, 26.38327980100007], [85.82891845699999, 26.382371904000024], [85.82536315800007, 26.38334274400006], [85.82438659700006, 26.38283920300006], [85.82390594500004, 26.38095092700013], [85.82254791300011, 26.380279541000164], [85.81627655, 26.38336944600013], [85.81436157200005, 26.383409500000084], [85.81326293900014, 26.382669448000115], [85.8126373290001, 26.378011704000187], [85.8095779410001, 26.378400803000147], [85.80885314900019, 26.376920701000074], [85.81730651800018, 26.369340896000097], [85.81784820600001, 26.36750030500008], [85.81978607200017, 26.36521911699998], [85.8201904300002, 26.363130570000123], [85.82279205300006, 26.36251068100006], [85.82183075000006, 26.359712602000116], [85.81550598100011, 26.360040665000156], [85.81294250600001, 26.359439849000182], [85.81124877900015, 26.355260849000103], [85.81063842800017, 26.348579407999978], [85.82193756000015, 26.34683990400015], [85.82833862299998, 26.347141265999994], [85.82994079500003, 26.34781074500006], [85.831619263, 26.345029831000033], [85.82929992700014, 26.344770432000132], [85.82527160600017, 26.337520600000175], [85.82440948600004, 26.32842063800007], [85.81816101100009, 26.331220627000164], [85.81346893300014, 26.33360290600018], [85.80993652300009, 26.33043289200009], [85.81012725900007, 26.326692582000078], [85.80705261200012, 26.317920686000093], [85.80899047800006, 26.316030503000093], [85.80863189700017, 26.31332969600004], [85.80774688700012, 26.311389923000036], [85.80451202300014, 26.310119628000166], [85.80986022899998, 26.306459427000107], [85.8102874760001, 26.301830292000147], [85.80483245800013, 26.297870637000187], [85.81305694600007, 26.29389000000009], [85.82760620100015, 26.283510209000042], [85.83811187800012, 26.28577041700015], [85.84552002000004, 26.281900406000148], [85.84738159200009, 26.282680512000184], [85.84873199500015, 26.285600662000036], [85.85305023300003, 26.28426170400013], [85.85568237400014, 26.28582954500007], [85.85777282700019, 26.28343963600014], [85.86489868100006, 26.282751083000107], [85.86823272700019, 26.27940940899998], [85.87265014600001, 26.27812194900008], [85.87309265200008, 26.28018951300004], [85.87528991700003, 26.281829835000053], [85.87854004000013, 26.2807998670001], [85.88719177299998, 26.282560349000107], [85.89167022700019, 26.28911972100019], [85.89742279000018, 26.29140090900006], [85.90027618300007, 26.289680481000005], [85.90867614700005, 26.28808975300001], [85.91221618600008, 26.291950227000086], [85.9094467160001, 26.293960571000127], [85.90896606500002, 26.300600052000163], [85.90612793000014, 26.308322907000104], [85.91002655000011, 26.307622909000088], [85.90994262600009, 26.31222915700016], [85.91436004600018, 26.31105041500018], [85.91670990100005, 26.309160233000114], [85.91971588200016, 26.310211182000103], [85.92159271200018, 26.31207084700003], [85.9240264890002, 26.313159943000073], [85.9319229140001, 26.312570573000187], [85.93678283700018, 26.311059952000164], [85.94966888500016, 26.309410095000146], [85.95443725600012, 26.309490204000156], [85.95928192100013, 26.31172943100006], [85.96253967300004, 26.312860489000172], [85.96666717500011, 26.32332992500011], [85.96827697700007, 26.32558250500017], [85.97048950099997, 26.32648277300001], [85.98023224000008, 26.326049805000082], [85.98323822100019, 26.32353019700014], [85.98249816900011, 26.321189880000077], [85.98507690400004, 26.316951751000147], [86.00329589800003, 26.30320167600013], [86.01020050000005, 26.302698135000128], [86.01052093400011, 26.30101966900014], [86.0046997070001, 26.29770088099997], [85.99616241400008, 26.290460587000098], [85.99855041600017, 26.2819805150001], [85.99635315000006, 26.274061203000144], [85.99845886200006, 26.27229118300005], [85.99488830700011, 26.267919541000026], [86.0059661860002, 26.26177024800006], [86.00472259500003, 26.258609772000057], [86.00797271700003, 26.256660461000138], [86.0074691760002, 26.252670289000037], [86.01329040400009, 26.250341415000094], [86.01925659099999, 26.25107002300018], [86.02363586400008, 26.250579833000074], [86.02403259300013, 26.24505043099998], [86.0264511110002, 26.241189956000085], [86.03572082500017, 26.240201950000028], [86.03443908700018, 26.234889985000052], [86.03025054900019, 26.229721071000142], [86.01957702600015, 26.221519471000136], [86.02128601100009, 26.218320847000143], [86.02054595900012, 26.212030412000047], [86.01352691700004, 26.206670761000055], [86.01492309600019, 26.20190811200007], [86.01793670700005, 26.20010757500006], [86.02506256100008, 26.20006942900011], [86.03418731600004, 26.196411133000083], [86.03769683800016, 26.196260453000036], [86.03904724100005, 26.198619843000074], [86.0414505010001, 26.196210861000054]]]}}, {"type": "Feature", "properties": {"GID_3": "IND.5.10.1_1", "GID_0": "IND", "COUNTRY": "India", "GID_1": "IND.5_1", "NAME_1": "Bihar", "NL_NAME_1": "NA", "GID_2": "IND.5.10_1", "NAME_2": "Gaya", "NL_NAME_2": "NA", "NAME_3": "Gaya", "VARNAME_3": "NA", "NL_NAME_3": "NA", "TYPE_3": "Taluk", "ENGTYPE_3": "Taluk", "CC_3": "NA", "HASC_3": "NA"}, "geometry": {"type": "Polygon", "coordinates": [[[84.73145294300019, 25.057920455999977], [84.74801635699998, 25.053781510000192], [84.75601959200009, 25.05593109100016], [84.76332855200013, 25.05431938200013], [84.76880645800003, 25.058271408000053], [84.77580261200018, 25.065080644000034], [84.78864288300008, 25.06647109900007], [84.79284668000014, 25.0628700260001], [84.79824066300017, 25.068679810000106], [84.80528259300019, 25.073621749000154], [84.81433105400004, 25.07019043100013], [84.81925201500013, 25.068489074000126], [84.82179260200007, 25.06575965900015], [84.829048156, 25.066022873000065], [84.8476867670002, 25.063859939000167], [84.85910797200012, 25.06144905100018], [84.87017059300018, 25.06483459499998], [84.87983703600014, 25.06779098600009], [84.88743591300016, 25.059629441000084], [84.89872741700003, 25.060020447000113], [84.89930725100004, 25.045970915999987], [84.88977813700012, 25.04282951400012], [84.87951660100003, 25.03684806900003], [84.8789520270002, 25.03120040900012], [84.8926467890002, 25.031681061000086], [84.89219665500008, 25.02322006300011], [84.90866851700014, 25.012559891000024], [84.92230224600013, 25.00461006300003], [84.92724609300018, 25.0000991820001], [84.92967987000003, 24.999219895000067], [84.92913818400012, 24.99411964400008], [84.92823028600014, 24.99294090400008], [84.92793274000002, 24.99007034400006], [84.92775726400009, 24.988161087000094], [84.9276275630001, 24.985210418999998], [84.92856598000003, 24.98426055900012], [84.93045806800006, 24.982290267000167], [84.9311065660001, 24.981281280000076], [84.93208313000008, 24.981311799000025], [84.93370056100008, 24.98137092600001], [84.93534088200016, 24.981439590000036], [84.93698883000008, 24.982538224000166], [84.93969726600017, 24.984699250000062], [84.94281005900007, 24.986829757000066], [84.94599914600008, 24.98887062100016], [84.94924926700014, 24.99081993200008], [84.95255279600019, 24.99271965100013], [84.95536804300014, 24.994569778000027], [84.95630645700015, 24.99917984100017], [84.95551300000011, 25.000049592000096], [84.95771789600013, 25.004890441000157], [84.97084808300019, 25.00288009700006], [84.97466278000007, 25.006940842000063], [84.98287964000014, 25.00843048200005], [84.97931671100014, 25.012069703000122], [84.97090911900011, 25.017150878000166], [84.97692871100008, 25.020338058000107], [84.98737335300007, 25.019081115999995], [84.99312591500018, 25.01652908400007], [85.00578308100006, 25.02094078100015], [85.015762328, 25.022380827999996], [85.0200958260001, 25.021560669999985], [85.02559661900005, 25.01830101000013], [85.02813720800003, 25.01960945100012], [85.02960968000019, 25.02169990600015], [85.03050994900013, 25.027360917000067], [85.03270721500007, 25.028650284000037], [85.03275299200004, 25.03276825000006], [85.0448226920002, 25.035459519000085], [85.0497970580002, 25.034862518000182], [85.0510864260001, 25.017850876000182], [85.05352020200002, 25.00814056400003], [85.05619812000009, 25.004631042000085], [85.05967712400019, 25.00337028500013], [85.06378936800007, 25.00299072200005], [85.07145690800019, 25.004499435000128], [85.0752410880001, 25.001489639000113], [85.07547759900001, 25.000959397000145], [85.07563781700014, 25.00069999699997], [85.07579040600007, 25.000551223000116], [85.07595825200008, 25.00043106200019], [85.07617187400018, 25.000381470000036], [85.07643127400019, 25.000360489000116], [85.07678985500007, 25.00040054300007], [85.07720184200014, 25.000450135000108], [85.07776641900006, 25.00049972500011], [85.0784683220001, 25.00053024400006], [85.07924652100013, 25.000570298000184], [85.08004760800009, 25.00064086900005], [85.08069610600006, 25.000820160000046], [85.08126068200005, 25.001510619999976], [85.08748626700014, 25.001520158000062], [85.08764648400012, 25.00089073100014], [85.08761596700003, 25.00049972500011], [85.08757019000006, 25.00018119800012], [85.08751678500016, 24.999919891000104], [85.08748626700014, 24.999679565000122], [85.08748626700014, 24.999509811999985], [85.0875396740002, 24.99934959400008], [85.08764648400012, 24.999229431000174], [85.08780670200008, 24.999141694000116], [85.08801269600008, 24.999090194000132], [85.0882568350001, 24.99904823300011], [85.08856964200015, 24.99904823300011], [85.08892059400006, 24.99908065900013], [85.08930969200009, 24.999151230000166], [85.08975982600003, 24.999229431000174], [85.09026336700003, 24.99933052099999], [85.0908126830002, 24.999441148000187], [85.09146118300004, 24.999570846999973], [85.09216308600008, 24.999679565000122], [85.09297180100015, 24.999780654000062], [85.09388732900004, 24.999860763000186], [85.09490966700008, 24.99992942900019], [85.09599304300019, 24.999969483000143], [85.09710693300013, 25.00003051800013], [85.09819793600008, 25.000112535000028], [85.099136353, 25.000280380000163], [85.09990692100018, 25.00053024400006], [85.10044860900007, 25.00089073100014], [85.10079193000013, 25.001541137000117], [85.10256958100007, 25.00564956700009], [85.11003875800014, 25.014431001000105], [85.11698150600012, 25.020441054999992], [85.1231460570001, 25.02910804800007], [85.12684631299999, 25.03836059700012], [85.12724304200009, 25.04434013499997], [85.12915039100005, 25.04961967500003], [85.13401031400008, 25.05492973300005], [85.1382675160001, 25.056671143000074], [85.14286041200012, 25.056980134000185], [85.15360260000006, 25.053960801000187], [85.15621185200013, 25.056190490000006], [85.15821838400007, 25.060398102000192], [85.15744018500004, 25.069900513000107], [85.17064666800002, 25.070110322000176], [85.17487335200019, 25.070800782000106], [85.17875671400014, 25.072811126000147], [85.18309783900003, 25.073972703000095], [85.18499755800013, 25.07382011400017], [85.18737030000017, 25.071781158000192], [85.18621063300003, 25.06867027200019], [85.1795272820001, 25.061391831000094], [85.18228912400019, 25.054468154000176], [85.19278717100008, 25.05468940700007], [85.19728088400018, 25.0536708840001], [85.19581604000012, 25.048099518000072], [85.19481658900014, 25.034170151000183], [85.2033996580002, 25.0349216460001], [85.20699310400016, 25.03714943], [85.21115875200002, 25.042539598000133], [85.21427154500009, 25.043880463000164], [85.21582794300008, 25.046657563000053], [85.21569824200009, 25.05532073900008], [85.22190094000013, 25.057081222000193], [85.2281265270002, 25.055419922000056], [85.23291015600012, 25.04611969100017], [85.23780059800009, 25.031290055000056], [85.23729705900013, 25.02486992000007], [85.23497772300004, 25.02034950300009], [85.23754119800014, 25.01639747600018], [85.2424163820001, 25.012891769000134], [85.24356079000012, 25.00906944200017], [85.24833679200003, 25.00885009700005], [85.2526931760001, 25.010351182000136], [85.25466156000005, 25.01204109100007], [85.25570678700012, 25.01526069700003], [85.25643158000014, 25.023429870000143], [85.25594329800003, 25.03316116300016], [85.25953674400017, 25.0349216460001], [85.2623062130001, 25.034330367999985], [85.26396942100001, 25.031629561999978], [85.26499176000016, 25.025791168000126], [85.26895141500012, 25.027219772000024], [85.27259826600016, 25.02650260900009], [85.27551269500015, 25.030969620999997], [85.27974700800013, 25.0304508210001], [85.29644012500012, 25.02719116100019], [85.30197143499998, 25.0283298490001], [85.31661224300012, 25.025728225000137], [85.31900787300009, 25.02475929200017], [85.32248687800006, 25.01792907700019], [85.32292175400016, 25.015340806000154], [85.32190704400006, 25.010709764000126], [85.32456970100003, 25.009000779000075], [85.32775116000005, 25.009229660000074], [85.33448028600014, 25.007209777000185], [85.33526611300005, 25.01078033500005], [85.34269714300012, 25.012519835999967], [85.34369659500004, 25.017940522000174], [85.34464263900014, 25.018859863000102], [85.34912872200016, 25.02004814100019], [85.35250854500009, 25.020120620000057], [85.35581970300018, 25.01912117000012], [85.35816955600018, 25.016941071000133], [85.35835266200002, 25.012689591000083], [85.35457611000004, 25.006540298000118], [85.35527801500012, 25.003089904000092], [85.35629272500006, 25.001691819000143], [85.35810852000009, 24.990200043000016], [85.36154937700013, 24.989561079999987], [85.36737060500019, 24.989971162000188], [85.38218688900008, 24.9920806880001], [85.38279724200004, 24.99111938600015], [85.37657928600015, 24.98195076100012], [85.37446594200009, 24.97814941300004], [85.37419891400003, 24.976070403000165], [85.3783721920002, 24.977462768000123], [85.38922119100016, 24.96628952000009], [85.38651275600012, 24.960170746000074], [85.37460327100018, 24.9477005010001], [85.37542724700012, 24.944400787000063], [85.38191223100006, 24.9413394930001], [85.38162231500007, 24.931592941000133], [85.37428283800006, 24.92937278700009], [85.37349700900012, 24.927659989000176], [85.37287902800006, 24.92033958400009], [85.37399292000003, 24.9176712040001], [85.37705993600014, 24.914529800000082], [85.37513732800005, 24.90178108200007], [85.37663269100005, 24.901000978000184], [85.375900269, 24.89847946200007], [85.37322998100007, 24.897859573000062], [85.3700714110002, 24.895071030000167], [85.36489105300001, 24.89355087400014], [85.36231231700003, 24.890890122000087], [85.36089325000012, 24.888391495000178], [85.36136627300004, 24.882890702000054], [85.34821319600007, 24.884521485000107], [85.34472656300017, 24.883680344000027], [85.33896637100014, 24.887479782000185], [85.33589172400019, 24.886472702000162], [85.33046722500018, 24.882921218000092], [85.3289184570001, 24.879970550000053], [85.32910156300017, 24.878280641000117], [85.3375167850001, 24.8669300090001], [85.33525848400006, 24.86240768500005], [85.32341766400015, 24.858142852000014], [85.32000732500018, 24.855560303000118], [85.31936645500008, 24.853120804000184], [85.32031249900018, 24.843330383000023], [85.31920623700012, 24.84171295200008], [85.31408691500008, 24.839902878000032], [85.31069946400015, 24.83739090000006], [85.30021667500012, 24.82208061200015], [85.30017089800015, 24.819522858000084], [85.30242919900007, 24.813430787000073], [85.30155182000004, 24.80820274400014], [85.29886627200005, 24.801820755000108], [85.29074859600018, 24.790502548000063], [85.28459167500012, 24.783760071000188], [85.27687835600011, 24.787040710000156], [85.27337646500018, 24.78514099100005], [85.2715606700001, 24.78207969800019], [85.26988220100003, 24.775148393000165], [85.2683410640002, 24.75904083300003], [85.26297760000011, 24.750471113999993], [85.26387786900011, 24.74834823700013], [85.2687759390002, 24.746681214000148], [85.28005981500019, 24.7490711210001], [85.29026031600011, 24.749671937000073], [85.29104614300002, 24.74809265300013], [85.29025268600003, 24.744960786000092], [85.29701995800002, 24.74338150000017], [85.29943084800004, 24.742120743000044], [85.29870605400009, 24.730890274000103], [85.29950714200015, 24.728679658000146], [85.3029708860002, 24.728811264000058], [85.31424713200005, 24.731281280000132], [85.3171005260001, 24.73118019000009], [85.31820678800011, 24.72966003400012], [85.31933593800011, 24.720979690000092], [85.32554626400008, 24.71241951100012], [85.32552337600015, 24.701490402000104], [85.32408905100004, 24.697540284000127], [85.32051849400011, 24.69589042700011], [85.31796264700012, 24.692590714000005], [85.31736755400016, 24.687709808000136], [85.31886291600006, 24.680009842000004], [85.31900024500015, 24.673440934000098], [85.32034301800013, 24.669361114000026], [85.319747925, 24.668371200000024], [85.30735015900007, 24.672319412000036], [85.3041915890002, 24.672121048000122], [85.30020904500003, 24.676460266000163], [85.2964096070001, 24.675800323000146], [85.29289245700005, 24.67356109600007], [85.29055786200007, 24.67405128600012], [85.28878021200006, 24.672319412000036], [85.29344177200011, 24.66225814800009], [85.30229950000006, 24.659151078000093], [85.30030822700007, 24.652261734999968], [85.30224609300018, 24.650190353000028], [85.30745696900004, 24.649040221000064], [85.31880188100007, 24.650049211000066], [85.31909179700011, 24.64842033500014], [85.31754302900003, 24.64501190200008], [85.31707000700015, 24.640060425000115], [85.3144226080002, 24.635599136000053], [85.29915618800004, 24.646970749000104], [85.29667663600003, 24.633369447000007], [85.30635070800008, 24.620019914000125], [85.30596160900012, 24.614440918000184], [85.30372619700006, 24.60461998000011], [85.3112258910001, 24.603572846000134], [85.30844879100005, 24.593118668000045], [85.3085021980001, 24.58869934100005], [85.30976867700014, 24.58658981300016], [85.31344604500015, 24.585630417000175], [85.3183898920002, 24.586811065000177], [85.32212066600016, 24.583061219000058], [85.32290649300006, 24.58090972900004], [85.32335662900016, 24.57728958200005], [85.31903839200004, 24.57058906500015], [85.31079101600011, 24.568620683000177], [85.31019592300015, 24.56529998700006], [85.31133270300006, 24.5620994570001], [85.33233642500011, 24.55459022500014], [85.34340667700019, 24.55206108200008], [85.34636688200004, 24.552259446000107], [85.35977935800014, 24.556102754000165], [85.36508178700018, 24.555299759000036], [85.37065124500003, 24.55332946900012], [85.38897705200009, 24.544618606000142], [85.39045715399999, 24.5421695710001], [85.38635253900014, 24.538248062000093], [85.38336944600013, 24.53519058200004], [85.38278198199998, 24.532531739000035], [85.37026977500011, 24.529581071000166], [85.36116027800017, 24.52971267700002], [85.34581756699998, 24.52799987900005], [85.33790588400007, 24.52799034100019], [85.33155059800004, 24.52624130200013], [85.32250213700019, 24.525579452999978], [85.31855773900014, 24.524629594000032], [85.31253051700008, 24.526580810000155], [85.2973480230001, 24.528640747000168], [85.28804779000018, 24.528400421000185], [85.28251648000014, 24.526689530000112], [85.2793579100001, 24.519100190000074], [85.27980804400005, 24.51388168300008], [85.28192901599999, 24.509160996000162], [85.28237152100013, 24.503759383999977], [85.28103637600003, 24.49975013800008], [85.28196716200017, 24.497200013000054], [85.26956176800007, 24.498371124000016], [85.2544403070001, 24.497930527999983], [85.24649810800014, 24.49529075700019], [85.23941803100007, 24.488822936000133], [85.23532867400002, 24.47985076800012], [85.22853851400009, 24.479410172000087], [85.22392273000008, 24.471189500000094], [85.21578216600011, 24.472549439000034], [85.2032623290001, 24.472949982000046], [85.19924926800019, 24.467390062000106], [85.19052124000007, 24.468580245000112], [85.18260192900004, 24.468660354000065], [85.17632293700012, 24.46797943200005], [85.16987610000007, 24.466091156000118], [85.167503356, 24.467359543000157], [85.1632385260001, 24.467189790000077], [85.15289306600016, 24.464149475000113], [85.15067291200012, 24.462869645000126], [85.14927673400007, 24.459280014], [85.14990997400008, 24.45585250900018], [85.15260315000012, 24.4537506100001], [85.15872955300017, 24.45125007600018], [85.16133117700014, 24.4432907100001], [85.1637268070001, 24.441419602000167], [85.16484069900008, 24.435800552000103], [85.16625976500006, 24.433490753000058], [85.1688385010001, 24.431789399000138], [85.16938018900015, 24.429470062000178], [85.1643905630001, 24.427690506000033], [85.15785980200002, 24.4241600040001], [85.15529632600004, 24.41801071300017], [85.14795684800009, 24.418188096000165], [85.12693023700001, 24.41151046800013], [85.12066650400004, 24.40843963700013], [85.11898803800005, 24.409139632000063], [85.11505889900013, 24.409019471000136], [85.10932922300015, 24.398820876000173], [85.09867096000016, 24.393920899000022], [85.09594726600005, 24.390771865999966], [85.09245300200013, 24.381521225000085], [85.08941650400004, 24.37919998200016], [85.08068084800004, 24.380750657000135], [85.06548309300018, 24.386760711000022], [85.07100677400007, 24.3996925350001], [85.06919860900007, 24.401199340000176], [85.07038879300018, 24.405179977000103], [85.07302093600009, 24.406539918000078], [85.0745468130001, 24.40846252500006], [85.07375335800009, 24.412998200000118], [85.0756759630001, 24.421751023000184], [85.07615661600016, 24.439870835000193], [85.06906890900018, 24.43565940999997], [85.06461334200003, 24.43058967700017], [85.06040954500014, 24.424608232000082], [85.05748748800005, 24.41648292600013], [85.05329132200012, 24.415130615000066], [85.04223632900016, 24.418279648000123], [85.03954315200014, 24.424127579000185], [85.03573608400012, 24.42311286900008], [85.03209686300016, 24.425350189000085], [85.0206680300002, 24.422019958000135], [85.01460266100008, 24.41912079000008], [85.0106964110002, 24.41608047500017], [84.99040222200011, 24.41222953700003], [84.96856689399999, 24.375949860000162], [84.94793701200018, 24.37177085899998], [84.9349517820001, 24.376459121000153], [84.9253387460002, 24.37804031500002], [84.91297912700009, 24.37565040600009], [84.90331268400007, 24.37231063900009], [84.89803314200009, 24.372129440000094], [84.89441680900006, 24.375040054000067], [84.90051269500015, 24.38208007900016], [84.8981781010001, 24.393819809000036], [84.89190673900004, 24.398530960000187], [84.8823471070001, 24.417102812999985], [84.87789917000003, 24.422630310000045], [84.88004303100007, 24.432041168000126], [84.87805175800008, 24.44379043600003], [84.88017273000003, 24.46280097900012], [84.87625122100019, 24.462789536000116], [84.87271881000004, 24.465820313000165], [84.86744689800014, 24.466920852000044], [84.86293029900008, 24.457641601999967], [84.85974884000018, 24.45664024299998], [84.8570327750001, 24.45758247500015], [84.8573379520002, 24.46076965400016], [84.84748077500007, 24.46593093900009], [84.84198761000005, 24.455471038000155], [84.83439636200006, 24.452520370000116], [84.83062744100005, 24.459209443000134], [84.8327331540001, 24.46116066000019], [84.83345794800005, 24.469589235000115], [84.82718658400017, 24.470119477000082], [84.82792663600014, 24.486000061000084], [84.83262634200014, 24.511480333000122], [84.81949615400015, 24.524820328000146], [84.80164337200006, 24.521118164000086], [84.79532623400013, 24.529491424000128], [84.78970337000015, 24.521549225000115], [84.7836761480001, 24.517709732000185], [84.77989959800004, 24.504850387000147], [84.76297760000006, 24.501768113000026], [84.74201965300017, 24.496458054000186], [84.74006652900005, 24.48826980500013], [84.72490692100018, 24.472949982000046], [84.71750640900018, 24.46882820200011], [84.71292877200005, 24.468631745000096], [84.7065277100001, 24.472358704000158], [84.6940765390001, 24.461799622000115], [84.6840591420002, 24.45919990600015], [84.67891693100006, 24.456342697000082], [84.67401123100007, 24.44114112900013], [84.66622924900014, 24.431190491000166], [84.66584777900016, 24.428430558000173], [84.66838836600016, 24.426290513000083], [84.66779327500001, 24.412960053000063], [84.66294860800019, 24.410610199000132], [84.66011810300006, 24.395980835000103], [84.65825653100018, 24.393741608000028], [84.64305114800004, 24.39861106900014], [84.62885284500004, 24.400171280000166], [84.62288665800014, 24.403949739000097], [84.6192932130001, 24.402059554999994], [84.61521148600013, 24.403810502], [84.61251068200016, 24.401212693000105], [84.600967406, 24.400978090000137], [84.59420013400018, 24.40401077200005], [84.58992004400005, 24.404380799000023], [84.58184814500004, 24.401460647000192], [84.5800628670001, 24.41041946500019], [84.5724792490002, 24.412340165000103], [84.56539154100017, 24.40747070400016], [84.56121826100019, 24.401840210000046], [84.55912017800006, 24.39710807800003], [84.5643081660001, 24.389890670000057], [84.56578064000007, 24.383939744000088], [84.55603790300017, 24.37972259600008], [84.54585266100014, 24.373699189000035], [84.54167938299997, 24.376710892000062], [84.52152252100001, 24.37626075700007], [84.52406310999999, 24.368761063000022], [84.52796173000019, 24.364830018000077], [84.52671050900011, 24.36102104200006], [84.51882171700004, 24.353160859000127], [84.51937866300011, 24.345840454000097], [84.52548980700004, 24.339479446000098], [84.51741027800006, 24.333669662999966], [84.51419067500018, 24.32360839900008], [84.51069641100008, 24.317171097000028], [84.50319671700004, 24.31541061500019], [84.50454711800012, 24.30590057400019], [84.50123596300017, 24.298809052000138], [84.5022964480001, 24.294549943000106], [84.49688720700004, 24.292720795000093], [84.49353790200013, 24.287040711000145], [84.48420715300006, 24.296920776000036], [84.48751068200005, 24.29883956900011], [84.48874664300013, 24.30216980000006], [84.48706054600012, 24.30483245900018], [84.47856903100018, 24.302890778000176], [84.47534942700008, 24.302562713000157], [84.46839904700016, 24.305290223000043], [84.46511078000015, 24.30838966400006], [84.46196746800013, 24.31755066000005], [84.45453643700017, 24.338649749000126], [84.44666290300012, 24.339700698000115], [84.44491577100013, 24.334180832000072], [84.41742706300016, 24.331361770000058], [84.41816711500013, 24.3423595430001], [84.42253875800009, 24.35914993200015], [84.39494323700006, 24.367790222000053], [84.39978790400005, 24.374639511000055], [84.39766693200005, 24.3774108880001], [84.39202880800002, 24.375749588000133], [84.38501739500015, 24.3793411260001], [84.38221740800003, 24.389699936000113], [84.37377166700014, 24.390991212000188], [84.36725616500019, 24.386959076000153], [84.36136627100007, 24.38663292000018], [84.35530090400016, 24.390960693000068], [84.3469619760001, 24.392070770000146], [84.33586120600017, 24.39583015400018], [84.33798217800017, 24.401290894000113], [84.33162689200014, 24.40464973400003], [84.32586670000012, 24.410930634000124], [84.32779693600014, 24.416570663000186], [84.32778930800004, 24.422161102000132], [84.32486724800003, 24.423669816000086], [84.31823730500008, 24.420219421000127], [84.31505584600006, 24.423452378000036], [84.31939697200005, 24.42925071700006], [84.32749176100003, 24.427728653000088], [84.33065796000011, 24.428430558000173], [84.3303985600001, 24.431190491000166], [84.31498718300014, 24.447509765000007], [84.29321289000018, 24.450822830000163], [84.29022216800018, 24.458080293000137], [84.28526306200018, 24.465919495000037], [84.29418945300006, 24.48076057600008], [84.30824279700005, 24.48690033100013], [84.3217086800002, 24.48975753800005], [84.33940124500009, 24.496839524000166], [84.3413162240002, 24.500169755000115], [84.36344146800013, 24.510610580000048], [84.3685531610002, 24.516759873000183], [84.36579895100004, 24.527879715999973], [84.38049316500008, 24.531141282000192], [84.37780761700014, 24.54305076700018], [84.38638305600011, 24.54585838400004], [84.38565826400014, 24.552551270000095], [84.38777160600006, 24.557540894000113], [84.38558959900007, 24.561241150000058], [84.38751220600005, 24.567680359000178], [84.39344787700014, 24.568180085000165], [84.39702606200018, 24.572612762000176], [84.40257263200004, 24.571218490000092], [84.39981842000009, 24.56546974300005], [84.41007995600006, 24.558879852000075], [84.416107179, 24.552881240000033], [84.42282867400007, 24.572790146000102], [84.43109893900004, 24.573280334000174], [84.43847656200018, 24.55726051300013], [84.44071197400001, 24.539751052999975], [84.44243621800007, 24.532489777000137], [84.46102142300009, 24.537811279000096], [84.46623993000014, 24.533069612000077], [84.482063294, 24.51437187300013], [84.50100708000014, 24.520259857000042], [84.51294708200004, 24.526559830000053], [84.53923797600004, 24.52779960700019], [84.54265594400005, 24.53227996800007], [84.54920196500018, 24.536121368000124], [84.55557250900006, 24.541971207000188], [84.5607223500001, 24.5452518460001], [84.56371307299997, 24.551900864000118], [84.56192779500009, 24.557439804000126], [84.56828308200005, 24.55891990600003], [84.5738067630001, 24.56419944800001], [84.57058715800008, 24.567079543000034], [84.56027221700003, 24.56670951800004], [84.55747222800011, 24.569890977000114], [84.56520080500019, 24.578100205000112], [84.58289337200006, 24.5898399350001], [84.58389282100006, 24.59416008000011], [84.58960723900003, 24.597589493000044], [84.58689880400004, 24.604789734999997], [84.58963775500007, 24.608301162000032], [84.58679199200009, 24.616020204000108], [84.59664154100011, 24.625030518000074], [84.59295654300001, 24.626600265000036], [84.59217071600011, 24.630920410000158], [84.59281921400014, 24.643711091000057], [84.59628295900012, 24.65676117000004], [84.60298919600012, 24.655071259000124], [84.60424804700011, 24.660879136000062], [84.61145782500017, 24.65676117000004], [84.62207794300008, 24.652240754000104], [84.62899780200007, 24.653419494000104], [84.63169097800011, 24.664632797000024], [84.6374206540001, 24.664199829000097], [84.63537597600003, 24.67239952100016], [84.63836669900013, 24.678371430000027], [84.64541625900006, 24.675849915000185], [84.64908599800003, 24.68092918300016], [84.65643310500013, 24.680030823000095], [84.65545654200008, 24.683200837000186], [84.68206787100019, 24.678499222000085], [84.69133758600003, 24.681329727000104], [84.69055938700006, 24.69106102000012], [84.69536590500019, 24.698699951000037], [84.70189666800013, 24.697820664000062], [84.70906829900008, 24.701000214000032], [84.71534729100006, 24.7012100230001], [84.71972656300017, 24.729991912000003], [84.71911621000004, 24.75311851600003], [84.71154785100009, 24.757999420000147], [84.7093429570001, 24.76653289899997], [84.72595214800003, 24.767391205000138], [84.72675323500016, 24.77699089200013], [84.7235107410001, 24.778270722000116], [84.72296142500016, 24.781850815000155], [84.71798706000004, 24.78359031600013], [84.7183761600001, 24.78935051100018], [84.7274932850001, 24.79062843300005], [84.72561645500008, 24.795709609000028], [84.6958618160001, 24.802061082000023], [84.69502258300002, 24.812759400000004], [84.68988037000008, 24.81802940500006], [84.69027709900013, 24.82747268700018], [84.68672943000018, 24.832731247000027], [84.68145752000004, 24.83527183500013], [84.67627716000004, 24.831899643000156], [84.6674270630001, 24.834409714999993], [84.66770935100004, 24.841888428000175], [84.66484832700007, 24.850709916000028], [84.65886688200015, 24.851430893000042], [84.64492797900016, 24.856609345000095], [84.6406478880001, 24.863550186000168], [84.6343765270002, 24.867410659000086], [84.63526153600014, 24.875751495000088], [84.63282775900012, 24.878242494000062], [84.63839721700015, 24.88311958300011], [84.65297699100017, 24.87925910900009], [84.65780639700006, 24.872560500000134], [84.66369628800004, 24.876630782999996], [84.66345977700013, 24.883020401000067], [84.66101074200009, 24.884700774000066], [84.65405273400012, 24.88651847900013], [84.65718078499998, 24.890760423000074], [84.6647262570001, 24.89423942600007], [84.66616058400001, 24.89182090800017], [84.67051696800007, 24.89215087800011], [84.67414856000016, 24.894622803999994], [84.6738967890002, 24.899791719000007], [84.67471313400017, 24.903472901000157], [84.67988586400003, 24.90214157100013], [84.68183898799998, 24.905290604000186], [84.69068908800006, 24.903699875000086], [84.69745636000005, 24.904600144000085], [84.69883728000008, 24.90942955000014], [84.7003097540001, 24.911029816000053], [84.70214080700015, 24.919141770000124], [84.70912933400007, 24.920158386000026], [84.71109008900004, 24.93506050100018], [84.705810547, 24.942159654000022], [84.70733642600004, 24.950399400000038], [84.70334625300006, 24.95346069400017], [84.7041625970001, 24.957719803000032], [84.71652984600007, 24.957731246000037], [84.71820068400012, 24.959560395000096], [84.7299499500001, 24.95985984800012], [84.73063659700011, 24.967292787000076], [84.72229766900011, 24.973659515000122], [84.72267913700006, 24.98091125500008], [84.72780609200015, 24.98677063000008], [84.73784637500017, 24.98743057300004], [84.73739623900008, 24.995929719000173], [84.73903656100009, 25.000490190000107], [84.74674987800012, 25.004619598000033], [84.74603271400008, 25.0149898520001], [84.73375701900005, 25.017259598000123], [84.73121643000007, 25.01517105100004], [84.72817230200008, 25.013900756000055], [84.71951293900008, 25.01422119100016], [84.71623230000017, 25.018169403000172], [84.71534729100006, 25.025791168000126], [84.70163726800013, 25.033250810000027], [84.6962966910001, 25.03856086700017], [84.69738769500015, 25.04694938700004], [84.71216583200015, 25.045980454000073], [84.72722625800014, 25.04618072600016], [84.73087310800008, 25.05387115400015], [84.73145294300019, 25.057920455999977]]]}}, {"type": "Feature", "properties": {"GID_3": "IND.5.11.1_1", "GID_0": "IND", "COUNTRY": "India", "GID_1": "IND.5_1", "NAME_1": "Bihar", "NL_NAME_1": "NA", "GID_2": "IND.5.11_1", "NAME_2": "Gopalganj", "NL_NAME_2": "NA", "NAME_3": "Gopalganj", "VARNAME_3": "NA", "NL_NAME_3": "NA", "TYPE_3": "Taluk", "ENGTYPE_3": "Taluk", "CC_3": "NA", "HASC_3": "NA"}, "geometry": {"type": "Polygon", "coordinates": [[[84.8681488040001, 26.257009507000078], [84.87487792900009, 26.24291038600012], [84.8730926500001, 26.238178254000104], [84.87692260700015, 26.235250473000065], [84.90074920600011, 26.236511231000122], [84.90186309800004, 26.225669861000142], [84.89772033700001, 26.222339630000192], [84.89450073300009, 26.220939637000072], [84.8938827520002, 26.217620849000127], [84.89009857200011, 26.216529847000118], [84.86560058700002, 26.21990966800007], [84.85916137700019, 26.22272110000017], [84.85234832800018, 26.21675109800003], [84.80374145500019, 26.212360382000156], [84.78466033900008, 26.20679092400013], [84.7803802480002, 26.21156120300003], [84.76349639900008, 26.211111069000083], [84.7547073360002, 26.212709426000117], [84.74655151300016, 26.21436119100008], [84.74826049800004, 26.232139587000063], [84.73660278400007, 26.228630067000097], [84.72592163100012, 26.230550767000068], [84.72132110600006, 26.233949661000054], [84.71305847100018, 26.235269546000154], [84.70818328800016, 26.24234962500003], [84.6989212040001, 26.24172020000009], [84.684906007, 26.238412858000174], [84.67807006900017, 26.240800858], [84.67594146700009, 26.258251190000067], [84.67884063800005, 26.264181138000083], [84.6760177610002, 26.268470764000085], [84.66748809800009, 26.269620895000116], [84.66632842900015, 26.27371978800005], [84.64919281100003, 26.274690628000087], [84.64465332100013, 26.279590607000046], [84.64788818500011, 26.30579948400009], [84.6369857790001, 26.306510925999987], [84.61469268700012, 26.304452895000168], [84.60563659700006, 26.30554008600012], [84.60077667200005, 26.312910079000005], [84.58917999400012, 26.31465911900017], [84.58374023400017, 26.31904983600009], [84.58241271899999, 26.32526016300011], [84.56382751600012, 26.32348823500007], [84.56137085000012, 26.316511155000114], [84.55031585800003, 26.314990997000052], [84.54776763800004, 26.299449921000132], [84.52986908000008, 26.30778121900005], [84.53376770000006, 26.313180924000164], [84.54231262300016, 26.318939209000064], [84.54399108900014, 26.324329377000026], [84.5226669320001, 26.33934974800019], [84.51407623200004, 26.340879440000094], [84.51116943300013, 26.336900711000112], [84.50419616700015, 26.332860946000096], [84.49800872900016, 26.336610795000126], [84.4909591670002, 26.334400178000067], [84.47873687800012, 26.336841583000023], [84.47583770800003, 26.33866119300012], [84.47209167500017, 26.346170425000082], [84.46810150200014, 26.343692779000037], [84.46156311100015, 26.347160339000084], [84.44740295500003, 26.35203933800011], [84.45244598400012, 26.357559204000097], [84.45141601600017, 26.36693954600014], [84.44960784900007, 26.371330261000082], [84.42732238700017, 26.376361847000055], [84.41204834100012, 26.371250153000062], [84.40632629300006, 26.371891023000103], [84.39734649700011, 26.36889076200015], [84.3793411260001, 26.37462043800008], [84.37390899600007, 26.37232971300017], [84.35658264200015, 26.36993026800019], [84.35556030200013, 26.36523056100009], [84.36081695500013, 26.356210708000106], [84.36038208000008, 26.345140457000127], [84.36154174700005, 26.339090348000184], [84.35639953600008, 26.330989838000164], [84.35588073700006, 26.30759811500019], [84.35721588200016, 26.301668167000173], [84.34826660200008, 26.30039024500013], [84.33943939100004, 26.30359077500009], [84.33455658000008, 26.307149887000037], [84.33143615600017, 26.312942505000024], [84.33261871400015, 26.321662904000107], [84.3138961790001, 26.331979751999995], [84.30444335900012, 26.32380294899997], [84.29839325000017, 26.319852829000183], [84.28694915699998, 26.31722259600008], [84.28096771100019, 26.318769456000155], [84.27044677800018, 26.308250428000065], [84.25596618700007, 26.314670564000096], [84.24169158800004, 26.31557273900006], [84.23597717300015, 26.317930221999973], [84.23484802300015, 26.325649260999967], [84.22605133000019, 26.327169418999972], [84.21990966800007, 26.332750321000105], [84.20890808200016, 26.336090088000105], [84.20526123100012, 26.341049194999982], [84.20228576700015, 26.34976005600015], [84.20667266800012, 26.35489082400011], [84.19111633300008, 26.35884094400012], [84.19284820500019, 26.36325073300003], [84.18665313700006, 26.364521027000137], [84.1804122920002, 26.37072944600004], [84.17135620200014, 26.37397956799998], [84.15634155400005, 26.378259659000037], [84.15402984600007, 26.37615966800007], [84.13078308100017, 26.382190705000028], [84.12844085700016, 26.384210586999984], [84.11675262400001, 26.385248184000147], [84.11519622800006, 26.387569428000177], [84.09654235900018, 26.3879108430001], [84.09230041500001, 26.390430451000043], [84.08970642100019, 26.38751983700007], [84.08767700100009, 26.390119552000158], [84.08116912900005, 26.38966941800004], [84.08055877800012, 26.386220932000185], [84.07884216200017, 26.385721206000028], [84.07721710100009, 26.383962631000088], [84.07200622500005, 26.38446998700016], [84.07061767700009, 26.386890411000024], [84.06151580800008, 26.39009094300019], [84.06181335400004, 26.39427948000008], [84.05507659900013, 26.400247574000048], [84.05497741700009, 26.402048111000113], [84.0450973510001, 26.404071808000083], [84.04498291100003, 26.40529060300014], [84.04126739400004, 26.405550003000087], [84.04087066600005, 26.408491135000077], [84.0382614130001, 26.410400390000063], [84.03618621800007, 26.407840730000032], [84.03056335500014, 26.413009644000113], [84.03318023700012, 26.413780213000052], [84.02178192100013, 26.425041198000145], [84.02052307200012, 26.428840637000178], [84.01640319900002, 26.431922913000164], [84.01494598300008, 26.439470292000124], [84.01611328100006, 26.4419708260001], [84.01098632800012, 26.448459626000158], [84.00903320300006, 26.44498062200006], [84.00170135500008, 26.443590165000046], [83.9926300050002, 26.447610856000097], [83.99044799800004, 26.447629929000186], [83.98346710300018, 26.434900283000104], [83.98195648200016, 26.434619904999977], [83.9612960820001, 26.437149048000094], [83.94626617500006, 26.438108445000182], [83.93607330200018, 26.44168090800008], [83.91902160600011, 26.44552993800005], [83.90811920200008, 26.44950103700006], [83.90228271400014, 26.45025062500008], [83.9030227660001, 26.46104049800016], [83.90154266400003, 26.467309951999994], [83.90323638900009, 26.472270966000167], [83.90496826200012, 26.494348526000067], [83.90746307400013, 26.500379563000024], [83.90679168700012, 26.506759643000123], [83.90175628700001, 26.51044082700008], [83.90084075900012, 26.51371192900018], [83.90220642000008, 26.51807975800017], [83.9146728520002, 26.520240784000123], [83.93048858600014, 26.524780274000022], [83.93499755900012, 26.52444076600017], [83.93923950300007, 26.521280288000128], [83.94584655800008, 26.518421174000025], [83.94352722200017, 26.51589965800008], [83.94271850600006, 26.513479233000112], [83.94565582400008, 26.5102005010001], [83.95616912900016, 26.508199692000176], [83.96254730300018, 26.50860023600012], [83.9654159550002, 26.51173973100009], [83.9665527350001, 26.52095031800019], [83.96810913100006, 26.52584075900006], [83.97054290700004, 26.529439926000066], [83.97418975800002, 26.531940460000044], [83.98359680200019, 26.53146171500009], [83.9903030390002, 26.53014183100015], [83.99835205100004, 26.527381897000055], [83.99864959700017, 26.525030136000055], [84.00068664500014, 26.525011063000193], [84.01448059100011, 26.532020569000167], [84.02004241900005, 26.532079697000086], [84.03082275400004, 26.535551072000146], [84.04300689800004, 26.54096031299997], [84.04776001100015, 26.54348945600009], [84.04878234900019, 26.550331117000155], [84.0481414790001, 26.557519914000125], [84.04931640600006, 26.56159019500018], [84.05474853600009, 26.567689895000058], [84.05690765400004, 26.573410034000005], [84.06285095300018, 26.57969284000012], [84.06772613600003, 26.581300736000117], [84.07122039800015, 26.58448028700019], [84.07028961200007, 26.589258194000024], [84.07914733900009, 26.594350815000098], [84.0825271600001, 26.599599838000188], [84.0817871100001, 26.603111268000077], [84.0847625720001, 26.610559464000175], [84.08280181800006, 26.615051270000038], [84.08352661200018, 26.61825943000008], [84.0796203610002, 26.623701095000115], [84.08213806200001, 26.626550674000043], [84.0838394160001, 26.631410599000105], [84.08059692400008, 26.633920669000133], [84.08138275100015, 26.6367797850001], [84.0804214490002, 26.640752792000114], [84.0817794800002, 26.642860413000108], [84.08448791400014, 26.64013290500003], [84.09407806400014, 26.638320923000038], [84.09493255600012, 26.636480330999973], [84.09934997600004, 26.635570526000095], [84.09934997600004, 26.633968354000046], [84.1043167110002, 26.632661820000123], [84.10607910100003, 26.637231827000164], [84.11563110400016, 26.637430191000078], [84.12146759000007, 26.63462066700015], [84.12098693899998, 26.637550354000155], [84.12413024900019, 26.637411117000113], [84.12906646800013, 26.638500213000157], [84.13742065500008, 26.636480330999973], [84.13951110800014, 26.639030456000057], [84.15203094400005, 26.638500213000157], [84.15345764100005, 26.633670807000044], [84.14853668300003, 26.627748490000045], [84.16725158700007, 26.62417030400013], [84.16779327300014, 26.626291276000075], [84.17698669400005, 26.62454032900007], [84.18467712400007, 26.625850678000063], [84.20198822000015, 26.62434005700004], [84.20388030900011, 26.62053108200007], [84.20681762700013, 26.620950699000105], [84.21569824300002, 26.61868095500006], [84.22199249300019, 26.615680694000048], [84.22305297800011, 26.613090515000067], [84.2286682130001, 26.613210678000144], [84.23094940200008, 26.609790803000067], [84.24009704600007, 26.6100406650001], [84.25063324000018, 26.60794067400019], [84.25888824399999, 26.60732269300013], [84.26291656500018, 26.60302162100004], [84.27221679600007, 26.599361419000104], [84.27346801700014, 26.601350785000193], [84.27741241500019, 26.600738526000043], [84.27934265200008, 26.606580735000023], [84.28679656900016, 26.60392189100014], [84.28919982900004, 26.606990814000085], [84.29313659600007, 26.60551071200001], [84.29502105700016, 26.606630325000026], [84.2970275890001, 26.615699768000184], [84.302673341, 26.617471695000177], [84.30651855400009, 26.61703109700011], [84.31076049700016, 26.614572525000085], [84.32549286000011, 26.61532020500016], [84.33007049500009, 26.618320465000068], [84.35093689000018, 26.620428086000118], [84.37059021100015, 26.615390778000062], [84.37885284300012, 26.621839523000062], [84.38343811000016, 26.62150955200002], [84.39499664200008, 26.62573814500007], [84.40056610100004, 26.624130250000178], [84.41439819400011, 26.627170563000107], [84.40737152200012, 26.63805961500009], [84.4198532100001, 26.637680055000146], [84.42073822100019, 26.626350403999993], [84.41998291000016, 26.621248245000174], [84.42440033000008, 26.616771698000093], [84.42088317800005, 26.61268043600012], [84.41770935100004, 26.614040375000116], [84.41574096700009, 26.609119416], [84.4095458990002, 26.605180740000094], [84.403099059, 26.595371247000173], [84.40081787200018, 26.590740203000166], [84.40670013500005, 26.58527183600006], [84.40986633400013, 26.58793067900001], [84.4127731320001, 26.59566116300016], [84.4160232550002, 26.60094833400018], [84.45033264200009, 26.633470535000185], [84.44930267400014, 26.627740859000028], [84.45414733900014, 26.62338066200016], [84.4596633920001, 26.623359681000068], [84.4776382450001, 26.612859727000114], [84.48076629600018, 26.607601166000165], [84.48343658400012, 26.6048107150001], [84.47808837800011, 26.59634971600019], [84.48918151800012, 26.57254028300008], [84.50119781600011, 26.57245063800002], [84.50608062700007, 26.56727981600011], [84.50811004700017, 26.55788993900012], [84.50476837100007, 26.544830321999996], [84.50382232700014, 26.535539626000116], [84.5349960320001, 26.509241104000182], [84.53795623800005, 26.500770568999997], [84.53434753400006, 26.487871170000062], [84.54611969100006, 26.48427009600016], [84.5499267570001, 26.491872788000023], [84.5549774160001, 26.49645042500015], [84.55935668900014, 26.49520111099997], [84.56790924000018, 26.488599777000047], [84.57182312000003, 26.487449645000083], [84.56781005800013, 26.47130012600013], [84.57988739100011, 26.462299347000112], [84.57952117900004, 26.453010559000006], [84.58352661100014, 26.451959610000188], [84.58194732700002, 26.44779014700009], [84.58293151900011, 26.445880890000126], [84.5800628670001, 26.440980911000167], [84.58489990300012, 26.439310074000048], [84.60360717700019, 26.44849968000011], [84.60884094300019, 26.451988221000192], [84.61512756400015, 26.45438003600009], [84.62000274600007, 26.46041107100001], [84.62837982100018, 26.465118409000127], [84.6398391730001, 26.467550278000033], [84.64711761400002, 26.466880799000137], [84.65245056100014, 26.464790344000107], [84.68810272200011, 26.436462403000064], [84.69162750200007, 26.438062668000043], [84.70358276399998, 26.429460525000138], [84.7060928350001, 26.426889420000123], [84.70877075300018, 26.42185974199998], [84.70730590900013, 26.417970657000183], [84.70569610600006, 26.41661834600012], [84.71393585200008, 26.403978349000113], [84.71710968100018, 26.402099611000097], [84.72165679900019, 26.38496971100011], [84.73195648199999, 26.37281990100007], [84.74186706600005, 26.36493110700013], [84.74681854300019, 26.35398292600013], [84.75630951000005, 26.347940445000177], [84.75974273600008, 26.343458176000127], [84.76982116600016, 26.343271256000094], [84.78971862800017, 26.33177948100007], [84.79466247500005, 26.325210571000127], [84.79554748600015, 26.32186126800019], [84.80097198600009, 26.324949265000157], [84.8026123050002, 26.31958007900016], [84.80387878400012, 26.298400879000155], [84.80152130100015, 26.289182662000144], [84.82097625800003, 26.284048081000094], [84.82842254700006, 26.287269592000143], [84.8296890260001, 26.28310012899999], [84.8417129520002, 26.276039124000135], [84.85489654500009, 26.266599656000153], [84.86312103300003, 26.256799697000133], [84.8681488040001, 26.257009507000078]]]}}, {"type": "Feature", "properties": {"GID_3": "IND.5.12.1_1", "GID_0": "IND", "COUNTRY": "India", "GID_1": "IND.5_1", "NAME_1": "Bihar", "NL_NAME_1": "NA", "GID_2": "IND.5.12_1", "NAME_2": "Jamui", "NL_NAME_2": "NA", "NAME_3": "Jamui", "VARNAME_3": "NA", "NL_NAME_3": "NA", "TYPE_3": "Taluk", "ENGTYPE_3": "Taluk", "CC_3": "NA", "HASC_3": "NA"}, "geometry": {"type": "Polygon", "coordinates": [[[86.49929046500012, 24.98479080200019], [86.49740600700017, 24.979709626000044], [86.49488830600012, 24.977390290000187], [86.48661041300005, 24.97135925300006], [86.48974609300018, 24.94894027700019], [86.48557281500018, 24.938020705000156], [86.48784637400007, 24.936258315000146], [86.49189758400007, 24.928459167000028], [86.48976898199999, 24.926401138000188], [86.49362945500013, 24.921012878000056], [86.48101806600016, 24.916879654000184], [86.48149871900006, 24.907310486000142], [86.50081634400016, 24.899560928000028], [86.50876617400013, 24.891628266000055], [86.51805877700008, 24.884281159000125], [86.51877594100011, 24.87936973700016], [86.52931976300016, 24.862888337000186], [86.52960968100012, 24.858030319000022], [86.52419281000005, 24.833219529000132], [86.52587890600012, 24.83175277800018], [86.5260925290001, 24.82114029000013], [86.51741790700004, 24.80764961300008], [86.52057647800012, 24.798191070000087], [86.52079010000006, 24.78742027300018], [86.51496887200017, 24.786550522000084], [86.50882721000005, 24.784761429000127], [86.49613189700005, 24.782619476000093], [86.49444580100015, 24.77623939400013], [86.48967743000009, 24.766588212000045], [86.4893569950001, 24.758110047000116], [86.49164581200006, 24.758140564000087], [86.49212646500013, 24.761749268000074], [86.49975585900006, 24.763401032000104], [86.50566101100014, 24.766080856000144], [86.51843261700014, 24.768962861000148], [86.53983307000004, 24.77151107800006], [86.54196930000006, 24.76770019600019], [86.54187011800019, 24.764570237000157], [86.54425811700014, 24.758600235000188], [86.54234314000007, 24.749790192000148], [86.54701232900015, 24.74782943800011], [86.54778289800004, 24.745729446999974], [86.55110931300004, 24.740930557000127], [86.55014038100012, 24.73338127100004], [86.55140686000004, 24.725469590000102], [86.5452880860002, 24.712709427000107], [86.55795288100012, 24.69141960200011], [86.56912994300018, 24.68948936400011], [86.57621765200014, 24.682319641000106], [86.57978057900016, 24.673339845000157], [86.58415222200011, 24.67427063100007], [86.58924865800009, 24.67218017600004], [86.59451294000007, 24.670488359000103], [86.60011291500007, 24.664621354000076], [86.60730743400018, 24.662719727000024], [86.60708618100006, 24.65681076000004], [86.61067199700011, 24.653520584000148], [86.6025772100001, 24.645267487000183], [86.60515594600014, 24.64252281300014], [86.61157989500009, 24.63820076100012], [86.61000824100006, 24.627490996999995], [86.60529327500007, 24.620069504000128], [86.6051330570001, 24.607091903000082], [86.60929870500019, 24.60741043100012], [86.602920531, 24.605068208000034], [86.59998321600006, 24.599491118999993], [86.59485626300017, 24.597070694000024], [86.58976745500007, 24.592689512999982], [86.58389282200011, 24.5853195200001], [86.5831527700002, 24.572780610000052], [86.57823944000006, 24.56787109300018], [86.56804657000015, 24.562799455000118], [86.56170654300018, 24.563110351999967], [86.55831909100004, 24.559289933000173], [86.55464172400019, 24.559270860000083], [86.55792999300019, 24.54847908100004], [86.55133819600002, 24.54342079200012], [86.54669189400016, 24.535039901999994], [86.54057311999998, 24.53662109400011], [86.53614807200017, 24.536439895000115], [86.53044891300016, 24.532930374999978], [86.52352905300012, 24.535749435000184], [86.50572204600013, 24.517700196000078], [86.4975280750001, 24.497978210000042], [86.49812316800006, 24.487270356000124], [86.49532318200005, 24.485279083000137], [86.49028015100009, 24.484371185000157], [86.49080658000008, 24.478750229000127], [86.48877716000004, 24.474269867000146], [86.48974609300018, 24.46760177700014], [86.48448944100005, 24.45882034300007], [86.49112701500019, 24.45405006400017], [86.49098968600009, 24.44695281900016], [86.49194335900006, 24.439300538000168], [86.48819732800018, 24.433860778000053], [86.48858642600004, 24.42500114500018], [86.48207855100009, 24.424980164000146], [86.47339630200014, 24.422761918000106], [86.46582794200009, 24.421880722000026], [86.46367645400011, 24.418500901000016], [86.46568298300014, 24.413789750000035], [86.46366882300009, 24.407751084000097], [86.46711731000005, 24.395160675000113], [86.46568298300014, 24.385000229000184], [86.46179962100013, 24.37672042800017], [86.45504760700015, 24.373968124000157], [86.45220947200005, 24.368629456000065], [86.44632720900017, 24.36844062800003], [86.43415069500003, 24.37685966500004], [86.43070220900017, 24.376131058000055], [86.42514801099998, 24.37811851600003], [86.41558837800011, 24.379209519000142], [86.4010162350001, 24.39627075200002], [86.39869689900007, 24.400289535000127], [86.38123321600011, 24.412349700000107], [86.37326812700019, 24.415851594000117], [86.36789703300002, 24.424249650000093], [86.36271667500006, 24.426790237000034], [86.35350036600016, 24.442060470000058], [86.35072326600005, 24.443710327000076], [86.34781646699997, 24.440498352000134], [86.33273315500008, 24.440191270000128], [86.31949615500014, 24.440160751000178], [86.31555938800011, 24.443910599000105], [86.30375671500008, 24.444839478000176], [86.29957580600012, 24.448989869000116], [86.29882049600013, 24.454261779000035], [86.30090332100008, 24.456800461000114], [86.27913665900013, 24.462001802000145], [86.28183746300016, 24.470478059000072], [86.2855758660001, 24.476802825999982], [86.2938766470001, 24.476430893000042], [86.29773712100013, 24.48252105800009], [86.29824066200013, 24.488998414000093], [86.30162811300016, 24.49353981000013], [86.30349731500013, 24.49827194200003], [86.30973053000008, 24.50636291500001], [86.31241607600009, 24.508470535000185], [86.31056213400018, 24.51382255500016], [86.30751800600018, 24.526359558000138], [86.30330657900015, 24.52773094200012], [86.30133819700018, 24.53197860800003], [86.30816650399998, 24.54083252100014], [86.30983734200004, 24.547340393000184], [86.30404663100012, 24.558290481000085], [86.30982208200004, 24.56310081400011], [86.30809783900008, 24.565719604000037], [86.31098937900009, 24.568180085000165], [86.31936645400015, 24.574459075999982], [86.3185729970001, 24.5789203650001], [86.3226928700002, 24.58056068500008], [86.32286071800007, 24.584091188000116], [86.312232972, 24.585880279000037], [86.31005096500007, 24.581560134000085], [86.30166626000005, 24.583150864000118], [86.29263305600011, 24.586090089000038], [86.28835296600005, 24.584339141999976], [86.28040313800005, 24.584180832000072], [86.27378845300012, 24.582748413000104], [86.2761230480001, 24.579080583000007], [86.2768859860002, 24.574199677000138], [86.27348327599998, 24.575620651000122], [86.26970672700008, 24.577800750999984], [86.26625824000013, 24.58195114200015], [86.26413726800013, 24.57583808900017], [86.26152801600006, 24.576900483000145], [86.25747680700016, 24.583129883000026], [86.24855041600011, 24.58513069200012], [86.24288177500011, 24.59213829000015], [86.238746644, 24.59679985100007], [86.23026275600006, 24.60227012700011], [86.21737671000005, 24.611770630000024], [86.21656036400003, 24.60280036900008], [86.21570587200017, 24.591171265000128], [86.19493865900006, 24.585161209999967], [86.16565704400017, 24.583681106000085], [86.15696716400004, 24.589239121000162], [86.15226745600006, 24.599710465000044], [86.14463043100011, 24.603059769000083], [86.13329315200008, 24.603540421000048], [86.13076019300019, 24.608930587000145], [86.12558746400003, 24.611820222000063], [86.12322998100007, 24.619689941000104], [86.12200927800006, 24.623931885000047], [86.12185668900014, 24.630050659000062], [86.11824798500015, 24.641891479000094], [86.12313079900008, 24.64793014500009], [86.12631988500016, 24.65422058100006], [86.12848663200009, 24.66597938500007], [86.12594604500009, 24.67080116300008], [86.13002777200006, 24.67145919900014], [86.13359832700019, 24.67551040700016], [86.13201141500014, 24.680389405000085], [86.12909698600015, 24.690031052000165], [86.12444305500009, 24.70516014100008], [86.11863708500005, 24.711650848000033], [86.11596679800016, 24.718879699000126], [86.11094665500019, 24.724027635000084], [86.10929870600017, 24.732240676999993], [86.1055374140002, 24.735969544000056], [86.086578368, 24.74632072500009], [86.06318664500003, 24.751670838000166], [86.060417175, 24.747680664000086], [86.05503845300012, 24.746349336000037], [86.04270935000011, 24.74387169000005], [86.03907013000008, 24.741319656000087], [86.03681945900013, 24.743829728000094], [86.03601074100015, 24.74734115500013], [86.04154968300014, 24.747900008999977], [86.04535675100004, 24.75191116400015], [86.04984283400006, 24.755781173000173], [86.05300140499997, 24.761749268000074], [86.052886962, 24.767709732000128], [86.05264282300016, 24.77318954399999], [86.05058288600014, 24.77954101600011], [86.04957580700005, 24.794200898000156], [86.03439330999998, 24.807561874000044], [86.02462005500007, 24.821081163000144], [86.01071929900007, 24.826011659000073], [86.00469207800012, 24.836381912000036], [85.99765014600013, 24.844150544000115], [85.98237609800003, 24.849121094000168], [85.97332000600016, 24.857259751000072], [85.97180175800014, 24.85988044800007], [85.97149658300003, 24.863872528000172], [85.96642303500016, 24.86466980000006], [85.95626068200016, 24.86812973000019], [85.95049285900012, 24.868940353000028], [85.94983673100006, 24.859199524000076], [85.94815063400006, 24.85711288400006], [85.94288635300012, 24.856479644000103], [85.93402862500017, 24.85671997100019], [85.91297912600015, 24.861661912000045], [85.9004287730001, 24.865112304000093], [85.89406585700016, 24.86783981400015], [85.89115905800008, 24.86821937700006], [85.88716888400018, 24.874679565000065], [85.88530731200012, 24.8830394740001], [85.8849411020002, 24.88975906400009], [85.88227081200006, 24.89810943700013], [85.87976074200003, 24.902772904000074], [85.87728118800004, 24.905349732000104], [85.87396240300018, 24.9067096710001], [85.8773880010001, 24.92897987400005], [85.86876678400006, 24.93162918100012], [85.86775207400012, 24.934080123000058], [85.862678529, 24.93351173399998], [85.86138153100018, 24.930160521999994], [85.85945892300009, 24.918069840000044], [85.85604858300019, 24.918350221000082], [85.85264587400007, 24.91983985800016], [85.84536743300015, 24.92554092500012], [85.84224700900006, 24.92506980800016], [85.84140014700017, 24.923870087000125], [85.84047698900014, 24.91749954300002], [85.83210754400017, 24.91703033400006], [85.82121276800007, 24.91776275600006], [85.8201904300002, 24.91996955900015], [85.82036590600018, 24.923618318000138], [85.8230972290001, 24.924449922000008], [85.82334137000015, 24.927930832000072], [85.82483673100018, 24.93214988800014], [85.82402801500001, 24.947280884000065], [85.8409194940001, 24.945800781999992], [85.84384155400011, 24.944660186000135], [85.84597015399999, 24.938829423000072], [85.84828949000007, 24.93798065300018], [85.85589599600007, 24.940731049000192], [85.8570480350001, 24.945930481000175], [85.85439300600007, 24.952241897000135], [85.8498077390002, 24.953350068000077], [85.84895324600006, 24.96026039200001], [85.84690857000004, 24.964189529000123], [85.84155273400006, 24.969390869999984], [85.83471679600007, 24.978219986000113], [85.83094787700009, 24.983070374000135], [85.83059692300014, 24.985490799000104], [85.84858703600014, 24.985210418999998], [85.8554763790001, 24.987531663000027], [85.85853576700009, 24.99192047100007], [85.86354828000015, 24.990671157000122], [85.87152862600016, 24.990301132000127], [85.8771972670001, 24.995370865000098], [85.88066864000018, 25.00233078100007], [85.92907714800003, 25.00246048000008], [85.93614196900006, 24.98479080200019], [85.94432067900016, 24.982810974000188], [85.94477844100004, 24.98900032100005], [85.94847869900013, 24.98583984400011], [85.96080017200006, 24.989469528000086], [85.96515655600007, 24.992389680000088], [85.97592163100006, 24.986101151000184], [85.98233795100015, 24.97551155200017], [85.98634338400018, 24.976411819000134], [85.98989868100011, 24.98030090400016], [85.99555969300008, 24.97829055700015], [85.9928131100001, 24.999090194000132], [86.12587738000019, 25.00128173900015], [86.12912750200019, 25.005912781000177], [86.1319198610002, 25.01152038700019], [86.132980347, 25.01517105100004], [86.13272094800016, 25.01823997400004], [86.13088226400004, 25.020860672000026], [86.13130950900018, 25.027730942000176], [86.13320159800014, 25.032592774000136], [86.13606262200005, 25.033630371000072], [86.13745880200008, 25.042579652000086], [86.13944244300018, 25.04897117700017], [86.14904785100003, 25.04645919899997], [86.15766143900004, 25.04534912200006], [86.16208648700007, 25.042070388000013], [86.17344665600007, 25.03611183200013], [86.17941284100016, 25.029630661000056], [86.18741607600003, 25.02437019400014], [86.19124603300008, 25.022600174000047], [86.20587921100008, 25.018720627000107], [86.20906066800012, 25.017150878000166], [86.20963287400008, 25.011850357000128], [86.20184326200018, 25.002122879000126], [86.2004089350001, 24.999019623000038], [86.2032623290001, 24.994131089000064], [86.21105957100008, 24.991899490000037], [86.21936035100015, 24.989700317000086], [86.22908020100004, 24.989950181000154], [86.23686218300014, 24.99501991300002], [86.23895263600019, 25.00197029200018], [86.23680877800007, 25.03757095300017], [86.23367309600019, 25.046052933000112], [86.23438262900015, 25.053840637000008], [86.23548889100005, 25.055610658000035], [86.25865173400013, 25.065160751000178], [86.27641296400009, 25.07712936400003], [86.28016662700009, 25.08050918700019], [86.29377746500006, 25.07682991000013], [86.30017089900002, 25.077268600000025], [86.30481720000017, 25.079790116000083], [86.30972290000017, 25.086999894000144], [86.30654144300013, 25.09758186400012], [86.30980682400019, 25.10504150400004], [86.31339263900014, 25.110260011000094], [86.36454772900004, 25.144229888000154], [86.39469909700006, 25.140790939000055], [86.41223907400013, 25.13743972700007], [86.40532684200019, 25.126609802000075], [86.40544891300004, 25.116149902000075], [86.40648651100014, 25.110652924000192], [86.40865326000005, 25.105680465999967], [86.39879608100011, 25.087860107000154], [86.38523864800004, 25.08792114200014], [86.38598632800006, 25.066539765000016], [86.38417053300003, 25.064781190000133], [86.37713623100012, 25.064159393000068], [86.37792968800017, 25.05871009800012], [86.38369750900017, 25.058160782000186], [86.38832855300018, 25.05676269500003], [86.38954925500008, 25.05468940700007], [86.38967132600015, 25.052450180000164], [86.38749694900008, 25.052520753000067], [86.38980865500008, 25.051700592000145], [86.39393615800009, 25.051969527000097], [86.40351867700008, 25.05059814500015], [86.40936279400017, 25.05161094800019], [86.41477203400007, 25.051460266000163], [86.43139648400017, 25.04610061700015], [86.43351745600017, 25.041669845], [86.43325042800006, 25.031892776999996], [86.43152618500017, 25.028898239000057], [86.43205261200012, 25.02085113600009], [86.43293762100006, 25.017459870000152], [86.43253326400009, 25.01338958700012], [86.43640899600013, 25.004070283000146], [86.43736267100007, 25.003509521000126], [86.43904876700014, 25.003492356000038], [86.44667816200018, 25.010971068999993], [86.4482116690001, 25.01107978900012], [86.44992828400012, 25.009420396000053], [86.44963073800005, 25.00213050900004], [86.45156097400007, 24.998849868000093], [86.45384216300005, 24.995380403000183], [86.45568084700011, 24.993400572999974], [86.45745086700003, 24.98977089000016], [86.46198272700019, 24.988969803000032], [86.46792602500005, 24.991109848000065], [86.47284698599998, 24.994131089000064], [86.47587585500008, 24.99406051600016], [86.4805374140002, 24.99211120700005], [86.48571014400011, 24.99012947200015], [86.49246215800008, 24.987911225000175], [86.49929046500012, 24.98479080200019]]]}}, {"type": "Feature", "properties": {"GID_3": "IND.5.13.1_1", "GID_0": "IND", "COUNTRY": "India", "GID_1": "IND.5_1", "NAME_1": "Bihar", "NL_NAME_1": "NA", "GID_2": "IND.5.13_1", "NAME_2": "Jehanabad", "NL_NAME_2": "NA", "NAME_3": "Jahanabad", "VARNAME_3": "NA", "NL_NAME_3": "NA", "TYPE_3": "Taluk", "ENGTYPE_3": "Taluk", "CC_3": "NA", "HASC_3": "NA"}, "geometry": {"type": "Polygon", "coordinates": [[[84.87017059300018, 25.06483459499998], [84.87059783900014, 25.07279396100006], [84.87167358400006, 25.07743263300017], [84.87380981400008, 25.080644608000114], [84.87523651100008, 25.08457183800016], [84.87523651100008, 25.08707046500001], [84.8720245350001, 25.09099578900009], [84.86774444500014, 25.09456443800002], [84.86881256200013, 25.102416993000077], [84.87059783900014, 25.109556198000064], [84.87310028100006, 25.11705207900002], [84.87452697700019, 25.122047424000073], [84.87023925900013, 25.124546051000152], [84.86702728300014, 25.12597465500005], [84.86702728300014, 25.12989997900013], [84.86702728300014, 25.134540559000186], [84.8638153080002, 25.13775253200015], [84.86025238100018, 25.14274978600008], [84.85917663600009, 25.14846038900015], [84.85917663600009, 25.151315690000047], [84.85774993900009, 25.154884338999977], [84.8588180540001, 25.161666870000147], [84.85774993900009, 25.169160844000032], [84.85846710200019, 25.17308807300003], [84.8588180540001, 25.177013397000053], [84.85560607900015, 25.181297302000075], [84.85275268500015, 25.184509278000064], [84.85239410300017, 25.188434602000143], [84.85239410300017, 25.19414520200013], [84.85132598800016, 25.198072434000153], [84.84918213000003, 25.199855805000027], [84.85311126700014, 25.204496384000038], [84.85489654500009, 25.21020698500007], [84.85675048899998, 25.21701049799998], [84.85954284800005, 25.216960906000168], [84.86100769100017, 25.22405052300013], [84.860687256, 25.23159980700018], [84.86148071300005, 25.234331130000157], [84.8690490730001, 25.244609834000073], [84.86666107100001, 25.248710632000098], [84.86831665100004, 25.251781463000043], [84.87399292000015, 25.251960754000095], [84.88188934300007, 25.255428314000085], [84.88508606000016, 25.261960983000165], [84.88240051400015, 25.265960694000057], [84.88099670300011, 25.270360946000153], [84.88529968200004, 25.277469634], [84.8895187380001, 25.282531739000092], [84.89565277000014, 25.284730912000043], [84.89866638100017, 25.290420532999974], [84.91042327899999, 25.291349412000045], [84.91430664100017, 25.292930603000002], [84.91716003500017, 25.29308128300005], [84.92073059000012, 25.28970909200018], [84.92005920400015, 25.286291122000023], [84.91512298500004, 25.278041841000004], [84.91921234100016, 25.27187919700009], [84.92349243200016, 25.26920127900007], [84.92961883600009, 25.268890382000166], [84.92983245900012, 25.27322006200012], [84.93428802500017, 25.274070740000184], [84.93115997400008, 25.278970719000142], [84.93618011400014, 25.286891938000167], [84.94055938700018, 25.28993988100018], [84.94911956800013, 25.288177491000056], [84.95510101300005, 25.287940980000087], [84.95786285500014, 25.289630891], [84.96275329700012, 25.29661941600017], [84.97141265800013, 25.291732788000104], [84.97290039000012, 25.30274963400001], [84.97289276200019, 25.307960510000044], [84.97860717700001, 25.30986976700001], [84.98593902600015, 25.321439744000145], [84.98963928200004, 25.320999146000077], [84.99796295200008, 25.321502685000098], [85.00459289500003, 25.320510864000028], [85.007232666, 25.318437576000065], [85.00614166200018, 25.30760955900007], [85.00859069700005, 25.30570984000019], [85.00849914500009, 25.29496955900015], [85.01169586200018, 25.29346084600013], [85.01898193400012, 25.292789459000062], [85.0234375, 25.286350250000112], [85.01905059700005, 25.27449035700016], [85.01297760000017, 25.273571014000026], [85.01756286500006, 25.267549514000052], [85.02099609300006, 25.26741981600003], [85.0256958010001, 25.272050858], [85.03337097100007, 25.27254104600007], [85.03481292800012, 25.273370742000168], [85.03627777200018, 25.278301240000076], [85.04048919700017, 25.27942276000016], [85.04305267400008, 25.281740189000118], [85.04612731900005, 25.282321931000126], [85.05001068100017, 25.284589768000103], [85.05310058500004, 25.285160064000024], [85.05816650300017, 25.28448105000018], [85.0622406010001, 25.29010963400009], [85.07077789400012, 25.283649444000105], [85.07588958800011, 25.282100678000006], [85.07752990700004, 25.279758454000046], [85.07713317900004, 25.276950837000186], [85.07847595200008, 25.275590895999983], [85.08474731300015, 25.28416061500019], [85.08902740399998, 25.283729553000057], [85.08870697100002, 25.28874969500015], [85.0946426390002, 25.289270402000113], [85.1060028070001, 25.280160905000002], [85.1052627570001, 25.276130676000093], [85.10578918400006, 25.27336120600006], [85.10912323000008, 25.273340225000027], [85.11154937700019, 25.27439117500012], [85.11421203600014, 25.273241043000155], [85.11926269600002, 25.27693939200003], [85.1198196420001, 25.279701233000026], [85.11814117500006, 25.281579972000088], [85.11216735800008, 25.284940719000076], [85.1106567380001, 25.293369294000172], [85.11167144700016, 25.297220230000107], [85.11711883500004, 25.297508240000127], [85.12200164900008, 25.30208015500017], [85.12510681200007, 25.309389115000045], [85.12462615900017, 25.316669464000142], [85.12931823700006, 25.316850662000036], [85.1433563220001, 25.314310075000094], [85.1517868050002, 25.311719894000078], [85.16039276100008, 25.305940628000087], [85.16340637200011, 25.306642533000172], [85.1650619510001, 25.30844116300011], [85.16722869800003, 25.309200286000134], [85.17370605400004, 25.30961990300011], [85.17794799800004, 25.304349898999988], [85.18061828600014, 25.2992210380001], [85.18123626700003, 25.29476165699998], [85.18004608100017, 25.292079926000042], [85.17521667500006, 25.286739349000072], [85.16986846900005, 25.278079987000183], [85.1697158820001, 25.272710801000187], [85.17534637400007, 25.270288468000047], [85.18588256800018, 25.26938820000015], [85.18910980100009, 25.265230178000024], [85.19468689000013, 25.264820099000133], [85.19902801600017, 25.265661240000156], [85.20414733800004, 25.265501023000127], [85.21202087500006, 25.262912750000112], [85.21041870200008, 25.257129669000108], [85.20680236800018, 25.256090165000046], [85.19090271000005, 25.258501053000032], [85.18850708000008, 25.256811141000185], [85.18712616000005, 25.253778459000102], [85.18257904000001, 25.249830245999988], [85.16925811800007, 25.24801063600006], [85.1661682130001, 25.24646186800004], [85.16433715800008, 25.23864936800004], [85.15806579600002, 25.23664093100018], [85.1587524410001, 25.230211257000065], [85.17022705100004, 25.22616958700013], [85.17420196500012, 25.22377014200009], [85.17492675900007, 25.219310760999974], [85.17378234800015, 25.212230682000097], [85.17266845800015, 25.210519792000127], [85.1685180660001, 25.20927047800012], [85.16631317100001, 25.206720351000115], [85.16541290300017, 25.19807052599998], [85.16452026400009, 25.196300508000093], [85.15921020500014, 25.19668960600012], [85.15764617900004, 25.194988251000154], [85.15892028900015, 25.190750123000157], [85.16366577100018, 25.181350708000025], [85.16114044300014, 25.170360565000124], [85.16146087600009, 25.165849686000172], [85.16275024400005, 25.165821075000053], [85.1652221670002, 25.167219163000084], [85.17022705100004, 25.17221069400017], [85.17424011200018, 25.171260834000066], [85.17327880900012, 25.16435051100001], [85.18061065800003, 25.162010194000118], [85.18316650500003, 25.16035080100005], [85.18627166800019, 25.151330948000066], [85.18605041500012, 25.147760391000133], [85.18029785100003, 25.148040772000172], [85.17704010000006, 25.147460937000062], [85.17159271300005, 25.145839690999992], [85.16828155500019, 25.14324951200018], [85.1662826540001, 25.13755989100008], [85.16581726000015, 25.129550935000168], [85.165657044, 25.125459671000044], [85.16713714600007, 25.119720459000177], [85.16320800700015, 25.112260820000188], [85.1611175540001, 25.102590562000103], [85.16751098600014, 25.101749420000147], [85.17787933300008, 25.10252952600007], [85.18205261300005, 25.105720521000023], [85.18622589100005, 25.106050491000133], [85.19078063900014, 25.107797623000124], [85.19449615600018, 25.10153961200001], [85.19837951600016, 25.10163116400014], [85.20182037400008, 25.099979402000088], [85.1976470940001, 25.09531974800018], [85.19625091600005, 25.092041015000063], [85.2038879390002, 25.07831192100008], [85.20877075200013, 25.074010850000093], [85.20926666300005, 25.064250945000026], [85.20778656099998, 25.060729980000133], [85.20445251500018, 25.059379577000186], [85.201698303, 25.05590057400019], [85.19728088400018, 25.0536708840001], [85.19278717100008, 25.05468940700007], [85.18228912400019, 25.054468154000176], [85.1795272820001, 25.061391831000094], [85.18621063300003, 25.06867027200019], [85.18737030000017, 25.071781158000192], [85.18499755800013, 25.07382011400017], [85.18309783900003, 25.073972703000095], [85.17875671400014, 25.072811126000147], [85.17487335200019, 25.070800782000106], [85.17064666800002, 25.070110322000176], [85.15744018500004, 25.069900513000107], [85.15821838400007, 25.060398102000192], [85.15621185200013, 25.056190490000006], [85.15360260000006, 25.053960801000187], [85.14286041200012, 25.056980134000185], [85.1382675160001, 25.056671143000074], [85.13401031400008, 25.05492973300005], [85.12915039100005, 25.04961967500003], [85.12724304200009, 25.04434013499997], [85.12684631299999, 25.03836059700012], [85.1231460570001, 25.02910804800007], [85.11698150600012, 25.020441054999992], [85.11003875800014, 25.014431001000105], [85.10256958100007, 25.00564956700009], [85.10079193000013, 25.001541137000117], [85.10044860900007, 25.00089073100014], [85.09990692100018, 25.00053024400006], [85.099136353, 25.000280380000163], [85.09819793600008, 25.000112535000028], [85.09710693300013, 25.00003051800013], [85.09599304300019, 24.999969483000143], [85.09490966700008, 24.99992942900019], [85.09388732900004, 24.999860763000186], [85.09297180100015, 24.999780654000062], [85.09216308600008, 24.999679565000122], [85.09146118300004, 24.999570846999973], [85.0908126830002, 24.999441148000187], [85.09026336700003, 24.99933052099999], [85.08975982600003, 24.999229431000174], [85.08930969200009, 24.999151230000166], [85.08892059400006, 24.99908065900013], [85.08856964200015, 24.99904823300011], [85.0882568350001, 24.99904823300011], [85.08801269600008, 24.999090194000132], [85.08780670200008, 24.999141694000116], [85.08764648400012, 24.999229431000174], [85.0875396740002, 24.99934959400008], [85.08748626700014, 24.999509811999985], [85.08748626700014, 24.999679565000122], [85.08751678500016, 24.999919891000104], [85.08757019000006, 25.00018119800012], [85.08761596700003, 25.00049972500011], [85.08764648400012, 25.00089073100014], [85.08748626700014, 25.001520158000062], [85.08126068200005, 25.001510619999976], [85.08069610600006, 25.000820160000046], [85.08004760800009, 25.00064086900005], [85.07924652100013, 25.000570298000184], [85.0784683220001, 25.00053024400006], [85.07776641900006, 25.00049972500011], [85.07720184200014, 25.000450135000108], [85.07678985500007, 25.00040054300007], [85.07643127400019, 25.000360489000116], [85.07617187400018, 25.000381470000036], [85.07595825200008, 25.00043106200019], [85.07579040600007, 25.000551223000116], [85.07563781700014, 25.00069999699997], [85.07547759900001, 25.000959397000145], [85.0752410880001, 25.001489639000113], [85.07145690800019, 25.004499435000128], [85.06378936800007, 25.00299072200005], [85.05967712400019, 25.00337028500013], [85.05619812000009, 25.004631042000085], [85.05352020200002, 25.00814056400003], [85.0510864260001, 25.017850876000182], [85.0497970580002, 25.034862518000182], [85.0448226920002, 25.035459519000085], [85.03275299200004, 25.03276825000006], [85.03270721500007, 25.028650284000037], [85.03050994900013, 25.027360917000067], [85.02960968000019, 25.02169990600015], [85.02813720800003, 25.01960945100012], [85.02559661900005, 25.01830101000013], [85.0200958260001, 25.021560669999985], [85.015762328, 25.022380827999996], [85.00578308100006, 25.02094078100015], [84.99312591500018, 25.01652908400007], [84.98737335300007, 25.019081115999995], [84.97692871100008, 25.020338058000107], [84.97090911900011, 25.017150878000166], [84.97931671100014, 25.012069703000122], [84.98287964000014, 25.00843048200005], [84.97466278000007, 25.006940842000063], [84.97084808300019, 25.00288009700006], [84.95771789600013, 25.004890441000157], [84.95551300000011, 25.000049592000096], [84.95630645700015, 24.99917984100017], [84.95536804300014, 24.994569778000027], [84.95255279600019, 24.99271965100013], [84.94924926700014, 24.99081993200008], [84.94599914600008, 24.98887062100016], [84.94281005900007, 24.986829757000066], [84.93969726600017, 24.984699250000062], [84.93698883000008, 24.982538224000166], [84.93534088200016, 24.981439590000036], [84.93370056100008, 24.98137092600001], [84.93208313000008, 24.981311799000025], [84.9311065660001, 24.981281280000076], [84.93045806800006, 24.982290267000167], [84.92856598000003, 24.98426055900012], [84.9276275630001, 24.985210418999998], [84.92775726400009, 24.988161087000094], [84.92793274000002, 24.99007034400006], [84.92823028600014, 24.99294090400008], [84.92913818400012, 24.99411964400008], [84.92967987000003, 24.999219895000067], [84.92724609300018, 25.0000991820001], [84.92230224600013, 25.00461006300003], [84.90866851700014, 25.012559891000024], [84.89219665500008, 25.02322006300011], [84.8926467890002, 25.031681061000086], [84.8789520270002, 25.03120040900012], [84.87951660100003, 25.03684806900003], [84.88977813700012, 25.04282951400012], [84.89930725100004, 25.045970915999987], [84.89872741700003, 25.060020447000113], [84.88743591300016, 25.059629441000084], [84.87983703600014, 25.06779098600009], [84.87017059300018, 25.06483459499998]]]}}, {"type": "Feature", "properties": {"GID_3": "IND.5.14.1_1", "GID_0": "IND", "COUNTRY": "India", "GID_1": "IND.5_1", "NAME_1": "Bihar", "NL_NAME_1": "NA", "GID_2": "IND.5.14_1", "NAME_2": "Kaimur", "NL_NAME_2": "NA", "NAME_3": "Bhabua", "VARNAME_3": "Bhabhua", "NL_NAME_3": "NA", "TYPE_3": "Taluk", "ENGTYPE_3": "Taluk", "CC_3": "NA", "HASC_3": "NA"}, "geometry": {"type": "Polygon", "coordinates": [[[83.7619323720001, 25.387910844000032], [83.76715087900016, 25.384431839000058], [83.77002716100009, 25.380701065999972], [83.77082824700011, 25.372510910000187], [83.77194976900017, 25.369031907000192], [83.77530670100009, 25.37024116600014], [83.77996826200007, 25.370689392000088], [83.78761291500012, 25.368770600000175], [83.79135894800004, 25.37066078100014], [83.79553222700008, 25.368450165000183], [83.79550933800004, 25.371389390000104], [83.80075836200001, 25.372039795000035], [83.80258941700009, 25.36976814400009], [83.8031005860002, 25.36624908400006], [83.80696869000013, 25.36500930799997], [83.80647277900005, 25.362211227000046], [83.82325744600018, 25.347970963000023], [83.82897186300005, 25.346879958999978], [83.83403778100012, 25.344881058000055], [83.83631897000015, 25.342309952000164], [83.8347167980001, 25.340831756000057], [83.83763122700009, 25.337360383000146], [83.84284210100014, 25.33621978700012], [83.85656738200004, 25.329269409000062], [83.8578033450001, 25.32674980100012], [83.86145019500003, 25.323930741000083], [83.86350250200013, 25.32056808600015], [83.8676071160001, 25.316379547000054], [83.8710784920001, 25.314821243999972], [83.87684631399998, 25.31488990800017], [83.8795623790001, 25.310329437000064], [83.88609314000018, 25.30487060600018], [83.88877105800009, 25.301490784000123], [83.89160919100016, 25.29487037700011], [83.88867950400015, 25.291170120999993], [83.88916015600012, 25.28693962], [83.88825225900001, 25.283710479000092], [83.88936615099999, 25.281190873000185], [83.88958740200013, 25.27201080300017], [83.891937256, 25.26731109600007], [83.89218139600013, 25.264930726000102], [83.89034271200006, 25.263830185000074], [83.87970733600008, 25.26586914000012], [83.87654113800016, 25.264570237000044], [83.87674713200016, 25.26132965000005], [83.87915802000015, 25.259290695000175], [83.87856292700019, 25.254739761000053], [83.87380981500019, 25.253749848000155], [83.85833740200013, 25.253610611000056], [83.85633850100004, 25.24659919700008], [83.84844207800012, 25.24806976399998], [83.84385681100008, 25.24529266400009], [83.82697296200013, 25.24502944900007], [83.82099914500009, 25.23347091700009], [83.81714630200008, 25.22001266400008], [83.80999755900001, 25.22088813800019], [83.80972290100004, 25.217901230000166], [83.80758666900005, 25.21874046400012], [83.80667877200017, 25.21543121400009], [83.80058288600009, 25.215410233], [83.80059051600017, 25.210060120000094], [83.80616760200013, 25.206119538000053], [83.80864715600012, 25.201349259000153], [83.80738830500013, 25.184240341000134], [83.80050659200015, 25.179239273000007], [83.81404876700003, 25.17510986300016], [83.81450653100006, 25.165040971000167], [83.81809234600018, 25.163431168000102], [83.81748199500004, 25.153591157000108], [83.807922362, 25.153770447], [83.80828857400013, 25.147199632000024], [83.81212615900012, 25.14686012400017], [83.81169891400003, 25.140541077000023], [83.81062316900011, 25.134412766000025], [83.80652618400012, 25.12436103900012], [83.8010330190001, 25.11524963500011], [83.80146789500003, 25.109960557000193], [83.80422210600011, 25.102209091000077], [83.81063842700013, 25.093250274000184], [83.81611633300002, 25.07953834600005], [83.8186569200002, 25.058429718000014], [83.81362152200012, 25.04146957500018], [83.81585693400018, 25.03930091900014], [83.81543731699998, 25.038019181000152], [83.81046295099998, 25.034280778000152], [83.80829620400004, 25.03154182500009], [83.80120086700015, 25.024940491000166], [83.80078125000017, 25.02594185000015], [83.7984771720001, 25.023559571000135], [83.79786682100013, 25.021518708000087], [83.79561615000017, 25.018800736000117], [83.79225921600005, 25.011800767000068], [83.79203033500005, 25.009029388000044], [83.79290771600006, 25.007619859000044], [83.79608917300015, 25.006200790000094], [83.80005645800003, 25.001991273000044], [83.80198669400005, 24.994161606000148], [83.79885101200011, 24.993490219000137], [83.79727172800006, 24.99211120700005], [83.79711914100011, 24.98979759200006], [83.79957580600006, 24.98892021300003], [83.80309295600011, 24.98958015400018], [83.81166076700015, 24.992401123000093], [83.81307983400006, 24.990600586000028], [83.80467987000014, 24.985811234000096], [83.80055236900012, 24.97976112400005], [83.80004882800012, 24.972061158000145], [83.8033065790001, 24.96589851400006], [83.80399322500006, 24.961492538000186], [83.80126190200014, 24.959640503000173], [83.79325103700018, 24.962251663000018], [83.79170226999997, 24.95994949300018], [83.79602050700015, 24.957149506000007], [83.79814147900015, 24.954301833000045], [83.79560089200015, 24.952869416000112], [83.78988647500012, 24.951290132000167], [83.78887176500018, 24.949211122000122], [83.79064941500019, 24.94401168800016], [83.7861709600001, 24.94202041700015], [83.78513336200007, 24.93942070100013], [83.78057098300013, 24.940771104000078], [83.77790069500014, 24.93663025000012], [83.77136993400006, 24.931310653000025], [83.77377319400017, 24.929109573000176], [83.76908111500018, 24.925460816000168], [83.765701294, 24.917449951000037], [83.75876617400013, 24.915649413999972], [83.75739288400018, 24.913761138999973], [83.75779724100016, 24.909830094000085], [83.75672149600007, 24.90685272200011], [83.75737762400018, 24.902700424999978], [83.75656128000014, 24.899829865000186], [83.75332641600016, 24.898349761000077], [83.75448608300013, 24.891309739000064], [83.75244903500015, 24.88821029600001], [83.75012969900007, 24.88667106600002], [83.74851989800004, 24.884479524000085], [83.74774932800005, 24.8806896210001], [83.74868011400014, 24.877981187000046], [83.75475311299999, 24.874021531000153], [83.74938201900005, 24.87059021000016], [83.7499160770002, 24.867019653000057], [83.7466659540001, 24.866979599000103], [83.74286651600016, 24.869541169000172], [83.73999023400006, 24.863969803000145], [83.73654937800006, 24.86382293800017], [83.73494720500014, 24.859840394000173], [83.73211670000012, 24.858482361000142], [83.72854614300002, 24.85309028600011], [83.72171020500019, 24.85086822600016], [83.72091674799998, 24.84760093800014], [83.71784210100009, 24.84595108100018], [83.71710967900003, 24.840419769000107], [83.71163940500003, 24.83716011100006], [83.71154785100009, 24.833650589000115], [83.72017669800005, 24.827379228000154], [83.72183990600018, 24.82431030200007], [83.72200775100015, 24.820690155000136], [83.72074127200005, 24.817520141000045], [83.72270202600009, 24.809852600000056], [83.72431945700009, 24.80788040200008], [83.73184204200015, 24.806741714000054], [83.7395477300002, 24.80410957300012], [83.74613189700005, 24.803829194000116], [83.7497787480001, 24.804439545000093], [83.7524108880001, 24.801839829000073], [83.75589752200011, 24.79986000100007], [83.7649917600001, 24.79870987000004], [83.76905822800012, 24.795280457000047], [83.76891326900011, 24.792011261000084], [83.76725769100011, 24.78895950300017], [83.76805877700014, 24.786012650000146], [83.77054595800013, 24.783060074000105], [83.77439117400013, 24.76793098500019], [83.7778015130001, 24.76041984599999], [83.77079773000014, 24.76163292000018], [83.77025604200009, 24.75839996300016], [83.77220153800016, 24.750722886000062], [83.77456665100016, 24.74574279800015], [83.77484893700006, 24.739641189000054], [83.76722717300004, 24.738300324000193], [83.76529693700002, 24.737051010000016], [83.75782776000011, 24.728790282999967], [83.75756073000008, 24.725521088000107], [83.759597778, 24.723829271000056], [83.76049041700009, 24.721349717000066], [83.75736999600008, 24.721651077000104], [83.75463104200014, 24.720872880000115], [83.75350952200006, 24.718280793000133], [83.75417327900016, 24.71608924800006], [83.75698089500014, 24.712781905999975], [83.75894165000011, 24.70615005500008], [83.7580261240002, 24.70365905800014], [83.75505066000005, 24.705129624000108], [83.75460815399998, 24.708129883000083], [83.75300598100006, 24.710960388000103], [83.73842620800013, 24.68523979200006], [83.73348236100009, 24.674371721000114], [83.72608184700005, 24.66686058100015], [83.72603607200011, 24.660181046000048], [83.72434234600013, 24.658929825000143], [83.72263336100019, 24.65611076300013], [83.72425079400017, 24.655580520000058], [83.72663116500001, 24.65262985200019], [83.7249679570001, 24.647800446000076], [83.73133850100015, 24.645111085000053], [83.73414611800018, 24.643140792000167], [83.7354278570001, 24.63908958500008], [83.74492645300018, 24.63265037600013], [83.74603271500001, 24.628890992000095], [83.74653625500014, 24.622030258000166], [83.74356079100016, 24.616109848000065], [83.74127960200013, 24.613359452000054], [83.7397766110002, 24.613029481000183], [83.73738861200007, 24.609582902000056], [83.7331008910001, 24.596469880000086], [83.7325210570001, 24.592489244000035], [83.73255920300005, 24.58962058999998], [83.73945617600009, 24.581390381000176], [83.74127197200005, 24.57792091400006], [83.73725128100017, 24.569879532000186], [83.7331619260001, 24.56603050199999], [83.72801971500019, 24.56283950900007], [83.71232605000012, 24.560169219999977], [83.7101898200001, 24.55845260600006], [83.71066284200015, 24.555799485000023], [83.71009063800005, 24.5526275630001], [83.70635986300005, 24.545690536000166], [83.70112609800015, 24.54329109100013], [83.69544219900013, 24.542690278000066], [83.69085693400012, 24.543170930000088], [83.68917083800005, 24.542320253000128], [83.68562316900005, 24.542110443000183], [83.67433166500012, 24.5421695710001], [83.66371154699999, 24.545280457000104], [83.6597061170001, 24.54887008700007], [83.65618896500001, 24.555570604000025], [83.65310669000019, 24.557090759999994], [83.65123748800005, 24.554452896000043], [83.63771820100015, 24.54519271800018], [83.63150787300003, 24.543430328000056], [83.62159729100017, 24.542499542000144], [83.60029602000009, 24.541740418000188], [83.5755767820001, 24.54359245300003], [83.54891967800017, 24.54465103200016], [83.52629089300007, 24.542900085000156], [83.52229309000012, 24.544469834000097], [83.51718139600013, 24.54916954099997], [83.51793670600011, 24.554941177000046], [83.52458953800004, 24.567300796000154], [83.52400207500006, 24.575021743000093], [83.52514648400012, 24.58019828800002], [83.52498626700014, 24.585039139999992], [83.52350616500007, 24.587820053000144], [83.51999664300013, 24.591011047000052], [83.51721954300018, 24.598730087000092], [83.51743316700009, 24.603229522000163], [83.52555847100001, 24.613689422000164], [83.53453063900008, 24.61560058700013], [83.53843688900014, 24.621629715000154], [83.54171753000008, 24.62455940199999], [83.54141235400004, 24.626180650000038], [83.53890991200012, 24.627742768000132], [83.52068328800016, 24.63001060500011], [83.524192809, 24.642099381000094], [83.52394104000007, 24.64435005200005], [83.52169036900011, 24.644531250000114], [83.51590728800005, 24.642820358000165], [83.50717163200005, 24.649370194000085], [83.50251007100007, 24.648710251000125], [83.49971771200006, 24.649410248000038], [83.49752044700006, 24.651660918999994], [83.497047425, 24.659219743000165], [83.49948120100015, 24.668479920000095], [83.50218200800003, 24.671581268000068], [83.5131912240002, 24.67892074600013], [83.51370239300013, 24.681150436000053], [83.51264953600014, 24.68341064400005], [83.50917053300014, 24.68474960400016], [83.49990081800013, 24.69453048800011], [83.49571228000013, 24.696220397000047], [83.49498748800005, 24.70268058700009], [83.49205017100007, 24.70516014100008], [83.48960876400014, 24.705858231000093], [83.48589325, 24.702711106000038], [83.48335266100003, 24.702959060000126], [83.48071289200004, 24.705732345000172], [83.47997284000007, 24.709938050000062], [83.48036956800007, 24.716209410999966], [83.48327636700014, 24.722770690999994], [83.48332214400011, 24.731069565000098], [83.48245239300019, 24.7349395760001], [83.47984313900008, 24.737831116999985], [83.47532653700017, 24.738019942999983], [83.47174835200013, 24.735670091000088], [83.46695709199997, 24.73452758700006], [83.4624328610002, 24.735130310000102], [83.45308685200007, 24.733320236000054], [83.444671631, 24.740449905000162], [83.4414672850001, 24.74403000000018], [83.43424224900008, 24.756849288000183], [83.42542266800012, 24.76311111400014], [83.4194183350001, 24.769870758000025], [83.41129302900015, 24.775320054000076], [83.4034423830002, 24.776670456999966], [83.39409637500017, 24.779470443000037], [83.3868026740002, 24.78421974300005], [83.38633728000008, 24.786590577000084], [83.38849639799997, 24.791540146000102], [83.39254760799997, 24.79710960500006], [83.38990020700004, 24.80185127200008], [83.39006042400007, 24.804420472000174], [83.39559936600006, 24.810991288000082], [83.39566802900015, 24.815599441000074], [83.39492797900004, 24.820209504000047], [83.39131164500014, 24.823158265000075], [83.38963317900016, 24.82715034500012], [83.39038848900015, 24.833080293000137], [83.38915252700019, 24.836071015000186], [83.38527679500015, 24.840070725000146], [83.38250732500018, 24.840259552000077], [83.38076019300019, 24.843030929000122], [83.38101959300013, 24.844459534000123], [83.3786468510001, 24.84613990700018], [83.36827087300014, 24.863180161000173], [83.35575103900004, 24.868650437000156], [83.35399627700014, 24.870611191000023], [83.35724639900013, 24.87352752800001], [83.36316680900006, 24.876970292000124], [83.36424255400016, 24.87858009500019], [83.36386871400015, 24.88043975900007], [83.36180114700005, 24.88233947800012], [83.3562316890002, 24.884309768000094], [83.35489654600013, 24.88553810100018], [83.3550567630001, 24.887479782000185], [83.35617828400012, 24.889219284000035], [83.35962677000015, 24.89018058800019], [83.36001586900011, 24.891849519000118], [83.35138702400019, 24.903060914000093], [83.35121154800004, 24.906232833000047], [83.35202789400006, 24.907840729000043], [83.35598755000012, 24.909839630000135], [83.35730743400012, 24.91140174800006], [83.35803222600003, 24.913990021000075], [83.35735321100009, 24.919240952000166], [83.35852050800008, 24.937400819000175], [83.35761261100004, 24.945989609000094], [83.35790252700002, 24.951629638000043], [83.35701751800008, 24.955352783000137], [83.34938049300013, 24.959529878000183], [83.34629821800013, 24.96294975300009], [83.34393310500008, 24.963880539000172], [83.3384628290001, 24.963550569000063], [83.34052276500017, 24.97481918400007], [83.34040832500011, 24.979219435999994], [83.34593200600017, 24.992090226000187], [83.34619903600009, 24.99596023500004], [83.34487915000011, 25.00262069700011], [83.34387207000009, 25.010482788000047], [83.3420867910001, 25.011461259000043], [83.3390960690001, 25.011890412000128], [83.32765197700019, 25.016321182000127], [83.31965637200005, 25.015541078000012], [83.31817627000015, 25.017320634000043], [83.3160705570001, 25.027339935999976], [83.31649780200019, 25.038381577999985], [83.31784057700014, 25.041650771000036], [83.32345581000015, 25.048051834000034], [83.32145690900006, 25.05243110600003], [83.3219223010002, 25.055830003000153], [83.32495117300016, 25.055971145000115], [83.32624053900008, 25.055389405000085], [83.32711792000015, 25.053390504000163], [83.330169678, 25.050979614000028], [83.33210754300006, 25.05050087100011], [83.33380889800003, 25.050991059000125], [83.33360290600007, 25.05803108200007], [83.33123779300001, 25.059829713000113], [83.32778167800018, 25.061000825000065], [83.3312072760001, 25.07335281400003], [83.332221984, 25.082460404000074], [83.33351135200013, 25.084791183000107], [83.33669281100003, 25.086349488000167], [83.33802795300016, 25.08806037900007], [83.34031677299998, 25.09864997900013], [83.34012603700006, 25.112400054000148], [83.342887878, 25.1124801630001], [83.34783935600007, 25.11079978900017], [83.35375976500012, 25.110372544000086], [83.3573608390002, 25.124191284000176], [83.35762786900005, 25.12792015100007], [83.3521270760001, 25.131219864000172], [83.35399627700014, 25.14017105000005], [83.35343933100006, 25.149160386000062], [83.3524703980001, 25.151821136000137], [83.35080719000013, 25.15339088500008], [83.34320831300016, 25.158670425000082], [83.3450927740002, 25.16669082600015], [83.34673309400006, 25.1695995340001], [83.34813690200019, 25.178600311000082], [83.342247009, 25.178859711000086], [83.33801269500015, 25.179910660000075], [83.3353576660001, 25.18139267000015], [83.33586120700011, 25.183570862000067], [83.34121704000017, 25.185550688999967], [83.3439483630001, 25.187402726000187], [83.34739685000005, 25.193040848000066], [83.34960937600016, 25.198940277000133], [83.35597228900019, 25.198661804000096], [83.36026001000016, 25.196350098000096], [83.3666229260001, 25.200330734000147], [83.37210083000019, 25.201110841000116], [83.37455749500015, 25.202510834000066], [83.3777084350001, 25.20965957700008], [83.37957763800011, 25.21175003200011], [83.38173675600007, 25.210798265000165], [83.38535308800016, 25.20602989200006], [83.38822174000018, 25.20700836200001], [83.38999176099998, 25.21163940400004], [83.38990020700004, 25.214120865000098], [83.39113616899999, 25.215589524000052], [83.39505004800009, 25.216909409000095], [83.39597320600012, 25.22252082900019], [83.39727783200004, 25.22521019000004], [83.40151214600007, 25.23003006100015], [83.40233612100013, 25.23755073600006], [83.40416717500011, 25.24241066100012], [83.40690612800017, 25.247249603000114], [83.40927123900019, 25.249280930000054], [83.4170684820001, 25.24611091700018], [83.41934204100016, 25.2463607790001], [83.41854858400018, 25.252069474000166], [83.41934204100016, 25.25332069500007], [83.42251587000015, 25.252241133999973], [83.42872619600007, 25.244489671000167], [83.43136596700009, 25.244501114000116], [83.43115234400011, 25.250080108000077], [83.433219909, 25.253561021000053], [83.43979644700005, 25.259201050000172], [83.44294738700017, 25.25926017800009], [83.45355224700012, 25.251279832000023], [83.45729064900019, 25.250410081000098], [83.46028137200011, 25.251970292000124], [83.46325683600008, 25.256408692000036], [83.47043609500014, 25.2626781460001], [83.47191619900008, 25.26545906100006], [83.47004699700011, 25.26922989000019], [83.47101593000008, 25.272148132000098], [83.48026275600012, 25.282409668000184], [83.48206329300012, 25.28289031999998], [83.48619842600004, 25.279502869000112], [83.48961639400005, 25.281169892000094], [83.49127960200019, 25.286590576000094], [83.4947662350001, 25.28729057400011], [83.49572753800015, 25.284402847000024], [83.4968872070001, 25.283000946000072], [83.49820709200014, 25.28297042900016], [83.50260162300003, 25.289571761000104], [83.50807189900002, 25.286199570000065], [83.51117706200017, 25.287820816000078], [83.51795196500001, 25.29323959300018], [83.51690673800016, 25.29846954300018], [83.51693725700011, 25.300609588000043], [83.5180664070001, 25.30248069800018], [83.52002716100014, 25.3033218380001], [83.52310180600006, 25.300451279000185], [83.52561187800012, 25.299539566000192], [83.52879333500016, 25.30144119200014], [83.53118133500004, 25.304510116000017], [83.5425796510001, 25.30932044900004], [83.54531097400019, 25.309850694000147], [83.54664611900012, 25.311609269000087], [83.54435729900007, 25.313142776000007], [83.533149719, 25.31287193300011], [83.5346527100001, 25.315200807000053], [83.5394668580002, 25.317649842000094], [83.54747772300016, 25.315851212000155], [83.55123138400012, 25.31389236600006], [83.55430603000019, 25.314069749000055], [83.56088256900011, 25.316080093000153], [83.56426239000007, 25.315851212000155], [83.56289672800006, 25.309658050000166], [83.56417083800017, 25.308149339000124], [83.56938171399997, 25.310131072000047], [83.57224273600013, 25.317619323000145], [83.57788086000016, 25.316648483000108], [83.5788269040001, 25.31726837200017], [83.5808181750001, 25.322349549000023], [83.583892822, 25.324890136000192], [83.58805847200006, 25.32644081100011], [83.60320281900016, 25.331569672000057], [83.6072158820001, 25.33230972400014], [83.61065673800005, 25.332590104000076], [83.61464691100008, 25.33166122400013], [83.62005615200007, 25.328580857000077], [83.62238311800007, 25.32952118000003], [83.62477111800013, 25.33493804900013], [83.62835693300008, 25.336250306000068], [83.62898254500016, 25.337909699000136], [83.62847900400016, 25.34113121000013], [83.62996673600014, 25.343240738000077], [83.63182830800014, 25.342050553000092], [83.63877105800009, 25.34015274100011], [83.64250183100017, 25.34111976700018], [83.64440155000005, 25.34500122100019], [83.64657592700007, 25.34720039400014], [83.64351654100011, 25.354440689000114], [83.64540863000008, 25.357641221000108], [83.65022277800011, 25.35910034200009], [83.65059661800012, 25.361570357999994], [83.64965820300006, 25.365440369000055], [83.65020751899999, 25.36795997700017], [83.65616607599998, 25.36366081300008], [83.65879821700008, 25.36302948100007], [83.66020202700008, 25.363870620000114], [83.65791320800014, 25.369211198000187], [83.66020965600006, 25.371000289000165], [83.664779662, 25.366899490000037], [83.66908264100016, 25.364461898000172], [83.6722183230001, 25.364589691000162], [83.6789932260001, 25.36658096200017], [83.68628692700008, 25.369449616000054], [83.68897247300004, 25.371288300000117], [83.68784332300004, 25.374141694000116], [83.67681884900003, 25.376750946000186], [83.67520141600005, 25.378391265999994], [83.67626953100006, 25.38170051600008], [83.68940734900013, 25.38585090700019], [83.69277954200004, 25.393770219000146], [83.69458007800012, 25.396099090000007], [83.69628143300014, 25.396350860000098], [83.69893646300005, 25.388191223000035], [83.70140838600003, 25.38585090700019], [83.70400238000008, 25.386148454000022], [83.70947265600012, 25.39525032100005], [83.71540069600013, 25.399232865000045], [83.71806335400015, 25.399810791999982], [83.7253112790001, 25.397670746000017], [83.72717285100009, 25.398500443000046], [83.72944641200019, 25.40621948200004], [83.73250579800003, 25.41060066200015], [83.73494720500014, 25.40933036800004], [83.73784637400013, 25.400890350000168], [83.74060058499998, 25.400209428000096], [83.74198150700005, 25.40059089600004], [83.74809265100015, 25.404340744000024], [83.7507019040001, 25.404970169000137], [83.75332641600016, 25.404169083000113], [83.75805664100017, 25.401210785000103], [83.75887298600009, 25.400510787000087], [83.75195312500017, 25.39839172300009], [83.749717712, 25.396770477000075], [83.74973297100013, 25.39206123400004], [83.7619323720001, 25.387910844000032]]]}}, {"type": "Feature", "properties": {"GID_3": "IND.5.15.1_1", "GID_0": "IND", "COUNTRY": "India", "GID_1": "IND.5_1", "NAME_1": "Bihar", "NL_NAME_1": "NA", "GID_2": "IND.5.15_1", "NAME_2": "Katihar", "NL_NAME_2": "NA", "NAME_3": "Katihar", "VARNAME_3": "NA", "NL_NAME_3": "NA", "TYPE_3": "Taluk", "ENGTYPE_3": "Taluk", "CC_3": "NA", "HASC_3": "NA"}, "geometry": {"type": "Polygon", "coordinates": [[[87.54744720400015, 25.330940247000115], [87.53762817400019, 25.33012962400005], [87.53227234000008, 25.33529090899998], [87.52321624800004, 25.341409683000165], [87.52610015800008, 25.351150514000096], [87.52472686900006, 25.355171204999976], [87.52374267500016, 25.35462951700009], [87.52211761400008, 25.34720993000002], [87.5110473630001, 25.351289748000113], [87.50518035800008, 25.351240158000053], [87.49816894500003, 25.34949111900005], [87.48338317899999, 25.36650085600013], [87.4717559820001, 25.365060806000145], [87.4559707640002, 25.364482879000036], [87.45060730000017, 25.35904121400017], [87.44035339300007, 25.361408235], [87.43586731000005, 25.364749909000125], [87.4302368160001, 25.380050659000062], [87.42624664400017, 25.373529435000023], [87.42381286500017, 25.375471116000142], [87.42112731899999, 25.37499999900018], [87.41394805800007, 25.37763977000003], [87.40431976400015, 25.379760741999974], [87.40232086300006, 25.384260178000147], [87.40413665800008, 25.389780044000133], [87.37483215300006, 25.402959824000163], [87.36392211900011, 25.405921936000084], [87.36110687200016, 25.40810012800017], [87.36231231600004, 25.422670365000045], [87.35118865999999, 25.41476249700014], [87.34105682500007, 25.41366005100008], [87.3372726450001, 25.41506958000008], [87.33399200400004, 25.415081025000006], [87.32729339500008, 25.41212081900005], [87.32168579199998, 25.40796089100013], [87.31347656200006, 25.40740966800007], [87.30182647700008, 25.40170288100012], [87.299880981, 25.402299881000147], [87.28936767500005, 25.398269654000046], [87.2799911510001, 25.373638153000115], [87.27420043900008, 25.3622894290001], [87.2671127320001, 25.35715293800007], [87.26380920500009, 25.35244178700009], [87.26081085200002, 25.35106277500006], [87.25984191900005, 25.353620530000057], [87.27134704600013, 25.369430543000135], [87.26033020000006, 25.37382125900018], [87.24166107200011, 25.37857055699999], [87.2319412240002, 25.375129700000173], [87.22809600900013, 25.37782096899997], [87.22882843100012, 25.379159927000103], [87.22306823800005, 25.38289833200008], [87.22292327900004, 25.385150910000107], [87.21575164800004, 25.389909745000125], [87.21411895700004, 25.393079759000045], [87.21349334700017, 25.39666938700003], [87.21698761100009, 25.400051118000192], [87.21658325200013, 25.403869628999985], [87.21485900900018, 25.407449722000024], [87.21277618400006, 25.409250259000032], [87.19877624500015, 25.414850234000028], [87.20346832200016, 25.42738914400013], [87.21021270800003, 25.428810121000026], [87.21534728900008, 25.43086051900019], [87.21817016600016, 25.43403244000018], [87.22431945700009, 25.443349839000064], [87.22529602000014, 25.45127105800009], [87.22872161800007, 25.46063041700006], [87.22725677500011, 25.461839676000068], [87.22557830800008, 25.469909669000117], [87.22270965600006, 25.473360061000164], [87.20802307100018, 25.48110961900005], [87.20755767900005, 25.48343276999998], [87.20633697500011, 25.483711243000016], [87.20854187000003, 25.49951934900008], [87.20391082800018, 25.500669480000113], [87.20394897500006, 25.50284958000003], [87.2023086550002, 25.50435066300014], [87.20289611800007, 25.506059648000075], [87.20952606100019, 25.506210328000066], [87.21707153300008, 25.50748062200006], [87.21942901600005, 25.519372940000096], [87.22306823800005, 25.523710250000136], [87.22297668400012, 25.53029060400013], [87.22030639600013, 25.534299851000128], [87.22274017300015, 25.536581041000034], [87.2290725700002, 25.53718948400001], [87.23877716000004, 25.539819718000047], [87.2402191170001, 25.54564094500006], [87.24162292500006, 25.546909332000098], [87.24539947500006, 25.548601151000184], [87.25112915100004, 25.549190522000004], [87.25377655000011, 25.55519104000018], [87.25650787300009, 25.55704116900006], [87.26175689600018, 25.557710648000125], [87.2647476190001, 25.565139771000077], [87.25710296600005, 25.567792893000046], [87.26062011800008, 25.570590972000048], [87.25469970800015, 25.578071594999983], [87.25746154800004, 25.588148117000117], [87.2537231450001, 25.591060639000034], [87.25270843500016, 25.596918105999976], [87.24794006400003, 25.59766960100012], [87.2492523200001, 25.610412598000096], [87.25108337400007, 25.6149997710001], [87.25166320800008, 25.62038993800013], [87.24614715500013, 25.620540619999986], [87.24616241500013, 25.625089646000163], [87.25055694600019, 25.635049820000063], [87.2560272230001, 25.63881111100011], [87.26159667900015, 25.640560151000045], [87.26770019500015, 25.641300203000185], [87.27202606200001, 25.64320755000017], [87.26550292900004, 25.64875984200006], [87.25721740600011, 25.652870178000114], [87.2519760130001, 25.66677093600009], [87.25554657000004, 25.668951033999974], [87.25181579600007, 25.674850465000077], [87.24762725900018, 25.678569794000055], [87.2405929570001, 25.688341142000127], [87.23719024700011, 25.696300507000103], [87.23705291800019, 25.698310852000077], [87.23985290500013, 25.703681946000017], [87.24574279800015, 25.708339692000152], [87.24875640900018, 25.70828819200011], [87.254898072, 25.71688270700008], [87.26328277500005, 25.714532852000048], [87.26628112800006, 25.714010240000164], [87.26857757600015, 25.714611053000056], [87.27126312200016, 25.713720321000096], [87.26921844600008, 25.710680009000043], [87.27047729500003, 25.70446968100009], [87.27350616400008, 25.701309205000086], [87.2889328, 25.701120376000176], [87.29447174199998, 25.699350358000117], [87.29763794000013, 25.696519853000098], [87.29859924300018, 25.69222068900001], [87.30842590300006, 25.693000793000124], [87.31083679100004, 25.689041138000107], [87.31838226200006, 25.68650054900013], [87.32791900700016, 25.686309814000083], [87.33143615700004, 25.68461990300017], [87.33333587600009, 25.681610107000154], [87.33769989000001, 25.6827697760001], [87.34690094100006, 25.68241119400011], [87.3516082770002, 25.686429978000092], [87.3554763800002, 25.686681747000023], [87.36045074400005, 25.685689926000123], [87.37004852300004, 25.68002128700016], [87.37335968100007, 25.680629731000067], [87.37635040300012, 25.6827697760001], [87.38298797700003, 25.680850983000084], [87.38656616200007, 25.682132721000073], [87.39655304000001, 25.677431106000142], [87.40770721500019, 25.678308487000038], [87.40899658100011, 25.674591065000072], [87.42549896200012, 25.676290512000094], [87.4292984000001, 25.68057060300015], [87.45024871900006, 25.679870605000133], [87.47126007100002, 25.681970596000042], [87.47711944600019, 25.681800843000133], [87.48107147300004, 25.671678544000088], [87.48338317899999, 25.673080445000153], [87.48388671800018, 25.6701908120001], [87.48649597200006, 25.66755294800015], [87.50142669700006, 25.668172836999986], [87.502380372, 25.670890809000184], [87.50055694600013, 25.678270340000154], [87.50596618700018, 25.676401138000188], [87.51638031000005, 25.674419402000183], [87.51782226500006, 25.67270088200013], [87.52321624800004, 25.671850204000066], [87.52571868800015, 25.67277908300008], [87.52581024200009, 25.678928376000044], [87.5248260510001, 25.681161881000037], [87.52770996100014, 25.681680680000056], [87.5313491820001, 25.685382843000014], [87.53556060900013, 25.68511009300005], [87.53282928400017, 25.679292678000024], [87.53450775200014, 25.674140929000146], [87.53225707900015, 25.66906166100017], [87.53421783400012, 25.666450501000156], [87.53694915700004, 25.66669082700014], [87.54041290400005, 25.66937065100018], [87.5448532100001, 25.66942024299999], [87.54846954400017, 25.667259217000094], [87.54783630400016, 25.66390037499997], [87.55570983800004, 25.659490585000185], [87.56005859400017, 25.65891265800002], [87.56505584600012, 25.659280778000152], [87.56775665300017, 25.65612030000011], [87.56974792599999, 25.657070159000114], [87.57086181600016, 25.661640168000133], [87.56980895900017, 25.670890809000184], [87.56595611600017, 25.67346954300001], [87.54910278400013, 25.679670333000047], [87.54942321800019, 25.68098068200004], [87.55570221000016, 25.682811737999998], [87.54975891200007, 25.68437004100008], [87.55374908400017, 25.685930252000105], [87.55626678400012, 25.68560981700017], [87.5649185170002, 25.68151283200018], [87.56520843600009, 25.68224906900008], [87.56813049300001, 25.68224906900008], [87.56803894100011, 25.68461036700006], [87.56920623800016, 25.685319901000184], [87.57801055800013, 25.68415069600013], [87.5891418450002, 25.687280655000052], [87.59205627400019, 25.687320709000176], [87.59535980100003, 25.686340333000032], [87.59755706700014, 25.683250428000065], [87.60018921000005, 25.68406105100007], [87.6052169800002, 25.680641174000186], [87.61151886100015, 25.680561065000063], [87.62351226800013, 25.68525123700016], [87.63301849300001, 25.691539765000186], [87.63580322400014, 25.689760209000042], [87.63613128700018, 25.68611908000014], [87.64414215200014, 25.68032073900008], [87.64848327599998, 25.68371009800012], [87.65850830000011, 25.684850693000044], [87.66284179600018, 25.6884212490001], [87.66530609100005, 25.69666099500006], [87.6679000850001, 25.700479508000114], [87.67690277200006, 25.69716835100013], [87.6789169320001, 25.698240280999983], [87.67814636300005, 25.70593070900003], [87.67704010100016, 25.708208084999967], [87.67584991500007, 25.71650123700016], [87.67933654900008, 25.71912956200009], [87.6774215690001, 25.723230362000095], [87.68065643300008, 25.73012924300008], [87.68134307800011, 25.745010375000163], [87.68604278600014, 25.747869492000007], [87.69653320200018, 25.744922638000105], [87.69790649400011, 25.747331619000192], [87.69407653700006, 25.75070762700011], [87.69725799600013, 25.755239487000097], [87.70105743400006, 25.752721787000155], [87.70347595200013, 25.75285911500015], [87.70336151200007, 25.754421234000176], [87.70500183100017, 25.756071091000138], [87.70612335200019, 25.76222992000004], [87.71402740400009, 25.7633495340001], [87.72117614700016, 25.760587693000105], [87.725547791, 25.763460160000022], [87.73264312700019, 25.762870789000033], [87.73738098100017, 25.76124954300019], [87.74031066900011, 25.759099960000015], [87.74871826200018, 25.75069046100009], [87.76309967100008, 25.753730774000076], [87.76719665600018, 25.753850937000152], [87.76962280200001, 25.752649308000116], [87.77271270700015, 25.748252869000055], [87.77411651500012, 25.743480683000087], [87.78531646700009, 25.74738121100006], [87.77725219700005, 25.757400512999993], [87.77812957800012, 25.758680343000037], [87.7832717890002, 25.760370255000055], [87.78782653800005, 25.763231279000024], [87.7981796270002, 25.76527977000012], [87.80111694300007, 25.767171861000065], [87.79792022800012, 25.76769828800019], [87.80062866200007, 25.776678086000175], [87.80349731400008, 25.77720069900016], [87.82234191999999, 25.786371231000032], [87.82081604100017, 25.797899246000043], [87.81529998700012, 25.81114006100006], [87.80976104799998, 25.829160691000027], [87.78898620700016, 25.842399596000178], [87.79342651300004, 25.844009399000072], [87.79972076500019, 25.842880249000075], [87.81047058100017, 25.84394073600015], [87.81001281700014, 25.845100403000117], [87.81484222400013, 25.855949401000146], [87.81037139900013, 25.861892700000112], [87.80943298300014, 25.867399215000034], [87.79785919200003, 25.870599747000142], [87.79598999000012, 25.872520447000056], [87.79563903800005, 25.875400543000183], [87.80206298700017, 25.881481170000143], [87.80803680400015, 25.880870819000165], [87.81828308200011, 25.881481170000143], [87.819862366, 25.880979539000123], [87.8228378300002, 25.87146759100017], [87.83454132100013, 25.86874008300009], [87.84314727700007, 25.868711472000143], [87.85043334900001, 25.867071152000108], [87.85589599700012, 25.864730835000046], [87.8652801520002, 25.867551805000005], [87.86766052300004, 25.86445045500011], [87.87068939300019, 25.866001130000086], [87.87223815800019, 25.859659195000177], [87.87874603300014, 25.858459474000085], [87.88121795600011, 25.858409882000103], [87.88481903000019, 25.864652634000038], [87.89945221000016, 25.85983085600003], [87.90138244600018, 25.85624122700017], [87.90483093300014, 25.85308837900004], [87.9109115600001, 25.851749420000033], [87.89734649700011, 25.839599610000164], [87.89742279100005, 25.834520339999983], [87.89530944900014, 25.833179474000076], [87.8926162730001, 25.835081101000128], [87.88935852000009, 25.832801819000167], [87.88764953499998, 25.83287048400007], [87.8833999630001, 25.828609467000035], [87.88433838000003, 25.82731056200015], [87.89096832300015, 25.826509476000126], [87.89379882800012, 25.829160691000027], [87.89643859900013, 25.829090118000124], [87.89795684800009, 25.827650070000175], [87.89385223300019, 25.82506179900014], [87.89874267500016, 25.820140838000043], [87.90445709300013, 25.818920136000088], [87.91050720100014, 25.814809799000102], [87.90947723300019, 25.810691833000078], [87.90760040300017, 25.80939292900007], [87.90313720600005, 25.814130784000156], [87.90200805600011, 25.813140870000154], [87.90203857400013, 25.81101036000007], [87.90119171200007, 25.81069946299999], [87.89927673300014, 25.81159019500018], [87.89672851600005, 25.811059953000154], [87.89501953100017, 25.804689407000126], [87.89907074000007, 25.80550193700003], [87.90188598700018, 25.80398941100009], [87.90305328400007, 25.80187034700009], [87.90159606899999, 25.800500870000008], [87.89919281100015, 25.800249101000077], [87.89800262500006, 25.799270630000024], [87.90094757100019, 25.78030967700016], [87.89774322600016, 25.77181053100003], [87.8984680170002, 25.7697601320001], [87.90125274700006, 25.769239426000183], [87.90497589200015, 25.771961213000054], [87.91866302600005, 25.7740402230001], [87.92862701500013, 25.767850876000068], [87.92919921900005, 25.77209091200001], [87.93239593500005, 25.771320343000127], [87.93734741200018, 25.767940522000174], [87.93752288700006, 25.75830078100006], [87.94164276000015, 25.75595092800006], [87.94201660300007, 25.75323104800009], [87.9386291510001, 25.748540878000142], [87.94386291400019, 25.748140334000084], [87.94415283300009, 25.743812561000027], [87.95102691700004, 25.738620758000025], [87.95665740900017, 25.735441209000157], [87.96047973600014, 25.732120514000087], [87.9619979860002, 25.72969818200005], [87.96099853500016, 25.72468185500003], [87.97165679900007, 25.72006988600009], [87.97966766400003, 25.718460083000025], [87.9818420410001, 25.72170066800004], [87.98779296800018, 25.723670960000163], [87.98770904600013, 25.72002029400005], [87.99256134100011, 25.71912956200009], [87.99717712500006, 25.711910249000084], [88.00196838400012, 25.70910072300012], [88.00676727200016, 25.70651054400014], [88.01667022600009, 25.704711913999972], [88.01751709000018, 25.70249939000007], [88.01431274300018, 25.697481155000105], [88.01434326200012, 25.694351196000184], [88.01615905699998, 25.69171905500008], [88.02239227400014, 25.691522599000166], [88.02677917500012, 25.698921203000054], [88.03016662600004, 25.698810578000007], [88.03219605600009, 25.696470255999998], [88.03340181800019, 25.69531937900007], [88.03473927300007, 25.694043142999988], [88.03475200000014, 25.694031000000166], [88.03681103800017, 25.695688235000034], [88.03985595700016, 25.698139191000166], [88.04235584800011, 25.695657158000074], [88.04246451400007, 25.695549269000082], [88.0433270370001, 25.694692907000103], [88.04405196700003, 25.692866177000155], [88.04518900100015, 25.690001000000166], [88.0457583480001, 25.690095312000153], [88.0486300010001, 25.690571001000137], [88.04999443000008, 25.687597799000173], [88.05081939600018, 25.68580055300015], [88.04948706300013, 25.68244010799998], [88.04944525600013, 25.682334661000084], [88.04910278300014, 25.681470870000112], [88.04771973800018, 25.680063982000036], [88.04602874900019, 25.678343839000092], [88.04467779800001, 25.676969596000163], [88.04367407000012, 25.67496279200003], [88.04313700100016, 25.673889001000077], [88.04324335500007, 25.673223084000142], [88.04431200000016, 25.666532000000018], [88.0443470030001, 25.666312832000187], [88.045387269, 25.659801483000138], [88.04628847200007, 25.659334156000114], [88.04698168200008, 25.658974686000192], [88.04888153000002, 25.65798950200002], [88.04878751500019, 25.655886696000152], [88.04877058800008, 25.65550809000007], [88.04876709000018, 25.65542984000018], [88.04699048700019, 25.654373213000042], [88.0439991930001, 25.652593797000065], [88.04397600000004, 25.652580000000114], [88.0439860250001, 25.652547889000004], [88.04450312400013, 25.650891768000065], [88.04537200900018, 25.64810943700013], [88.0485378510001, 25.643909197000085], [88.04762362000008, 25.643244950000053], [88.04741335700015, 25.643092180000053], [88.04731750500002, 25.64302253800014], [88.04614280300018, 25.644410818999972], [88.04448699900013, 25.642879000000164], [88.04438787800001, 25.63965993800008], [88.04305731300013, 25.639050946000168], [88.04294593100019, 25.638999971000146], [88.04276126100018, 25.639193089000116], [88.04223790200012, 25.63974038900011], [88.04016100000007, 25.641912000000104], [88.03734342000018, 25.641307074000167], [88.03582000800009, 25.64097976800008], [88.03572221500008, 25.639460484000097], [88.03555301799997, 25.63683127799999], [88.03733655400015, 25.636590242000125], [88.03921962900006, 25.636335754000015], [88.04081708800015, 25.636119866000115], [88.04159275000006, 25.63494049900015], [88.04348000000005, 25.63207100000011], [88.05152922000008, 25.63265806200002], [88.05429840200009, 25.63286018500014], [88.04749298000007, 25.627620697000054], [88.04628830000007, 25.627817568000125], [88.04477826900006, 25.628064340000094], [88.04377000100015, 25.6282289990001], [88.04113484700008, 25.627665061000187], [88.03942900100014, 25.627300000000105], [88.03694200000018, 25.622009000000162], [88.03502700100006, 25.617050000000006], [88.03724699999998, 25.615578000000085], [88.03912006000007, 25.612564381000084], [88.04042500900016, 25.61045474500014], [88.03930700100017, 25.608490000000188], [88.04048676700012, 25.606801637000046], [88.04119206500019, 25.605792440000073], [88.04139689300007, 25.605499153000096], [88.03605673100003, 25.60240185700013], [88.02970137800008, 25.600038583000185], [88.03131100000019, 25.598263000000088], [88.03426028100006, 25.597392008000156], [88.03565216000004, 25.596981049000135], [88.03598379500005, 25.597011157000168], [88.03717271300019, 25.597119093000003], [88.03983277800006, 25.597360587000082], [88.03858901000018, 25.595041019000007], [88.03814503900014, 25.594798238000124], [88.03466958500019, 25.59289771200008], [88.0312194830002, 25.59101104900003], [88.03138732800011, 25.587499619000084], [88.03003664900018, 25.58705817200007], [88.02834557400013, 25.58650547200017], [88.02649688700006, 25.58590126000007], [88.02438956000003, 25.586294364000082], [88.02295946200019, 25.58656113600017], [88.02102709200017, 25.58692160200013], [88.02171115100003, 25.58392967700013], [88.02194213800004, 25.58292007500006], [88.02431126900007, 25.58040441100013], [88.03002200100002, 25.57434100100005], [88.02526900000015, 25.569092000000182], [88.02675978400003, 25.567669258000024], [88.02818300100012, 25.5663110000001], [88.03392800000017, 25.565901001000043], [88.03458131900015, 25.565595371000143], [88.03824599700016, 25.563880996000137], [88.03710147900011, 25.562434325000083], [88.03699610800004, 25.56230114500005], [88.0354767500001, 25.5603810180001], [88.03343977700001, 25.561450885000056], [88.0325670000002, 25.561001000000033], [88.0319151700001, 25.560665142000175], [88.02961731000005, 25.559480667000116], [88.03001731500018, 25.55852499399998], [88.03028039000003, 25.557896471000106], [88.03042588700004, 25.557548857000143], [88.02751241000016, 25.55386046300015], [88.02704624000012, 25.553270303000147], [88.02982330300011, 25.550390243000095], [88.03259685300009, 25.548941089000095], [88.03441020800011, 25.54799362900019], [88.03787994100009, 25.546180729000127], [88.03571319600013, 25.53672981300008], [88.03597996000013, 25.53645040300006], [88.03908399800014, 25.533199427000056], [88.03909300000015, 25.533190000000047], [88.0424730000002, 25.532061000000056], [88.0440410000001, 25.53305600000016], [88.04534272900008, 25.533881076000057], [88.04605102500005, 25.5343303680001], [88.04884338400007, 25.53333091800016], [88.05074310300017, 25.530519487000163], [88.05597686800019, 25.529930114000138], [88.05812068100005, 25.528709182000057], [88.05785267300007, 25.527423234000025], [88.05769358500004, 25.52665990000014], [88.05748748800016, 25.525671005000106], [88.06687927100018, 25.516420364000055], [88.06886290800003, 25.51304816400011], [88.06491088899998, 25.50851249800013], [88.06455597200005, 25.507728617000055], [88.06433032600017, 25.507230246999995], [88.06385040200007, 25.506170273000066], [88.0664291380001, 25.505039215000068], [88.06751780800016, 25.50500352800009], [88.069651625, 25.50493358200015], [88.07125854400005, 25.504880905000164], [88.07285267500004, 25.50390078400011], [88.06981692500005, 25.501882776000116], [88.06812300000013, 25.496799000000124], [88.06813078100015, 25.494996166000192], [88.068139008, 25.493122570000082], [88.06815338100006, 25.489849091000053], [88.06949412300014, 25.48429928000013], [88.06986926400003, 25.48274643600007], [88.0704116820001, 25.48050117500003], [88.06593322700002, 25.481151581000177], [88.06167602500005, 25.485589981000032], [88.05580139200009, 25.483880996000153], [88.05296325700016, 25.486629485000094], [88.04947662300015, 25.486150742000177], [88.0493392940001, 25.482719422000116], [88.04633331300016, 25.482610702000045], [88.04213714700006, 25.485389710000106], [88.03660583500016, 25.486541748000036], [88.03862762500012, 25.491558076000103], [88.0345077520002, 25.49273109400019], [88.03122711100008, 25.485990525000147], [88.02754974300012, 25.486141205000024], [88.02868652400014, 25.488969802000042], [88.02028655999999, 25.495380402000023], [88.01573181200007, 25.500499724999997], [88.00994873100007, 25.50097083999998], [88.00792694100011, 25.502830506000066], [88.01167297400019, 25.507560731000183], [88.00747680700016, 25.510391236000146], [88.00377654900007, 25.504819870000176], [88.00300598100011, 25.499691010000163], [88.00424194400011, 25.494039535000184], [87.99835205000005, 25.49539947600016], [87.99276733400018, 25.497850418000098], [87.98663330100004, 25.502630235000083], [87.98496246299999, 25.508110047000173], [87.98055267300003, 25.51585006700003], [87.98780822800018, 25.520719528000143], [87.98819732700014, 25.522600173000058], [87.98764801099998, 25.523941041000114], [87.98603820800014, 25.52482986500013], [87.97225952200012, 25.52322960000015], [87.96914672900004, 25.52606964100005], [87.96408844000013, 25.533081054000093], [87.9556121820001, 25.538049697000076], [87.9523925790001, 25.53646087700008], [87.94287872299998, 25.534677506000037], [87.9380493170001, 25.53528976500013], [87.93354797300015, 25.53496170000011], [87.9260482790001, 25.53621292100013], [87.92411041300016, 25.535648347000176], [87.91963195900018, 25.530839919000186], [87.91609954800003, 25.531909942000027], [87.9144058240002, 25.53093910200016], [87.91456603900008, 25.525230409000073], [87.91374969600008, 25.523769378000054], [87.90815734900002, 25.52412033200011], [87.90303039600013, 25.51905059900014], [87.90631866500013, 25.513668060000043], [87.90271759100011, 25.51122093200007], [87.9048080440001, 25.507339478000063], [87.90051269500009, 25.507230758000162], [87.89898681600005, 25.5043010710001], [87.89585113500004, 25.504720688000134], [87.89501953100017, 25.509941102000028], [87.88815307599998, 25.51276970000015], [87.88532257100019, 25.5170898450001], [87.87921905500019, 25.515970230000107], [87.88047790400003, 25.51332092299998], [87.88136291500012, 25.505569458000025], [87.86988067700008, 25.50300026000008], [87.86872863800005, 25.497182847000033], [87.86348724300007, 25.493429184000036], [87.8608627320001, 25.486051560000135], [87.86052703900015, 25.477830888000142], [87.8639068600001, 25.47031974800001], [87.86428833000019, 25.46788978700016], [87.86347198500005, 25.46538925200008], [87.85067749000007, 25.468349456000055], [87.84955596999998, 25.464990615999966], [87.83381652800011, 25.46457290700016], [87.83380890000007, 25.45881080700019], [87.82769012500012, 25.458831787000122], [87.82559967000009, 25.45754051200015], [87.82734680200002, 25.45158958500008], [87.82496643000007, 25.44939041200007], [87.82578277600015, 25.445261001999995], [87.82171630800013, 25.443021774000044], [87.82092285100009, 25.439771652000047], [87.81922912600004, 25.437538147000055], [87.80864715600006, 25.43419075000014], [87.8068008420002, 25.43477821300013], [87.79830932599998, 25.441869735000182], [87.79331970200013, 25.442199708000032], [87.79260253900009, 25.44561958300011], [87.7865219110002, 25.44869995000016], [87.78132629300018, 25.444650650000142], [87.77964019900014, 25.436599731000058], [87.77651214500014, 25.428970338], [87.770111085, 25.42876815900007], [87.76586151100014, 25.424291611000058], [87.77120208800017, 25.418529511000088], [87.77242279100017, 25.41491127000012], [87.77127075200013, 25.41155815200011], [87.76998138400006, 25.409830094000142], [87.76798248300014, 25.408769607000067], [87.76413726800018, 25.408979416000136], [87.76213836599999, 25.412061691000133], [87.75975036700004, 25.410089493000044], [87.7591018670002, 25.405040741999983], [87.76381683300008, 25.404899598000043], [87.76644897600016, 25.403530121000188], [87.76306915300017, 25.395610810000107], [87.76255798300019, 25.388999940000076], [87.76268768200015, 25.386230468000065], [87.76570129300018, 25.377990722000106], [87.77379608199999, 25.371950149000043], [87.77671814000018, 25.37084961000005], [87.78882598900003, 25.37224960300017], [87.78736114600008, 25.35486030600009], [87.78486633400007, 25.344600677000074], [87.7815933230001, 25.338399887000037], [87.78398132300015, 25.332429887000046], [87.79144287200012, 25.322330476000104], [87.79728698800017, 25.322080612000036], [87.80162811200017, 25.323400499000115], [87.81107330400005, 25.319160462000184], [87.82035064700017, 25.312820435000106], [87.82892608600014, 25.303421020000144], [87.83114624000018, 25.30216026300019], [87.84037017700018, 25.298379899000054], [87.85041046200018, 25.297437667000054], [87.85137939500015, 25.292499543000076], [87.85330200300007, 25.289369584000156], [87.85501098600014, 25.289529801000185], [87.85616302500017, 25.28297042900016], [87.85652160700016, 25.27777290300014], [87.85428619400005, 25.267910004000044], [87.85137939500015, 25.26906967300016], [87.84996795700005, 25.2672805790001], [87.84974670400015, 25.261480332000076], [87.85103607200006, 25.25796127300015], [87.84925079300007, 25.25342750499999], [87.8472900390002, 25.25225067200006], [87.84555053700012, 25.252258300000165], [87.84158325200008, 25.253580094000142], [87.83553314300013, 25.249811173000126], [87.8322830210002, 25.24464988599999], [87.83024597300005, 25.239660261999973], [87.82493591400004, 25.236551284000143], [87.82277679500004, 25.234340668000016], [87.83380126900005, 25.21336937000018], [87.83683776900011, 25.203109742000038], [87.83664703300013, 25.19926071200007], [87.83230590900013, 25.200780868000095], [87.8296585080002, 25.204050064000057], [87.82119750900011, 25.20808982800014], [87.81004333600009, 25.211732864000112], [87.80134582600004, 25.21824073800019], [87.7875823980001, 25.220489502000078], [87.78753662100013, 25.22862053000017], [87.7854461660001, 25.236312866000162], [87.78520202700003, 25.24045944200003], [87.78367614799998, 25.242990493000093], [87.78330993600008, 25.246177673000034], [87.76911926300005, 25.246658325], [87.76283264100016, 25.249288559000036], [87.73087310900013, 25.253150940000126], [87.72106170600017, 25.253440858000147], [87.7077865600001, 25.256408692000036], [87.70687103200004, 25.259780885000055], [87.70796966500006, 25.27136039800007], [87.70591735900007, 25.274570466000114], [87.7009658820001, 25.27777290300014], [87.69641113400019, 25.2788696290001], [87.69130706700003, 25.281391145000043], [87.68907165500019, 25.284940719000076], [87.69030761800002, 25.291219711000053], [87.6947860730001, 25.295410156999992], [87.69140624900007, 25.29860115100007], [87.6934967050002, 25.30305290300015], [87.6882400510001, 25.304769516000192], [87.68064880300011, 25.30427932800012], [87.68087005600006, 25.307670594000058], [87.68409728900019, 25.308050157000082], [87.68415069700018, 25.310131072000047], [87.65878295800007, 25.30973053100007], [87.6517868050002, 25.30724906900008], [87.63403320300017, 25.31235122600009], [87.6317901610002, 25.31186103800019], [87.62597656300005, 25.318611145000148], [87.62622070200007, 25.315719604000094], [87.62267303400017, 25.31080055300015], [87.61361694400011, 25.31553840600003], [87.60688018800016, 25.311380386000053], [87.59989166300005, 25.31466293400007], [87.58925628700007, 25.321889878000093], [87.58928680399998, 25.323789597000143], [87.58116149800009, 25.32803916900002], [87.58046722300008, 25.332321167000146], [87.58766174300013, 25.340547562000154], [87.58007049500014, 25.34839058], [87.57891845800009, 25.34678268400006], [87.5794830320001, 25.343931198000178], [87.57144165000017, 25.3405094150001], [87.5671081550002, 25.333890915000154], [87.54744720400015, 25.330940247000115]]]}}, {"type": "Feature", "properties": {"GID_3": "IND.5.16.1_1", "GID_0": "IND", "COUNTRY": "India", "GID_1": "IND.5_1", "NAME_1": "Bihar", "NL_NAME_1": "NA", "GID_2": "IND.5.16_1", "NAME_2": "Khagaria", "NL_NAME_2": "NA", "NAME_3": "Khagaria", "VARNAME_3": "NA", "NL_NAME_3": "NA", "TYPE_3": "Taluk", "ENGTYPE_3": "Taluk", "CC_3": "NA", "HASC_3": "NA"}, "geometry": {"type": "Polygon", "coordinates": [[[86.50255584799999, 25.428529740000158], [86.49993896500013, 25.42738914400013], [86.49851989700011, 25.424009323000178], [86.49651336699998, 25.424989701000072], [86.4950485240002, 25.424369813000112], [86.48956298900009, 25.42658042900007], [86.4866485600001, 25.426940918000128], [86.46919250500008, 25.436960220000117], [86.45732879600013, 25.442010879000122], [86.44400787400019, 25.452461244000176], [86.44111633400007, 25.456729889000144], [86.43856048700007, 25.46346092200008], [86.43723297200006, 25.469841003000113], [86.43045807000016, 25.46964073200013], [86.42928314200009, 25.47418022200003], [86.42562866100013, 25.47752952600007], [86.42153167700008, 25.479440688000125], [86.41570282100008, 25.47785949700011], [86.41645050100016, 25.49209976200018], [86.42089843700012, 25.493629456000065], [86.41897582900003, 25.500310899], [86.41641998200004, 25.49892997700016], [86.41661834600006, 25.498081207000098], [86.41293334900007, 25.497350693000044], [86.40856933600008, 25.497711182000103], [86.4029312130001, 25.505420685000047], [86.40039825400004, 25.506120681000027], [86.39450836200018, 25.505580903000123], [86.38426971500007, 25.494079589000137], [86.37816619900008, 25.49064064100014], [86.38025665200013, 25.483642578000115], [86.37935638500016, 25.481292725000117], [86.37770080500013, 25.480600357000014], [86.37690734800009, 25.48209953300011], [86.37568664600019, 25.482389451000074], [86.36476135300012, 25.478122711000026], [86.3635482790001, 25.47818946900003], [86.36152649000007, 25.479690551999965], [86.36193847600003, 25.484052659000042], [86.36976623600009, 25.487810135000075], [86.3674621580002, 25.491729737000185], [86.36341857800011, 25.49347114600016], [86.3584365850001, 25.490440369000112], [86.35891723700007, 25.485380174], [86.35838318000003, 25.48246193000017], [86.34963989300007, 25.474559784000178], [86.34423065200002, 25.477399825000077], [86.34342193600008, 25.47958946300008], [86.34501647900015, 25.483369827000047], [86.34204864500009, 25.483789444000024], [86.34250640800019, 25.485679626000092], [86.34664154000001, 25.485139848000188], [86.34938812299998, 25.489839553000138], [86.35785675, 25.496700287000067], [86.3596801760001, 25.500200271000097], [86.35752105700004, 25.50107002200002], [86.3369064330002, 25.499410629000124], [86.335617066, 25.498050690000127], [86.33683776800012, 25.489652634000038], [86.33529663100006, 25.48783111600011], [86.33119201600016, 25.48767089900008], [86.32441711300015, 25.49127006499998], [86.32192993200016, 25.4948310850001], [86.32836914100011, 25.499050140000065], [86.32686615000017, 25.504110337000157], [86.32771301300016, 25.50578117500004], [86.32859802200011, 25.51375961400015], [86.32791137700008, 25.516801834000148], [86.32659912100002, 25.518590928000037], [86.32456207300004, 25.51905059900014], [86.3225860600001, 25.517860413000108], [86.32144927900009, 25.514820099000076], [86.32148742600015, 25.511930466000138], [86.31957244900002, 25.510459899000068], [86.31813812200011, 25.51339912400016], [86.31777191200018, 25.518060685000137], [86.31376647900015, 25.524440765000065], [86.31122589000017, 25.52530288700018], [86.3037033080002, 25.52447128300014], [86.30034637500017, 25.525009156000124], [86.29730987600004, 25.526668549000192], [86.28875732500018, 25.526880264000056], [86.28903198300014, 25.52987289400005], [86.29186248800016, 25.53599929800015], [86.29157257100007, 25.538249969000105], [86.2864761350001, 25.53751945500005], [86.28575134400006, 25.539518355999974], [86.28652954000012, 25.54371071000014], [86.28476715000016, 25.54579925500019], [86.27803039500009, 25.543340683000167], [86.27684783900014, 25.546039581000173], [86.276840209, 25.553501129000097], [86.27984619200015, 25.57446098300005], [86.27960968100018, 25.579460145000155], [86.29294586100019, 25.574071885000023], [86.29335785000006, 25.575122834000183], [86.28491211000005, 25.581689835000077], [86.28511810400005, 25.584671022000066], [86.28105163600003, 25.584169388000134], [86.27371978800005, 25.597282410000105], [86.27445984000013, 25.604351044000055], [86.27942657500017, 25.606519700000035], [86.2818603520002, 25.60892105100004], [86.28291320800008, 25.612480165000193], [86.27989959700005, 25.619550706000155], [86.28881073000008, 25.63180923500005], [86.28916168100005, 25.635080339000183], [86.28810882700014, 25.638370513000098], [86.28575134400006, 25.64003944400008], [86.28643035800013, 25.644460678000144], [86.28470611500018, 25.653707504000124], [86.28662872300009, 25.65566253600008], [86.30944824200003, 25.658279419000166], [86.32080841099997, 25.658580780000136], [86.32517242400019, 25.66793060300006], [86.33605957100013, 25.67885971000004], [86.34041595500014, 25.685850143000152], [86.3424224850001, 25.691820145000122], [86.34697723300019, 25.696220399000026], [86.36103057900016, 25.70708084000006], [86.36660766500012, 25.706649780000077], [86.37259674100005, 25.71145820600003], [86.37783050600012, 25.711719513000105], [86.38041687000003, 25.71302986200004], [86.38356018000007, 25.716409682999995], [86.39317321800019, 25.723768235000136], [86.40722656300005, 25.721660614000086], [86.40994262599997, 25.728559494000137], [86.4121017450002, 25.72788047800009], [86.41413879499999, 25.72930145400005], [86.41705322200016, 25.72866058400018], [86.41867828300008, 25.725900650000085], [86.41809082000003, 25.72365951500018], [86.41443634100011, 25.719539642000086], [86.41700744700006, 25.71792030300014], [86.4198913570001, 25.718999864000182], [86.42105102600004, 25.718019485000184], [86.41890716600011, 25.70923042300018], [86.42106628500011, 25.706872940000096], [86.42465972800017, 25.71174049400014], [86.4262924200001, 25.71099090600012], [86.4279861440001, 25.707889558000034], [86.43258667000003, 25.703960419000055], [86.43274688700006, 25.70200920000019], [86.43084716800018, 25.70012092700017], [86.43229675300012, 25.69839096100003], [86.44444275000012, 25.69218826299999], [86.44386291500018, 25.697929382000154], [86.44696044800008, 25.69736099199997], [86.4494705210002, 25.695159912000122], [86.45284271100013, 25.694570542000065], [86.45497131300004, 25.697080612000093], [86.4561386110002, 25.70185089000006], [86.45803070200014, 25.698400498000012], [86.45726776100014, 25.693050385000106], [86.45552825900012, 25.689451217000055], [86.44888305600017, 25.683670043000063], [86.45526886000005, 25.682550431000152], [86.45391082800012, 25.678020478000064], [86.45482635400003, 25.676460266000106], [86.45941162100007, 25.677721024000164], [86.46172332700007, 25.67752075300001], [86.46276855400009, 25.67649078400018], [86.46192169200003, 25.67263984700014], [86.4657287600001, 25.666601180999976], [86.46431732100007, 25.6647682200001], [86.46985626300011, 25.66549110400007], [86.47112274300008, 25.66451263500005], [86.47059631300004, 25.663650513000107], [86.47154235800008, 25.66192817700005], [86.4734878540001, 25.66003036500007], [86.46849060000017, 25.656030655000052], [86.46969604600008, 25.654239654000094], [86.47689819300007, 25.658109665000154], [86.47828674300007, 25.656789779000178], [86.47091674800015, 25.64935112000012], [86.47296142600004, 25.64306831300013], [86.47361755400016, 25.63779068100007], [86.47750091600011, 25.639898300000084], [86.47827148500005, 25.639261245000057], [86.4788970950001, 25.634321213000078], [86.48047637900004, 25.631910325000092], [86.48027801400008, 25.63041114800012], [86.48773193400007, 25.624980926000035], [86.48863983100011, 25.62054824800009], [86.49967193600014, 25.621250153000176], [86.50137329000006, 25.62066078300012], [86.5026321420001, 25.618999481000117], [86.50366973800016, 25.613821030000054], [86.50518035900018, 25.61128807100016], [86.51103210500014, 25.611940384000036], [86.51873016400015, 25.60823059100011], [86.52265930300007, 25.608221055000058], [86.53273773200004, 25.60634040900004], [86.53523254400005, 25.608900070000175], [86.53646850500013, 25.611259459999985], [86.5388183600001, 25.611932754000122], [86.54147338900015, 25.61009025500016], [86.54367065500003, 25.60709190500006], [86.5520858770002, 25.612390518000154], [86.55435943600008, 25.61169052100007], [86.55831909100004, 25.60799980200011], [86.56173706100009, 25.60160064700011], [86.56371307400002, 25.600959778000117], [86.56965637200011, 25.603969574000075], [86.57161712700008, 25.603969574000075], [86.57781982500006, 25.602672578000067], [86.58539581300005, 25.59959983900012], [86.59012603700012, 25.595960618000163], [86.59172821000004, 25.597200394000083], [86.59115600500007, 25.598989488000143], [86.58500671400009, 25.60946083100015], [86.58808136100004, 25.612779617000115], [86.5858688350001, 25.61445808500008], [86.59099578800004, 25.620990754000104], [86.60022735500013, 25.62150955300018], [86.60479736400015, 25.62268829300018], [86.60849762000004, 25.625892639000085], [86.61226654100005, 25.626960754000095], [86.61963653500004, 25.627668381000092], [86.62935638500011, 25.630428314000085], [86.63421630800013, 25.630918504000192], [86.64092254700017, 25.636110307000138], [86.64498901299999, 25.641260148000185], [86.65524292000009, 25.640169145000073], [86.65751648000014, 25.637861252000164], [86.65738678100013, 25.632459641000025], [86.66040802000009, 25.631412507000107], [86.66026306100008, 25.62843132000006], [86.66236877400013, 25.62376976100012], [86.66691589300007, 25.62127113400004], [86.66927337600015, 25.620899202000032], [86.67077636800019, 25.626180649000105], [86.67391967800017, 25.62925910900009], [86.67713165400005, 25.627290726000012], [86.67920684800015, 25.6305999760001], [86.67827606200001, 25.63223075800005], [86.68091583300003, 25.637609482000073], [86.68025970500014, 25.639680862000034], [86.68193054100016, 25.641849518000072], [86.68457794200009, 25.64327049300016], [86.69663238500016, 25.647279740000158], [86.69885253900014, 25.64669990600015], [86.7021408080002, 25.644100189000028], [86.70495605500014, 25.636730194000165], [86.70675659200003, 25.63780975400016], [86.709396363, 25.641349793000018], [86.70852661200007, 25.642620087000182], [86.70304870600017, 25.64472007800009], [86.70321655300012, 25.651042939000035], [86.70687866300005, 25.654012681000097], [86.7137832640002, 25.657350540000095], [86.71572113000013, 25.66130066000011], [86.71511840900007, 25.664302826000153], [86.72487640399999, 25.66250991900006], [86.72725677500006, 25.661401750000095], [86.72982788100018, 25.657262803000037], [86.73732757700003, 25.651571274000105], [86.73607635600013, 25.647571564000145], [86.73684692400013, 25.644178390000036], [86.7422332770002, 25.64092064000016], [86.74658966100003, 25.63940811200007], [86.7498931880001, 25.638870239000028], [86.75305938700012, 25.63924980200011], [86.75625610400004, 25.641870499000106], [86.75628662000008, 25.63905906800011], [86.76140594500009, 25.63166809100011], [86.75904846200018, 25.629850389000183], [86.75894165000005, 25.624450683000134], [86.77319336000005, 25.623271943000134], [86.78230285700016, 25.625970840000093], [86.79033660800008, 25.62982177700013], [86.79588317800017, 25.631509781000148], [86.80127716099997, 25.63831138500018], [86.80253601000015, 25.635660170999984], [86.80828094400016, 25.632932663000133], [86.80863952600015, 25.63153839100005], [86.81722259600014, 25.62832069500007], [86.81727600099998, 25.620920181000088], [86.81903839100016, 25.619131089000177], [86.82552337700008, 25.61902046199998], [86.82762146000005, 25.620729445999984], [86.8303527830002, 25.620830536000028], [86.83444976800013, 25.61856269800012], [86.83598327700014, 25.61510086000004], [86.83513641300004, 25.60616111900015], [86.83818817100013, 25.59636116000013], [86.8341979990002, 25.592491151000104], [86.83524322500017, 25.589902877000156], [86.83515930100015, 25.586740494000082], [86.83708953900015, 25.584432603000153], [86.83924102800012, 25.58361053500016], [86.84162139900013, 25.58072090200011], [86.84748840399999, 25.577920913000128], [86.84411621100014, 25.573568344000023], [86.84616851700014, 25.56948089700012], [86.84308624300019, 25.565490722999982], [86.83686828600008, 25.554441453000095], [86.83750152600004, 25.550140381000176], [86.83687591600017, 25.54520034699999], [86.8419265760001, 25.538328170000113], [86.84134674100017, 25.531040191000102], [86.84049987900005, 25.529489518000105], [86.8374481210002, 25.527790069000105], [86.83609771800008, 25.517061234000153], [86.82995605500003, 25.512559890000034], [86.82755279500014, 25.508100509000087], [86.82177734400005, 25.501531601000124], [86.82272338900009, 25.49542808500013], [86.82192230300006, 25.491479875000152], [86.82655334500004, 25.48191261400018], [86.81886291500001, 25.474269868000192], [86.81907653800005, 25.471981049000078], [86.81535339300007, 25.47268104600016], [86.8115997320001, 25.472419739000145], [86.80474853600009, 25.47085952800012], [86.8072433480001, 25.467910768000024], [86.81310272300004, 25.469089508000025], [86.81458282500012, 25.465681076000067], [86.81430816700009, 25.458911896000075], [86.80898285000012, 25.459400177000077], [86.80699920700005, 25.45820045500011], [86.80621338000014, 25.45660019000013], [86.81154632500005, 25.450830460000077], [86.81433105500008, 25.445520401000067], [86.81774139500016, 25.443830490000153], [86.82176208600004, 25.440658569000163], [86.82206726000004, 25.434900284000037], [86.82166290400016, 25.43266105600003], [86.81858062700013, 25.428512573999967], [86.81848907500017, 25.42119979900002], [86.81481933600003, 25.41669082800007], [86.81606292700019, 25.414390565000076], [86.82279205400016, 25.40900039700017], [86.82631683400012, 25.40507125800002], [86.82913970900017, 25.4004516600001], [86.83313751200012, 25.396120071000098], [86.83309936500007, 25.388418198000068], [86.8344573980001, 25.38467025700004], [86.84181976300005, 25.379400253000085], [86.84616088900003, 25.377260208000052], [86.85101318400018, 25.376012802000048], [86.85350036600005, 25.367431642000042], [86.85047912600004, 25.36261939900004], [86.84453582800012, 25.358129501000178], [86.84011077800011, 25.357810974000188], [86.833923341, 25.35503959600004], [86.81933593700012, 25.343460084000128], [86.81825256400009, 25.337860109000133], [86.81318664600013, 25.336282730000107], [86.81163024900007, 25.33255958600006], [86.80905914300013, 25.329242707000162], [86.80473327600004, 25.328060150000113], [86.79779815600017, 25.332130433000145], [86.78897857700008, 25.33006286600005], [86.77880859300006, 25.324501038000108], [86.78013610800002, 25.32110023600012], [86.78219604500003, 25.318729400000052], [86.78198242200006, 25.315692902000023], [86.77889251700009, 25.310541154000077], [86.78304290700015, 25.308210372000133], [86.78188324000018, 25.306161881000037], [86.77448272800018, 25.299940109000033], [86.77600097700014, 25.2963695520001], [86.76819610600012, 25.289239883000164], [86.77443695100004, 25.276170731000093], [86.76049804800004, 25.26814842200008], [86.75692749000018, 25.26696968200008], [86.75228881800007, 25.26653099100008], [86.75306701700003, 25.27169036800001], [86.73586273100017, 25.26175117500003], [86.72470855800015, 25.253778459000102], [86.71885681100014, 25.256860733000053], [86.7103958130001, 25.264270783000143], [86.70083618200005, 25.270750046000046], [86.68125152700009, 25.27276039100019], [86.66542053200004, 25.272449494000114], [86.66256713900015, 25.271369933000074], [86.65197754000013, 25.271030427000028], [86.64550018400013, 25.272331238000106], [86.64389038100006, 25.27664947599999], [86.63520812900003, 25.289329530000032], [86.63050842400014, 25.297849656000153], [86.62816619900019, 25.30636978100017], [86.63224029500014, 25.313810349000107], [86.64057159300006, 25.32272911000007], [86.64575958300014, 25.330339432000187], [86.64523315400004, 25.332807542000126], [86.64273071200012, 25.33621978700012], [86.63802337599998, 25.339750290000097], [86.63281250000017, 25.345581055000025], [86.62838745200014, 25.351810455000077], [86.62827300900017, 25.357089997000116], [86.62233734100005, 25.356018067000093], [86.62042999200003, 25.360050201000092], [86.62259674100017, 25.362640380000073], [86.62930297800006, 25.36713028000014], [86.63207245000001, 25.3710918430001], [86.63294220000006, 25.376590729000156], [86.63423156800013, 25.37808036800004], [86.63639831500012, 25.391969682000138], [86.63580322200016, 25.397661209000034], [86.62922668400012, 25.405389786000114], [86.62224578900009, 25.409610749000024], [86.61286163400018, 25.413522720000174], [86.59403228700018, 25.425680161000002], [86.59015655600007, 25.431789398000035], [86.58628845200008, 25.443580628000063], [86.58647155800014, 25.45628166300014], [86.58436584399999, 25.46133995000008], [86.57855224700012, 25.470449447000192], [86.57631683400018, 25.481058121000103], [86.57414245500013, 25.485589981000032], [86.56642913900015, 25.493890763000138], [86.56225585800007, 25.495689391999974], [86.55535888700007, 25.496919632000186], [86.54759216300016, 25.49971962100011], [86.54825592000009, 25.496269227000084], [86.54705810600012, 25.489610672000083], [86.54617309500014, 25.490480423000065], [86.53617858900009, 25.49328041200016], [86.53269195500008, 25.486000061000084], [86.52729797300003, 25.480230332000076], [86.52867126400002, 25.47632026700012], [86.52749633700006, 25.472988128000168], [86.52086639400017, 25.467622757000072], [86.51641845800003, 25.461788178000063], [86.51377105600017, 25.455190659000152], [86.5093002320001, 25.452730179000127], [86.50408935500013, 25.451778412000124], [86.50305175900007, 25.44714927700005], [86.50022888200004, 25.443241119000163], [86.50255584799999, 25.428529740000158]]]}}, {"type": "Feature", "properties": {"GID_3": "IND.5.17.1_1", "GID_0": "IND", "COUNTRY": "India", "GID_1": "IND.5_1", "NAME_1": "Bihar", "NL_NAME_1": "NA", "GID_2": "IND.5.17_1", "NAME_2": "Kishanganj", "NL_NAME_2": "NA", "NAME_3": "Kishanganj", "VARNAME_3": "NA", "NL_NAME_3": "NA", "TYPE_3": "Taluk", "ENGTYPE_3": "Taluk", "CC_3": "NA", "HASC_3": "NA"}, "geometry": {"type": "MultiPolygon", "coordinates": [[[[87.67269466200008, 26.114130173000035], [87.6746325700002, 26.117705596000178], [87.6750029960001, 26.118389031000163], [87.67398835100005, 26.12659830199999], [87.67456712500018, 26.12709777800012], [87.67650604300019, 26.12877082800003], [87.67433933400008, 26.13848096000015], [87.6755580000002, 26.138335000000154], [87.67600410400013, 26.138281615000096], [87.67785644500003, 26.138059616000135], [87.67825317300014, 26.1502208710001], [87.68099187799999, 26.155950745000098], [87.67777300000012, 26.156710000000146], [87.6775320000001, 26.160971000000075], [87.67751225100017, 26.16132003700011], [87.67729949900013, 26.165088654000044], [87.68180972100009, 26.165575609000143], [87.6842345570002, 26.16583719800019], [87.68759200000005, 26.165693000000147], [87.68918889400004, 26.165624435000097], [87.68975830000005, 26.165599824000083], [87.69019485300004, 26.16653396200013], [87.69056961800004, 26.167335885000114], [87.69091795900016, 26.168081263000147], [87.69037628100011, 26.171150208000142], [87.6896558970002, 26.17206668400013], [87.68864666100018, 26.173350639000034], [87.68805700000019, 26.17410100100011], [87.6816789130001, 26.176686101000143], [87.67788466600012, 26.178227682000056], [87.67716200000001, 26.179677000000083], [87.67675463100016, 26.18049373400015], [87.67552948000014, 26.18295097400005], [87.67623901400003, 26.187818527000047], [87.67753798600006, 26.18965762600004], [87.67920035600008, 26.19201059700015], [87.67920700000013, 26.192020000000127], [87.68074400000012, 26.19146100000006], [87.68106890200016, 26.19134286800005], [87.68289184500009, 26.19067955100013], [87.68788909900002, 26.193099975000052], [87.68825014700008, 26.1941570730001], [87.68855311800019, 26.19504412900011], [87.6894226070001, 26.19758987500012], [87.68798065100015, 26.202169419000086], [87.68376159600001, 26.20913124100008], [87.6832899100001, 26.21280468100008], [87.68326111500011, 26.21302885500012], [87.68325802300018, 26.213052820000087], [87.68322859400018, 26.21311082000011], [87.68308012800014, 26.213403426000127], [87.68168640100004, 26.21615028500014], [87.67881742500015, 26.21670709099999], [87.67878723100011, 26.216712955000162], [87.67878723100011, 26.222179413000163], [87.67610931500008, 26.224279403000025], [87.67303142300011, 26.232310888000086], [87.67287711700016, 26.232713534000027], [87.67286689299999, 26.232740214000103], [87.66204833900014, 26.239931107000075], [87.66040039100005, 26.24399185200008], [87.66125839800009, 26.24640375400014], [87.661564672, 26.247264704000145], [87.66171264600018, 26.24768066500019], [87.66144103300019, 26.249979091000114], [87.66128424900018, 26.251305816000013], [87.66120901699998, 26.25194185400011], [87.66108942000011, 26.252166370000168], [87.66073213600004, 26.25283708500018], [87.65911102300015, 26.255880355999977], [87.65899639700007, 26.256515240000112], [87.65885491200015, 26.25729889100006], [87.65812683000013, 26.261331559000098], [87.65379323000008, 26.261390997000035], [87.65367337700019, 26.261744470000053], [87.65337154100007, 26.26263464900012], [87.65281703300019, 26.264270904000057], [87.6570472250001, 26.266271841000105], [87.65966613600017, 26.2675106210001], [87.66059100400008, 26.26794809600017], [87.66060982200008, 26.268421039000145], [87.66067379200001, 26.270033835000163], [87.66078184700018, 26.272760060000053], [87.64913194700011, 26.277351313000054], [87.64885369600012, 26.279004372000145], [87.64811700100017, 26.283380999000144], [87.64810541200018, 26.283392701000082], [87.64576000000011, 26.28576099999998], [87.64565312000013, 26.287759588000142], [87.64560700500016, 26.288621915000192], [87.64614073600018, 26.289331242000173], [87.64745600000009, 26.291079000000025], [87.64765900000003, 26.29134900000014], [87.64767273000007, 26.29135188900011], [87.65208347900005, 26.292279712000038], [87.6528930670001, 26.292449950000105], [87.65039825500008, 26.30579948400009], [87.63902282700019, 26.311878205000085], [87.63442546100009, 26.31323521100012], [87.63230900000002, 26.313860000000034], [87.62839900000017, 26.316367000000128], [87.6269372590001, 26.317303531000107], [87.62684631400015, 26.317361832000017], [87.62301635700004, 26.323591232000126], [87.61505886400005, 26.32326442200008], [87.6149917190001, 26.324944794000032], [87.61491323700017, 26.326911531000178], [87.61486816299998, 26.32804107800007], [87.6116714480001, 26.33030128400003], [87.61192537400012, 26.334238641000127], [87.6119772190001, 26.335042543000043], [87.61199188300003, 26.335269928999992], [87.61131534900005, 26.33574456800011], [87.61043523400014, 26.33636203500015], [87.60399627600009, 26.340879440000094], [87.60243429399998, 26.3439326620001], [87.60032354900005, 26.348058558000048], [87.5987321340001, 26.351169740000103], [87.60096727300004, 26.353629921000163], [87.60416000000015, 26.352704000000188], [87.60831732800006, 26.351499552000007], [87.61087036100014, 26.35075950700019], [87.61406707800006, 26.352670670000123], [87.614030066, 26.353747816000066], [87.61377000100009, 26.361329999000077], [87.61630977400017, 26.362872518000074], [87.61730957000015, 26.363479614000028], [87.62254333500016, 26.365158081999994], [87.62930285900006, 26.375150792000113], [87.62437508800014, 26.379685768000172], [87.62375632500016, 26.38025521000003], [87.62351226800013, 26.380479813000022], [87.62458801300005, 26.383649826000067], [87.6254977700001, 26.384247887000072], [87.62595898700016, 26.38455108400018], [87.62773900000008, 26.38572099999999], [87.63088989700015, 26.385231016000148], [87.6372528070001, 26.382049561000088], [87.63911106400008, 26.382568082999967], [87.63957698000007, 26.382698091000066], [87.63994598300019, 26.382801056000176], [87.64238704900015, 26.38475009400014], [87.64261993100007, 26.38519935500011], [87.64276776400015, 26.38548466700007], [87.6436767580002, 26.387239457000135], [87.64235690100014, 26.390621119000173], [87.63855818600018, 26.393269968000027], [87.64265882600017, 26.39315804500012], [87.64280699900007, 26.39315400100014], [87.64586598300008, 26.393070156000192], [87.64584420800014, 26.393272675000162], [87.64583600000014, 26.39334900000017], [87.65032900000011, 26.39327800000018], [87.65283369300016, 26.39323789000008], [87.65438796400008, 26.393213280000168], [87.65438648600013, 26.393224812000028], [87.65280900000016, 26.405531000000053], [87.66603490000006, 26.410211666000066], [87.68086199900017, 26.415459000000112], [87.68082400000014, 26.416699999000002], [87.68046768700009, 26.427865897000174], [87.68023700000009, 26.43509500000016], [87.68091600000014, 26.43509500000016], [87.68132401100007, 26.43509500000016], [87.68173206300008, 26.435095001000036], [87.69025900000008, 26.435242000000073], [87.69451900000013, 26.435316000000114], [87.69647103500012, 26.433094071000028], [87.70064500000007, 26.428343000000154], [87.70093323600008, 26.42801391800009], [87.70101854400002, 26.427916520000053], [87.70768800000013, 26.42745300000007], [87.70816782000003, 26.427419649000058], [87.70858001700014, 26.42739105300018], [87.71217346200018, 26.427118301000178], [87.71469748400011, 26.42587177500002], [87.71540400000015, 26.425523000000055], [87.71590400000014, 26.425276000000054], [87.71598472700015, 26.424717090000172], [87.71608700000019, 26.424009000000183], [87.71610891200004, 26.42385504200007], [87.71627800800013, 26.42266699800018], [87.7181152340001, 26.42174797100006], [87.71851312600018, 26.42154902700014], [87.71971900000011, 26.42180300100017], [87.7208790000002, 26.422045000000026], [87.72277100000002, 26.419823000000065], [87.72372105200014, 26.419204017000084], [87.7243118290001, 26.418819427000074], [87.72464031400017, 26.418892295000035], [87.72485400000011, 26.418940001000067], [87.72608136400004, 26.415862097000172], [87.72633933000003, 26.41520610800012], [87.72563926700013, 26.413154554000016], [87.72531904400017, 26.412216128000182], [87.72590691800013, 26.411960564000026], [87.72631100000018, 26.411785000000066], [87.7297900000001, 26.41027300000019], [87.72982125000004, 26.410259420000102], [87.73467270600014, 26.408151283000052], [87.7361600710002, 26.407505127000036], [87.73791471900006, 26.410613844000125], [87.74163099900011, 26.4171980000001], [87.74262047100007, 26.417364313999997], [87.74327900000009, 26.417475000000138], [87.74688100000009, 26.418040000000133], [87.74743148500005, 26.41812633600017], [87.74991607600003, 26.41851616000008], [87.75569915700004, 26.408945084000095], [87.75631713900003, 26.40791511600014], [87.76885986400015, 26.41209602400005], [87.76863479200017, 26.41235485800013], [87.76825577400007, 26.41279061600011], [87.76809700000007, 26.412973000000136], [87.77031400000004, 26.414658999999972], [87.77071121300014, 26.414960882000116], [87.77041515200006, 26.416682758000093], [87.77033500000016, 26.417144000000064], [87.77008800000016, 26.418565999000066], [87.77082065400003, 26.418499032000113], [87.77334594700017, 26.42122840999997], [87.7734615400002, 26.421395819000054], [87.77353400000015, 26.42150091400015], [87.77356700000007, 26.421549000000027], [87.77361597100014, 26.42149092900013], [87.77555802800015, 26.41918802200007], [87.77560116600017, 26.419219574000067], [87.77856300000008, 26.42138600000004], [87.77870528800014, 26.421490004000134], [87.77878570600001, 26.42154884400003], [87.77832504700018, 26.421353906000093], [87.77577935400012, 26.420276462000118], [87.77575700000006, 26.420267000000024], [87.77561803300006, 26.42020694400003], [87.77555800100004, 26.420181000000184], [87.77588125800003, 26.420693795999966], [87.7760850000002, 26.421017000000063], [87.77789300000006, 26.425171000000034], [87.7769630000002, 26.42555100000004], [87.77307200000013, 26.427141000000177], [87.7746110000001, 26.42706300000009], [87.77766395200013, 26.426907002000178], [87.77736663800005, 26.427440643000182], [87.77589547000014, 26.428910596000037], [87.77584500000006, 26.42896100000013], [87.77505500000007, 26.429750000000013], [87.77571900000015, 26.430416000000093], [87.77629900000017, 26.430994000000112], [87.77722320100014, 26.43039283000013], [87.77724593600016, 26.430378045000054], [87.77841905200006, 26.429615307000176], [87.77842881200019, 26.429673260000072], [87.77843500000012, 26.429710000000114], [87.77975672000008, 26.43392074200017], [87.7802809550002, 26.435590857000022], [87.77967071500018, 26.436203004000163], [87.77915994900019, 26.436709959000098], [87.77806794100007, 26.435826141000177], [87.77751200000017, 26.435375000000022], [87.77716800000013, 26.43509500000016], [87.77664362100018, 26.43528175700004], [87.77630600000003, 26.435402000000124], [87.77542900000009, 26.435717000000068], [87.77703900000012, 26.440406999999993], [87.77744200000006, 26.440643000000023], [87.78027470500001, 26.442299320000075], [87.77902221700015, 26.442441941000084], [87.77803800000015, 26.44255100000015], [87.7789130000001, 26.44643900000011], [87.77911356300007, 26.447328534000178], [87.7791254660001, 26.447400548000076], [87.77761200000009, 26.448920000000044], [87.77642100000014, 26.450115000000153], [87.7812730920001, 26.450366921000125], [87.78152499900011, 26.450380000000052], [87.781516522, 26.45040253700006], [87.78104500000006, 26.451656000000128], [87.78040300000009, 26.453363000000138], [87.78487399900007, 26.453712001000156], [87.78546300000005, 26.455069000000094], [87.78661300000016, 26.45771600000006], [87.78897926000019, 26.4603526140001], [87.79018383800002, 26.461694820000105], [87.78918054600018, 26.462252902000102], [87.7885532300001, 26.462601761000087], [87.78835300000009, 26.46271300000018], [87.7883907600002, 26.463013230000115], [87.78841398900005, 26.463197913000045], [87.7884369520001, 26.463390034000042], [87.78860461500005, 26.464792780000096], [87.78878003000005, 26.464973147000023], [87.78885300000007, 26.465326000000175], [87.7890168720001, 26.46611538100001], [87.78959700000019, 26.465094000000192], [87.79042100000015, 26.464389000000097], [87.79049418200015, 26.46432636900016], [87.79096221900005, 26.463926315000094], [87.79245758000008, 26.465541839000025], [87.79101562500006, 26.465969086000086], [87.78939819400006, 26.466447830999982], [87.78910064700005, 26.466535568000097], [87.78897857700008, 26.46765327500009], [87.79109522100003, 26.468479465000087], [87.79188882000005, 26.468789286000003], [87.79221300000006, 26.468916000000036], [87.79354095500008, 26.466455459000088], [87.79364013700012, 26.466600418000098], [87.79494489300009, 26.468524937000097], [87.8066350000002, 26.464246000000173], [87.81283856200008, 26.46197452399997], [87.81395721400008, 26.46156501700011], [87.81515320700004, 26.460966436000092], [87.81785100000002, 26.459616501000028], [87.8196870000001, 26.458731], [87.82489200000015, 26.45430500000009], [87.82771300000013, 26.451906000000008], [87.83221400000008, 26.449915000000146], [87.83071903200016, 26.439815994000128], [87.83797200000004, 26.43854200000004], [87.83949463700003, 26.438274487000058], [87.84430694600019, 26.437429429000133], [87.85121912000011, 26.43621445700012], [87.85213165500005, 26.43967881900005], [87.85350799500003, 26.444904327000074], [87.85359954700016, 26.444955826000125], [87.86372375400003, 26.449728013000026], [87.86354065000017, 26.450752258000136], [87.8651275630001, 26.452630996000153], [87.86417655600019, 26.453012070000057], [87.8624190000001, 26.453716000000043], [87.86115000000007, 26.455408000000034], [87.8607100000001, 26.455994000000032], [87.8610530000002, 26.458830000000034], [87.86112169300014, 26.45886683500015], [87.86119079500014, 26.458904267000037], [87.86172750500015, 26.459202784000183], [87.8621747840001, 26.459451880000188], [87.8612289420002, 26.46039772000006], [87.86067962600004, 26.460943223000186], [87.86075260400003, 26.46234159400018], [87.86078954400006, 26.46305069100015], [87.86080900000007, 26.463428000000192], [87.86499408400016, 26.464038465000158], [87.86512756600018, 26.464057938000053], [87.86579768800004, 26.46666722300006], [87.8660430000001, 26.467623000000174], [87.88814500000007, 26.476229000000103], [87.8884835360002, 26.477633057000162], [87.88954899900011, 26.48205199900002], [87.88998084500014, 26.483842407000054], [87.89015197700013, 26.484552384000096], [87.89018364500004, 26.484683894000113], [87.89028892400017, 26.485122680000188], [87.89048800000012, 26.485873000000083], [87.89063293300012, 26.486419746000024], [87.90252700000002, 26.47712700000011], [87.90366600000016, 26.47484500000013], [87.90571946000006, 26.470729482000138], [87.90892028700011, 26.464315414000055], [87.91094702000004, 26.459941174000164], [87.91209587700013, 26.45746221100012], [87.912102, 26.457449000000167], [87.90345000000019, 26.45026000000007], [87.90272900000008, 26.449661000000106], [87.90192485700004, 26.44899350899999], [87.90119935400014, 26.44839097200014], [87.92600299999998, 26.446455000000185], [87.9266740000001, 26.446404000000086], [87.9281620000001, 26.440065000000118], [87.92586815200002, 26.437526982000122], [87.92580400000008, 26.43745600000011], [87.9254590000001, 26.43728700000014], [87.92267832100015, 26.43592605100008], [87.92266800100003, 26.43592100000012], [87.9199884050002, 26.434610887000133], [87.91996001800004, 26.43459700800014], [87.91987609800003, 26.434415818000105], [87.91978566500012, 26.433972785000094], [87.91948100000019, 26.432478000000174], [87.91912100000008, 26.43071600000019], [87.92415600000015, 26.429234000000122], [87.9266740000001, 26.428881000000047], [87.92711210800013, 26.4285290200001], [87.92743682900004, 26.42826843200004], [87.9276199570001, 26.428215014000045], [87.92762328100002, 26.428191600000048], [87.92763495400004, 26.428108320000092], [87.92781615400008, 26.427963278000163], [87.92853500000007, 26.427389000000062], [87.92926, 26.41824500000007], [87.92930513600004, 26.41795358200011], [87.93499800000012, 26.41769600000009], [87.95016900000002, 26.40818900000005], [87.96286909200012, 26.400229221000075], [87.96831512500017, 26.39681625300011], [87.971131114, 26.396309133000045], [87.97671000000014, 26.395305000000008], [87.98070698600009, 26.39458478600011], [87.98072817700012, 26.394580971000096], [87.98430000000019, 26.393981000000053], [87.98730273000012, 26.393476424000085], [87.9932861330002, 26.392471314000034], [87.99361419600007, 26.392375945000083], [87.99415599900004, 26.39222000000001], [87.99415656400004, 26.392205254000032], [87.9943763760001, 26.386464956999987], [87.994521626, 26.382671744000106], [87.99452224100014, 26.382655619000104], [87.99462239700011, 26.38001104600005], [87.99502599599998, 26.36935412500003], [87.99575219000008, 26.3693540000001], [87.99626887300008, 26.36935237900002], [87.99620447300009, 26.368527047000157], [87.99619300000012, 26.368380000000172], [87.99998500000015, 26.36501300000009], [88.00006627300002, 26.36495324600014], [88.00037396599998, 26.364727026000082], [88.00491080600005, 26.366228403000036], [88.00496700000008, 26.366247000000044], [88.00491426300005, 26.36611527100007], [88.0047343870001, 26.365664544000026], [88.00471496600017, 26.365615844000047], [88.00471126000008, 26.365604669000106], [88.00464800000015, 26.36541300000016], [88.00447100000008, 26.364880000000085], [88.006306, 26.364500000000078], [88.0067139640002, 26.36441600700016], [88.00829771900004, 26.361450215000104], [88.00832400000019, 26.361401001000104], [88.01018500000015, 26.360779000000093], [88.03255473200005, 26.364631954000174], [88.03293596999998, 26.365707042000167], [88.03104400000012, 26.36834500000009], [88.03068150000018, 26.36860050000007], [88.03031900000019, 26.368856000000108], [88.03010800000015, 26.369486000000165], [88.02999899999998, 26.369810000000143], [88.0299377980001, 26.369992601999968], [88.02969400100005, 26.37072000000012], [88.03072400000013, 26.371273000000087], [88.03112794600014, 26.372110150000026], [88.03112203300009, 26.372126748000028], [88.03069300000004, 26.373331000000178], [88.03091423900014, 26.373410181000054], [88.03173800000019, 26.373705001000133], [88.03198931700013, 26.374589981000156], [88.0320890000001, 26.37494100000015], [88.03179100000011, 26.375789000000168], [88.03156300000006, 26.376438000000007], [88.03193048900005, 26.376299439000036], [88.03241700000007, 26.376116001000128], [88.03389700000014, 26.378180999999984], [88.0311500000002, 26.378650000000107], [88.03082300000017, 26.37870600000008], [88.03032500000018, 26.379948000000184], [88.02982300000019, 26.38119900000015], [88.02978055100016, 26.381308906000186], [88.02969400000018, 26.381533000000047], [88.02982537700012, 26.38160890100005], [88.03017000000011, 26.381808000000092], [88.03205900000012, 26.382900000000177], [88.03264600000017, 26.38249000000019], [88.032715, 26.382515000000126], [88.0334505850002, 26.3838390520001], [88.03390499900013, 26.38465700000006], [88.0343357370001, 26.38654140600005], [88.03466800100006, 26.387995000000046], [88.03582000000006, 26.388117001000126], [88.03702500000009, 26.388243001000035], [88.03715500000004, 26.39172400000001], [88.03880228300017, 26.390212074000146], [88.03901694300015, 26.390015052000024], [88.03912667600008, 26.390215145000127], [88.03980500000011, 26.391453000000183], [88.04049681100003, 26.392713655000136], [88.04048232800017, 26.392824209000025], [88.04045400000012, 26.393037000000106], [88.04038200000002, 26.393586999999968], [88.04248800000005, 26.39383500000008], [88.04254761700008, 26.393868807000104], [88.04379999900016, 26.394579000000192], [88.04362782600003, 26.394685543000037], [88.04310667700014, 26.39500813800015], [88.0429920000002, 26.39507900000018], [88.04350765600003, 26.39504664800012], [88.04377320700007, 26.395030050000173], [88.04455566500013, 26.394981385000165], [88.04478168899999, 26.394967258000122], [88.04498286000006, 26.39495500800018], [88.04498600000011, 26.394984000000136], [88.04501300000004, 26.39521200000013], [88.04509100000013, 26.395839000000137], [88.04510500000004, 26.39594800000009], [88.04616500000014, 26.39578800000004], [88.04672552000017, 26.395704334000186], [88.04759174600008, 26.395575038000175], [88.04733281400013, 26.395865905000164], [88.04701833300015, 26.396218893000082], [88.04660000000007, 26.396694000000025], [88.04750100000001, 26.39691899999997], [88.04840394100006, 26.39714602200013], [88.04908000000012, 26.397316001000036], [88.04870552000006, 26.397950774000094], [88.0484680240001, 26.398353354000164], [88.04813900000005, 26.398912000000053], [88.04783600000002, 26.399427000000003], [88.04915305700001, 26.400305248000052], [88.04991899900017, 26.400816001000123], [88.04993522799998, 26.400812351000184], [88.05021614400016, 26.400749191000102], [88.05255993200012, 26.400359086000037], [88.05293292300013, 26.40029701300017], [88.05295525800011, 26.40026709100016], [88.05299727400006, 26.40021080200006], [88.05306243900003, 26.400123596000128], [88.05417601700015, 26.3986820450001], [88.05475600000011, 26.400216999999998], [88.05492400400016, 26.400671001000035], [88.05570983800015, 26.400608063000107], [88.05802830200014, 26.400421981000193], [88.0576630000001, 26.400936000000172], [88.05740400000013, 26.4013020000001], [88.05678599999999, 26.402163000000087], [88.05793800000009, 26.402739000000167], [88.05827900000008, 26.402909000000193], [88.05857512300014, 26.403055872000095], [88.05877685600007, 26.40315628000019], [88.05848693800004, 26.40423965400015], [88.0583080130001, 26.404920788000027], [88.05815099900008, 26.405518001000132], [88.05943968100013, 26.40592040600012], [88.05946363500016, 26.40592788600003], [88.05949963100011, 26.405989213000055], [88.05958100000015, 26.406129000000135], [88.05987500000015, 26.406630000000007], [88.05957100000006, 26.407183000000146], [88.05939500000005, 26.40750500000013], [88.06053200000014, 26.40750500000013], [88.06189216200005, 26.408753448000027], [88.06242957500007, 26.409246646000156], [88.06261400000011, 26.409416000000135], [88.0626941490001, 26.409408449000125], [88.06275187500006, 26.40940301100005], [88.06371200000018, 26.40965000000017], [88.06648279600012, 26.410363947000178], [88.06661800000012, 26.409644000000185], [88.06666328700004, 26.409401557000137], [88.06673431400014, 26.409023285000103], [88.06697838899998, 26.407755230000078], [88.0684490000001, 26.40862600000014], [88.06866851900003, 26.408755939000173], [88.06895281300012, 26.408923566000112], [88.06971000000016, 26.40936999900015], [88.06978414300016, 26.409275430000093], [88.07039600000007, 26.40849500000013], [88.07107521800015, 26.407629010999983], [88.07110676400009, 26.407630280000035], [88.07390583800003, 26.407743451000044], [88.07207500900017, 26.41284900700009], [88.08111600000012, 26.419815000000085], [88.08117043000016, 26.4198795800001], [88.08602800000011, 26.425643000000036], [88.08624268500017, 26.425897626000165], [88.08683099300004, 26.427977031000125], [88.08740199900018, 26.429995999000027], [88.08752400000009, 26.430408000000114], [88.0906910000001, 26.43346200000019], [88.09091800000004, 26.43368300000003], [88.09123033000014, 26.433987373000093], [88.09740400000004, 26.437443000000087], [88.09901400000007, 26.443048000000033], [88.09941100000003, 26.45212000000015], [88.09616100000005, 26.459003000000166], [88.0944290000001, 26.462677000000042], [88.09550500000017, 26.46356800000001], [88.09668000000005, 26.464548000000093], [88.09697000000006, 26.46457700000019], [88.10205100000013, 26.465790000000027], [88.10594900000007, 26.466707000000042], [88.10624700000005, 26.467903000000035], [88.10041000000007, 26.472252000000026], [88.10699500000015, 26.471756000000028], [88.10709400000013, 26.471867000000145], [88.10923000000014, 26.47592500000013], [88.10289000000012, 26.479460000000074], [88.10375200000004, 26.48356400000017], [88.10832200000016, 26.48910700000016], [88.10819200000003, 26.489225000000147], [88.10580399999998, 26.491329000000178], [88.10292100000004, 26.49411600000019], [88.10302000000001, 26.49859800000013], [88.10128000000014, 26.50543400000015], [88.09518400000007, 26.504314000000193], [88.09368100000006, 26.505907000000036], [88.09291800000017, 26.506716000000154], [88.09339900000015, 26.50704400000012], [88.09911300000005, 26.510916000000066], [88.09804500000018, 26.51480900000007], [88.09771000000018, 26.51613200000014], [88.09955600000012, 26.516623000000095], [88.10551500000008, 26.51821500000017], [88.10590400000012, 26.52012800000017], [88.10717792100007, 26.52632001100011], [88.10732269400006, 26.52701568700013], [88.1074905390002, 26.528423310000164], [88.10525500000006, 26.530413000000124], [88.10573600000004, 26.53322000000003], [88.1061479490001, 26.535623705000035], [88.10761986900008, 26.535333800000103], [88.10819200000003, 26.535221000000035], [88.10967300000004, 26.531733000000088], [88.1103047960001, 26.53024383800016], [88.11031774200006, 26.530240886000115], [88.11040900000017, 26.530239999999992], [88.11508807100017, 26.53019058000018], [88.11514300000016, 26.53019000000012], [88.1193434280001, 26.525164487000097], [88.1235430000001, 26.52014000000014], [88.13070900000008, 26.51386800000006], [88.13182918700011, 26.512887265000188], [88.13217908600001, 26.512581026000134], [88.13442124200009, 26.513240820000192], [88.1376570000001, 26.51419300000009], [88.13907899999998, 26.51325500000013], [88.14032605300008, 26.512431507000088], [88.14129638600014, 26.511791229000096], [88.14539305400018, 26.510971133000055], [88.1456625880001, 26.511634322000134], [88.14769700000005, 26.516640000000052], [88.15011495300018, 26.51685124100004], [88.15090200000003, 26.516920001000074], [88.15389768300014, 26.51609430000002], [88.15506700000003, 26.51577200100013], [88.15744000000007, 26.51874200000009], [88.16538200000014, 26.52164100000016], [88.16602300000005, 26.534460000000138], [88.16826600000019, 26.537360999999976], [88.1705140000002, 26.536546000000044], [88.17063100600012, 26.53650299300017], [88.17382812500006, 26.532829284], [88.17605795000009, 26.531929115000082], [88.1786800000001, 26.53087100000016], [88.17962600000004, 26.534491000000003], [88.17961902600018, 26.534526228000118], [88.17939100000012, 26.53567800000019], [88.17913100000015, 26.536991000000114], [88.18055461200015, 26.539557390000027], [88.18242599899997, 26.542931000000067], [88.18571438400005, 26.54413137900019], [88.18573781399999, 26.54413993100019], [88.19050327000014, 26.544309903000055], [88.19665400000014, 26.54356400000006], [88.19668559100018, 26.543560051000156], [88.19896325700017, 26.541772986000183], [88.19899000000015, 26.54175200000003], [88.19915658900015, 26.539748300000156], [88.19924199500014, 26.538721066000107], [88.19962742100006, 26.53870048800013], [88.20040700000015, 26.53865900000011], [88.2014834630001, 26.53860145600015], [88.2031062760002, 26.53919911300011], [88.2040560000001, 26.539551000000188], [88.20494100000013, 26.53725100000014], [88.20649339400012, 26.535979777000023], [88.20742034900019, 26.535221101000104], [88.21456106700003, 26.535589199000015], [88.21533949500014, 26.537911378000047], [88.21299430800013, 26.538341631000037], [88.21109000000013, 26.538691000000085], [88.21051200000011, 26.539513000000056], [88.20966300000003, 26.540722000000073], [88.21235700000017, 26.54167000000018], [88.21491400000019, 26.541609000000108], [88.21642078000013, 26.541572509000048], [88.21689605600005, 26.541561126000033], [88.21697849200012, 26.54166070900004], [88.21733200000006, 26.54208800000015], [88.22080080100011, 26.546281754000006], [88.22001000000012, 26.547439000000054], [88.21949829900012, 26.54818867100016], [88.219223022, 26.5485916130001], [88.21389000000016, 26.550770000000114], [88.2153930070001, 26.55726799500013], [88.21803528000015, 26.555605044000117], [88.22180900000012, 26.5532300000001], [88.229086, 26.552264000000093], [88.23120098900011, 26.55198025300018], [88.23117900000017, 26.546587000000045], [88.23114800000008, 26.539211000000137], [88.23218500000013, 26.536005000000046], [88.23336000000018, 26.532370000000014], [88.22582200000016, 26.526640000000043], [88.21865100000014, 26.523701000000074], [88.20793200000014, 26.51590699999997], [88.20665740700014, 26.514980296000033], [88.20647851700005, 26.51202288500008], [88.20644400000015, 26.51145100000008], [88.20636000000013, 26.510060999000075], [88.20365088000011, 26.51030573800017], [88.19982910100003, 26.510650635000047], [88.19386291400014, 26.508010864000028], [88.18634033200016, 26.500070572000084], [88.18228112300011, 26.49660505100013], [88.17920700100012, 26.493980000000136], [88.17905749400006, 26.490954282000075], [88.17903902100005, 26.490579990000185], [88.18340296700018, 26.48839977299997], [88.18321700000018, 26.487103000000104], [88.18295300000017, 26.485259999999982], [88.19164300000011, 26.483080000000086], [88.19307000000003, 26.475613000000124], [88.19356034800012, 26.47304546400011], [88.19375610400016, 26.4720211020001], [88.21479028200008, 26.469730383000183], [88.21694169800008, 26.472650590000114], [88.21264600000012, 26.47458100000017], [88.21293300000002, 26.47637400000019], [88.21315433300015, 26.477756099000032], [88.21315800000019, 26.477779000000055], [88.21909, 26.4770860000001], [88.22622700000005, 26.476252000000045], [88.22595999999999, 26.472021000000098], [88.22112300000003, 26.46684799999997], [88.2211076750001, 26.46684503900019], [88.21757800000017, 26.466163000000165], [88.21644259800019, 26.465943834000143], [88.21534021100018, 26.46573077400012], [88.22070998600014, 26.4599441470001], [88.22460200000012, 26.455750000000137], [88.22683300000011, 26.45136200000013], [88.22793834499998, 26.449186949000023], [88.22897338900003, 26.447151184000063], [88.23217691700006, 26.446564203000094], [88.23388682500013, 26.446251033000124], [88.236648559, 26.449310303000118], [88.2397992560002, 26.449305853000112], [88.24044700000019, 26.449305000000095], [88.24340100000018, 26.449301000000162], [88.24704349600006, 26.44157605400011], [88.24835200100006, 26.43880099900008], [88.24904600000002, 26.43789700000019], [88.2504700410002, 26.436040911000134], [88.25219726500012, 26.433790208000175], [88.25534054800005, 26.432471641000063], [88.25639600000011, 26.432029000000114], [88.2595936410001, 26.43068776700011], [88.25963600000017, 26.430670000000134], [88.26085999999998, 26.429658000000074], [88.2627560000002, 26.428089000000114], [88.26439588300008, 26.42538325100014], [88.2656100000001, 26.42338000000018], [88.26749000000001, 26.42204800000013], [88.26790600000015, 26.421753000000024], [88.26807300000013, 26.42030700000015], [88.26834900000006, 26.417921000000092], [88.26315299999999, 26.41501000000011], [88.25985264200017, 26.415379681000047], [88.25538606600009, 26.415879993000033], [88.23607975900006, 26.396434653000142], [88.23581700000005, 26.396169999999984], [88.23580626700016, 26.396165587000098], [88.23059847000013, 26.394023708000077], [88.23044600100019, 26.393960999000114], [88.22991831600012, 26.392150663000052], [88.22924810000012, 26.38985080000009], [88.22994525500013, 26.38845026200005], [88.23171234000006, 26.384901047000085], [88.2347452800002, 26.380003419000047], [88.23760470000019, 26.37538655600008], [88.23761000000007, 26.37537800000007], [88.24136800000014, 26.37450100000018], [88.24266936300012, 26.37419675600006], [88.24312591500006, 26.37409019600011], [88.24352936300005, 26.374476640000125], [88.24372900000009, 26.3746680000001], [88.24510696500016, 26.375988384000152], [88.24511700000005, 26.37599800000004], [88.2451279490001, 26.37599775199999], [88.24873300000007, 26.37591600000019], [88.25126600000004, 26.375858000000164], [88.253785117, 26.374895298000126], [88.2548980000002, 26.374470000000088], [88.26164200000005, 26.380030000000033], [88.26759300000003, 26.38116100000019], [88.2676026260001, 26.381151660000114], [88.26836900000012, 26.380408000000045], [88.26994300000013, 26.378880000000095], [88.27226800000011, 26.37795900000009], [88.27283306700008, 26.377735087000133], [88.27397918600013, 26.377281190000133], [88.28189849900019, 26.360130309000112], [88.28539990800004, 26.358721734000028], [88.28637900000007, 26.358328000000142], [88.2899020000001, 26.35691100000014], [88.28991926800006, 26.356885268000156], [88.29132400000015, 26.354792000000145], [88.2919158900001, 26.35391016500006], [88.28914906900002, 26.351149047000092], [88.28913899999998, 26.351138999000113], [88.2867311510002, 26.350376541999992], [88.28336334300008, 26.34930992200003], [88.27935028000007, 26.346349716000077], [88.28169997900011, 26.339809057000082], [88.28101300000003, 26.338438000000053], [88.27955600000007, 26.33553100000006], [88.27626000000004, 26.332493], [88.27243800000014, 26.3305400000001], [88.27238762500019, 26.33058042300013], [88.27137500000015, 26.331393000000162], [88.26976000000008, 26.332689000000073], [88.26881754400011, 26.33617778500019], [88.26859295100007, 26.337008992000108], [88.26688700000005, 26.336743000000126], [88.26612603800015, 26.336624701000005], [88.26526641800007, 26.336490631000117], [88.26113128600008, 26.337850570000114], [88.25842716400012, 26.334721656000056], [88.25801100000018, 26.334240000000136], [88.25630999900005, 26.330117999000095], [88.25433794300011, 26.328331629000047], [88.25370788600014, 26.327760697000087], [88.24819946300005, 26.326538085000152], [88.24677430600019, 26.322367405000023], [88.24636800000013, 26.321178000000145], [88.2446980000002, 26.31628999999998], [88.23912805200013, 26.313198029000034], [88.23647170500016, 26.305464192999978], [88.23645000000005, 26.305401000000188], [88.23430599000011, 26.30659992200009], [88.2341610000002, 26.306681000000026], [88.23180532800012, 26.310308222000117], [88.23177315600014, 26.310357758000123], [88.22963721000013, 26.30755474800003], [88.22691277600018, 26.303978895], [88.2269060000001, 26.303970000000106], [88.22682900000012, 26.299615000000188], [88.2267760000002, 26.29665000000017], [88.22626771600005, 26.29496732500013], [88.22458599999999, 26.28940000000017], [88.2241810000001, 26.28926600000011], [88.22101600000002, 26.28821900000014], [88.21900200000005, 26.285671000000036], [88.21595418600009, 26.285110099000065], [88.21498102000004, 26.284931004000043], [88.21425600000009, 26.281681000000106], [88.21115900000018, 26.280001000000027], [88.20410200000015, 26.27959100000004], [88.19917300000003, 26.276791000000173], [88.19651590600006, 26.275281494000126], [88.19448900000003, 26.27413000000007], [88.18936810200017, 26.275100937000047], [88.18432000000013, 26.27474700000016], [88.18337246800007, 26.274681033000093], [88.17982615900019, 26.267581097000118], [88.17690300000015, 26.261727999000016], [88.1670610000001, 26.257199999000193], [88.163116, 26.257529999000155], [88.16097243900003, 26.257219991000056], [88.15882900000008, 26.25691000000012], [88.1474530000001, 26.253659000000027], [88.14669114500003, 26.25344129100006], [88.14444732600009, 26.252799987000117], [88.14064799800013, 26.249639604000038], [88.14064312700003, 26.248369476000107], [88.14063076600013, 26.245727641000087], [88.13864400000006, 26.244519000000025], [88.13794789200006, 26.244096019999972], [88.13741302400018, 26.243770599000186], [88.13669522200013, 26.240559914000187], [88.13593300300005, 26.23715001300019], [88.13597800000014, 26.237051000000065], [88.13879214000008, 26.230841755000142], [88.13880200000017, 26.23082000000005], [88.13582600000012, 26.228210000000104], [88.13105000000002, 26.226810000000057], [88.12612853900009, 26.226919862000102], [88.12596073100002, 26.227232824000055], [88.1256027230001, 26.227899551000064], [88.12284133700007, 26.22792380700014], [88.12131100000016, 26.227937000000054], [88.11995700000006, 26.22794899900009], [88.119947061, 26.227946860000145], [88.11796000000004, 26.227519000000086], [88.11610096400005, 26.227118954000048], [88.11187744200015, 26.226209641000025], [88.1120037030002, 26.22607092000004], [88.11265500000019, 26.225356000000033], [88.11390699900011, 26.223980001000143], [88.11450200000007, 26.223698000000127], [88.11601300000001, 26.222980000000064], [88.1115400000001, 26.219504000000086], [88.10838300000006, 26.21705100000014], [88.1062140000002, 26.216519000000176], [88.10572804000009, 26.216400010000086], [88.10423299100012, 26.21449976000008], [88.10246300000011, 26.212250000000097], [88.09718300000009, 26.206430000000125], [88.09679702400013, 26.20644173200003], [88.0935972220002, 26.20653899300015], [88.08969116300005, 26.203231812000183], [88.08830020000016, 26.19974428800009], [88.08800300000007, 26.19899900000007], [88.08759303000011, 26.197971074999998], [88.08724200000017, 26.19444100000004], [88.0854257690001, 26.193764643000122], [88.08162700000014, 26.19235000000009], [88.07298300000008, 26.185390000000098], [88.07482900000002, 26.181280000000186], [88.07144757300011, 26.178813839000156], [88.07141900000016, 26.1787930000001], [88.07103499400017, 26.17804894400018], [88.06983200000013, 26.175718000000074], [88.06920137400016, 26.17615927600019], [88.0671010000001, 26.17762900000008], [88.06343100000004, 26.176670000000172], [88.06162089500009, 26.175568575000057], [88.05864700000018, 26.17375900000019], [88.05429400000003, 26.172322000000122], [88.0523300000001, 26.171673000000055], [88.05063222600012, 26.172943227000076], [88.04836300000011, 26.174641000000122], [88.04833678900019, 26.17467992000013], [88.04618095100017, 26.177880991000052], [88.0404660000001, 26.1768110000001], [88.03743728400013, 26.177699916999984], [88.03233337500012, 26.173519135000106], [88.03363037100019, 26.170289993000097], [88.02852630600017, 26.167289734999997], [88.02748203300018, 26.164821637999978], [88.02662700000008, 26.16280000000006], [88.02448900000007, 26.161100999999974], [88.01751700000017, 26.155560000000037], [88.01174199400003, 26.154790964000142], [88.0112460000002, 26.151952000000108], [88.01096703400003, 26.150358423000114], [88.0107803350001, 26.14929008500019], [88.01509095900008, 26.14290806100007], [88.01496715000007, 26.14278332300006], [88.01389343300013, 26.14170154900006], [88.01306900000003, 26.140871000000004], [88.01296402300017, 26.140911641000116], [88.01179264800015, 26.14136452600019], [88.00681304900013, 26.143289566000135], [88.00192825500011, 26.141451723000046], [87.99910700000015, 26.140390000000025], [87.99603300000018, 26.141790000000015], [87.988403, 26.148611000000074], [87.98838970800017, 26.1486333200001], [87.98364213000008, 26.15660553900011], [87.98210906900016, 26.159179687999995], [87.97479248100018, 26.15286064200012], [87.97362721000013, 26.153203966000092], [87.97281200000003, 26.153444000000093], [87.969536, 26.154409000000157], [87.96405800000008, 26.15197900000004], [87.96334100000013, 26.148890001000154], [87.96869700000008, 26.147871000000123], [87.96877300000011, 26.139351000000033], [87.96951800000011, 26.138601000000165], [87.97096999799999, 26.137140002000024], [87.96833411700015, 26.132665404000193], [87.96784200000019, 26.13183000000015], [87.9678313080002, 26.131827035000185], [87.95713100000017, 26.12886000000009], [87.95843700000006, 26.12620600000008], [87.95868553300011, 26.125700981000136], [87.96381097400007, 26.125506439000162], [87.96718817300018, 26.12538015400014], [87.9674070000001, 26.12537200000014], [87.9680790000001, 26.12506600000006], [87.97563200000008, 26.121630000000152], [87.96935300000018, 26.10931000000005], [87.95823700000005, 26.10882899900014], [87.95820095100015, 26.10879450700014], [87.95508500000017, 26.105813000000126], [87.95498726300019, 26.105719543000077], [87.9549484260001, 26.105682373000036], [87.95481793100004, 26.10498624500019], [87.95461000000012, 26.103874000000076], [87.95440700000006, 26.102793000000133], [87.95813000000004, 26.100851000000034], [87.95765699999998, 26.097090000000094], [87.96225623900017, 26.094942238000044], [87.96272864800005, 26.094721630000038], [87.96409000000006, 26.09344200000004], [87.96570317600015, 26.09192365800004], [87.96775300000013, 26.09177300000016], [87.9694820000002, 26.091648000000134], [87.97019300000005, 26.08768400000008], [87.97025300000018, 26.087351000000012], [87.97135300000008, 26.08593100000013], [87.97219089900005, 26.084850130000063], [87.96959500000008, 26.082619000000022], [87.9681320000002, 26.081362000000126], [87.96540100000004, 26.08261400000015], [87.9640120000002, 26.08325000000019], [87.96296600000016, 26.083448000000033], [87.96103546100005, 26.08381430700007], [87.95984649600018, 26.084039689000065], [87.95643452600012, 26.083673921000184], [87.95379800000012, 26.08339100000012], [87.95052300000003, 26.08304000000004], [87.94300800000013, 26.084690000000137], [87.93788143000017, 26.084461019000116], [87.93694305500003, 26.079750061000027], [87.93717398300015, 26.07920508500007], [87.93821000000014, 26.07676100000009], [87.93469746100004, 26.070518884000023], [87.9332030000001, 26.06986200000017], [87.93112900000011, 26.06895100000014], [87.92827097600008, 26.06990223300005], [87.92253900000009, 26.071810000000085], [87.92195107900005, 26.076193001000092], [87.92186000000004, 26.076872000000037], [87.91919327300013, 26.07828562100019], [87.91652700000003, 26.079699000000176], [87.91680900000011, 26.082101000000137], [87.91748783400016, 26.087881852000066], [87.91750299900008, 26.088011000000108], [87.91447944800007, 26.08997068499997], [87.91293325200007, 26.09097283700015], [87.90263195500012, 26.08432496100005], [87.90192700000011, 26.08387000000016], [87.89572899900003, 26.07987000000014], [87.89377047300019, 26.080167552000034], [87.89256291900011, 26.080350868000096], [87.89197302400004, 26.079406787000096], [87.88928222700008, 26.075099945000034], [87.8890000560001, 26.07422108100019], [87.8882680000001, 26.0719390000001], [87.88542054900012, 26.07160273100004], [87.88471984800015, 26.07151985200005], [87.87606048500015, 26.06619072000018], [87.87769317600015, 26.057910920000097], [87.87690077800016, 26.05716774300015], [87.8764310000002, 26.056726999999967], [87.87521437100014, 26.05558585100016], [87.8752060000001, 26.055577999000036], [87.86823899600006, 26.055882789000066], [87.86325080100005, 26.05610084100016], [87.86321169500019, 26.0560699670001], [87.85906500000004, 26.05279600000017], [87.84915200000017, 26.04497000000015], [87.848943399, 26.04495550100006], [87.84480700000017, 26.044668000000172], [87.84215943900006, 26.04448395000003], [87.84211724000005, 26.044481017000066], [87.84170438700005, 26.042899640000087], [87.84126300000003, 26.041208000000097], [87.84163572200015, 26.03267372300013], [87.84165158400003, 26.032299560000183], [87.84099933500016, 26.030041592000032], [87.8389282220001, 26.022871018000046], [87.83977397300004, 26.021322382000164], [87.84029373600015, 26.02037078500001], [87.8406219520001, 26.019769877000044], [87.83718200000004, 26.01095200000009], [87.8334372270001, 26.001352491000148], [87.83333599999997, 26.001093000000083], [87.83331920900014, 26.001034850000053], [87.8324960000001, 25.998184000000094], [87.83076491200006, 25.992188404000103], [87.83075700000012, 25.99216100000018], [87.82822700000003, 25.99228800000003], [87.8272013240001, 25.99233765200006], [87.82670400000018, 25.990610000000117], [87.82639534900011, 25.9895385800001], [87.8260421760001, 25.988311768000187], [87.82618713300013, 25.983682632000125], [87.82642845300018, 25.982911305000187], [87.82988000000006, 25.971880000000056], [87.8312610000001, 25.964100000000087], [87.83114600000016, 25.96334200000007], [87.83097800000013, 25.962230999999974], [87.82644343200008, 25.959384731000114], [87.82538604200016, 25.958721026000035], [87.8270490000001, 25.953581000000156], [87.82657600000005, 25.950043000000164], [87.82656265300011, 25.95002504600012], [87.8247249370001, 25.947552729999984], [87.8239060040001, 25.94645100600013], [87.82480616800018, 25.94366087800006], [87.82830794000017, 25.941110834000085], [87.82711029100011, 25.937780381000096], [87.82890669200015, 25.936298349000083], [87.82926624400005, 25.93600178200012], [87.82993300000015, 25.93545200000011], [87.82992261900011, 25.935440017000076], [87.82842324600011, 25.93370900900004], [87.82681300000013, 25.931850000000168], [87.82485400000019, 25.931554000000176], [87.8244589860002, 25.931494381000107], [87.82350900000012, 25.931351000000063], [87.8178710300001, 25.933019991000037], [87.81728011600006, 25.936239469000157], [87.81631713100006, 25.94148612200007], [87.81606293400006, 25.942871069000148], [87.81568406100007, 25.943116536000105], [87.81271369800004, 25.945040989999995], [87.80922700000008, 25.94730000000004], [87.80898564100005, 25.947936904000187], [87.80710278500004, 25.952905936000093], [87.80509948700006, 25.958192825000083], [87.80662737800009, 25.95893054100003], [87.80685336200014, 25.959039654000094], [87.80687710500007, 25.95905111800016], [87.80860900900018, 25.961120607000055], [87.81093335600019, 25.962221741000008], [87.81179135600013, 25.96262821000016], [87.8122406010001, 25.96284103500011], [87.8119522660001, 25.963938882000093], [87.81174017600017, 25.96474642100003], [87.81127929700011, 25.96650123600017], [87.80870639500006, 25.968160119000004], [87.80452000000014, 25.970860000000016], [87.80459926200012, 25.971793943000137], [87.80467224200015, 25.972650527000155], [87.81207286000017, 25.97125077000004], [87.81230384700018, 25.971766235000132], [87.81321795100013, 25.973806122999974], [87.81445312500017, 25.976562500000057], [87.81730720399997, 25.978210525000065], [87.817359044, 25.978240459000062], [87.81740096500005, 25.980485569000052], [87.81741448400015, 25.981224972000177], [87.81755828800016, 25.989089965000176], [87.81710815500014, 26.001092910000068], [87.83241273100009, 26.021829631000116], [87.83461761500007, 26.027282715000126], [87.83500314300016, 26.028435807000164], [87.83549926500018, 26.02991967700018], [87.83672332900005, 26.033580780000136], [87.83694428700005, 26.039024492000067], [87.83704995800014, 26.041627867999978], [87.83721160900012, 26.045610427999975], [87.83859252900015, 26.048889160000044], [87.83664705500013, 26.054250754000122], [87.83752531200003, 26.055645249000122], [87.83772800000014, 26.05596700000018], [87.83943557999999, 26.0586778440001], [87.83949300100005, 26.058768999000108], [87.84252195500005, 26.066932876000124], [87.85854339600002, 26.078001024000002], [87.85861199300012, 26.07994080100019], [87.85710052400003, 26.080050666000147], [87.85550826100018, 26.08016640300002], [87.85341644300013, 26.080318452000085], [87.85331726100009, 26.08424947300017], [87.85341352600017, 26.084424118000186], [87.85483887700002, 26.087009670000043], [87.85558319000006, 26.088359834000187], [87.86025238100012, 26.093160629000124], [87.86020821200015, 26.09321165000017], [87.85971571100015, 26.093780557000116], [87.85446875500014, 26.099842197000157], [87.85446200000001, 26.099850001000107], [87.8546601600001, 26.101753547000044], [87.85491943400007, 26.104240418000188], [87.85774230900012, 26.10841941900003], [87.8594128790001, 26.11354062800018], [87.85627746500006, 26.113292694999984], [87.8506681510001, 26.10348163900005], [87.85022991600016, 26.10271513700019], [87.85015893700006, 26.10259099200016], [87.85009239600015, 26.102582014999996], [87.8481132230001, 26.102315045000125], [87.84651947000009, 26.102100373000155], [87.84345245399999, 26.10417938300003], [87.833366394, 26.101419449000105], [87.82953470400008, 26.101503795000156], [87.8291640000001, 26.101512000000014], [87.82608800000014, 26.101580000000183], [87.82096114600017, 26.10629086600005], [87.82565243900012, 26.107839815000034], [87.82053713000005, 26.10968963100015], [87.81872792400014, 26.1103438830001], [87.81738281300011, 26.110830307000185], [87.81170654400006, 26.107311250000066], [87.8068695070001, 26.106779100000097], [87.80663921500008, 26.106812066000145], [87.80482483700007, 26.10707179200017], [87.7910003660001, 26.10905075100004], [87.78636169400016, 26.105510713000058], [87.78557977900005, 26.105208806000007], [87.78321693000004, 26.1042964830001], [87.78224182100007, 26.103919983000083], [87.78065503600016, 26.102624362000086], [87.77748099900015, 26.100033001000156], [87.77114584200012, 26.10003180200016], [87.77043684900013, 26.099762633000182], [87.76881604500016, 26.099147465000044], [87.7669529580001, 26.09844034000008], [87.76675746300003, 26.10002397700009], [87.76590000000004, 26.10697000099998], [87.76591618300006, 26.10723575800006], [87.76618200100017, 26.11160100000012], [87.76527481200014, 26.112073279000185], [87.7614974990002, 26.11404037500006], [87.75092792300018, 26.115213927000184], [87.75018016700011, 26.11529695100012], [87.74825294900018, 26.115510933000053], [87.74936676000004, 26.112350464000087], [87.74803173700013, 26.11016102900004], [87.72664623400004, 26.112550973999987], [87.72380816200007, 26.116130796000107], [87.7205267870001, 26.115237853000167], [87.71960029600007, 26.114985733000083], [87.71604919400005, 26.114019394000024], [87.71590939000004, 26.116088483000055], [87.71577261200008, 26.118112807000045], [87.71562957700007, 26.12022972000011], [87.71261596600004, 26.122962951000034], [87.71209157000015, 26.122861698000122], [87.7102564270001, 26.1225073600001], [87.70638275100004, 26.121759414000053], [87.70475006200007, 26.12434005800003], [87.70383266800019, 26.12458794300005], [87.70318491200004, 26.12476297100011], [87.69993593100008, 26.125640866000026], [87.69573974500014, 26.11668014600008], [87.69496501200013, 26.116621865000127], [87.6940067500002, 26.116549777000046], [87.68985700100012, 26.116238000000067], [87.68769970800008, 26.11433960200003], [87.68524900000017, 26.112183001000005], [87.68490986600017, 26.11215355600018], [87.67096717400011, 26.11094297400018], [87.67269466200008, 26.114130173000035]]], [[[88.10366333700006, 26.535025813000118], [88.1020200000001, 26.53438900000009], [88.10130299900015, 26.53530299900018], [88.1010927710002, 26.53557097600003], [88.10065500000013, 26.53612900100012], [88.10302000000001, 26.53923600100012], [88.10367074500016, 26.53928242400019], [88.10543102700012, 26.539407791000144], [88.10545643000017, 26.539200044000097], [88.10547638000008, 26.539039613000057], [88.10504918800007, 26.53584902700004], [88.10621390500006, 26.536014450000152], [88.10366333700006, 26.535025813000118]]]]}}, {"type": "Feature", "properties": {"GID_3": "IND.5.18.1_1", "GID_0": "IND", "COUNTRY": "India", "GID_1": "IND.5_1", "NAME_1": "Bihar", "NL_NAME_1": "NA", "GID_2": "IND.5.18_1", "NAME_2": "Lakhisarai", "NL_NAME_2": "NA", "NAME_3": "Lakhisarai", "VARNAME_3": "NA", "NL_NAME_3": "NA", "TYPE_3": "Taluk", "ENGTYPE_3": "Taluk", "CC_3": "NA", "HASC_3": "NA"}, "geometry": {"type": "Polygon", "coordinates": [[[86.05734252899998, 25.33431053200013], [86.06059265100015, 25.323009491000107], [86.06278228800005, 25.319931031000124], [86.06678009100017, 25.317180635000057], [86.07388305600017, 25.314910889000032], [86.07187652700014, 25.31006050100018], [86.07966613700017, 25.307191849000162], [86.09060669000007, 25.305450440000016], [86.09549713100017, 25.31184959500007], [86.09863281300011, 25.30902099700012], [86.10415649400016, 25.300830841000163], [86.1075210570001, 25.298889159999987], [86.12011718700012, 25.287139892000084], [86.12681579600002, 25.27454948500008], [86.12658691300004, 25.27280998300006], [86.12438964800003, 25.273241043000155], [86.1223373410001, 25.27238273600011], [86.12320709200009, 25.26943016000007], [86.13175964300007, 25.26873016400009], [86.13697815000012, 25.269290923000028], [86.14582824700011, 25.267259598000066], [86.14520263800011, 25.261661531000073], [86.14631652800006, 25.2589397430001], [86.148902894, 25.264579773000094], [86.15737152100002, 25.26395034799998], [86.1638183600001, 25.259122849000164], [86.1645965570001, 25.263389587000063], [86.16353607200017, 25.271989822000137], [86.18142700300018, 25.259719850000067], [86.18554687600005, 25.25831031900009], [86.19200897100018, 25.257629394000162], [86.18911743100017, 25.25136947599998], [86.19278717000014, 25.249908447000166], [86.19882202100007, 25.250221252000188], [86.21096038900004, 25.252981186000113], [86.22631073100001, 25.257741929000133], [86.23383331299999, 25.264669419000086], [86.23919677700007, 25.267930985000135], [86.24276733500005, 25.271080017000088], [86.25505066000005, 25.27659034800007], [86.26322174100017, 25.279430391000176], [86.25937652600004, 25.285089493000157], [86.26947021600012, 25.289979935000133], [86.29183197100019, 25.297340393000184], [86.30722046000005, 25.31689071600016], [86.305549622, 25.31240081800013], [86.29904174900008, 25.30323982200008], [86.30805206400015, 25.298839570000155], [86.31241607600009, 25.298128126999984], [86.31900024400005, 25.29948997600013], [86.34449768100018, 25.308700562000183], [86.34839630200008, 25.296329498000148], [86.34815979100017, 25.282960891000073], [86.35217285100003, 25.277538300000174], [86.35788726900012, 25.273780823000095], [86.35968780600018, 25.26896095300009], [86.36044311600011, 25.258729936000066], [86.36519622900005, 25.254110337000043], [86.37136840800014, 25.249900817000082], [86.37423706000015, 25.24322128400013], [86.3766174320001, 25.23332977300015], [86.37886047400008, 25.230161667000004], [86.38701629700012, 25.22830009500018], [86.39112853900019, 25.222749710000073], [86.39624786400003, 25.222061158000088], [86.40380096300015, 25.218860627000026], [86.41558075, 25.21179962200017], [86.4250717170001, 25.20463943600015], [86.42246246299999, 25.202989579000132], [86.423530578, 25.201538086000028], [86.42218017700009, 25.19914245600006], [86.42328643900015, 25.196889878000036], [86.42016601500006, 25.193519593000133], [86.41554260300018, 25.19308090200019], [86.41310882700003, 25.190099717000123], [86.40155792299998, 25.18287086600003], [86.40611267100007, 25.17616081200015], [86.40685272100006, 25.172491075000153], [86.4172210690001, 25.165960311000163], [86.41468048100006, 25.157230377000133], [86.41483307000016, 25.15265274000018], [86.412521362, 25.148628234000057], [86.41362762400007, 25.14484024100011], [86.41532135000006, 25.14334106400014], [86.41529846200012, 25.13932037300009], [86.41223907400013, 25.13743972700007], [86.39469909700006, 25.140790939000055], [86.36454772900004, 25.144229888000154], [86.31339263900014, 25.110260011000094], [86.30980682400019, 25.10504150400004], [86.30654144300013, 25.09758186400012], [86.30972290000017, 25.086999894000144], [86.30481720000017, 25.079790116000083], [86.30017089900002, 25.077268600000025], [86.29377746500006, 25.07682991000013], [86.28016662700009, 25.08050918700019], [86.27641296400009, 25.07712936400003], [86.25865173400013, 25.065160751000178], [86.23548889100005, 25.055610658000035], [86.23438262900015, 25.053840637000008], [86.23367309600019, 25.046052933000112], [86.23680877800007, 25.03757095300017], [86.23895263600019, 25.00197029200018], [86.23686218300014, 24.99501991300002], [86.22908020100004, 24.989950181000154], [86.21936035100015, 24.989700317000086], [86.21105957100008, 24.991899490000037], [86.2032623290001, 24.994131089000064], [86.2004089350001, 24.999019623000038], [86.20184326200018, 25.002122879000126], [86.20963287400008, 25.011850357000128], [86.20906066800012, 25.017150878000166], [86.20587921100008, 25.018720627000107], [86.19124603300008, 25.022600174000047], [86.18741607600003, 25.02437019400014], [86.17941284100016, 25.029630661000056], [86.17344665600007, 25.03611183200013], [86.16208648700007, 25.042070388000013], [86.15766143900004, 25.04534912200006], [86.14904785100003, 25.04645919899997], [86.13944244300018, 25.04897117700017], [86.13745880200008, 25.042579652000086], [86.13606262200005, 25.033630371000072], [86.13320159800014, 25.032592774000136], [86.13130950900018, 25.027730942000176], [86.13088226400004, 25.020860672000026], [86.13272094800016, 25.01823997400004], [86.132980347, 25.01517105100004], [86.1319198610002, 25.01152038700019], [86.12912750200019, 25.005912781000177], [86.12587738000019, 25.00128173900015], [85.9928131100001, 24.999090194000132], [85.99555969300008, 24.97829055700015], [85.98989868100011, 24.98030090400016], [85.98634338400018, 24.976411819000134], [85.98233795100015, 24.97551155200017], [85.97592163100006, 24.986101151000184], [85.96515655600007, 24.992389680000088], [85.96080017200006, 24.989469528000086], [85.94847869900013, 24.98583984400011], [85.94477844100004, 24.98900032100005], [85.94432067900016, 24.982810974000188], [85.93614196900006, 24.98479080200019], [85.92907714800003, 25.00246048000008], [85.88066864000018, 25.00233078100007], [85.88285827700008, 25.019920350000177], [85.88423919700011, 25.02810287400007], [85.88305664100017, 25.03647995100016], [85.88825225800008, 25.043050767000068], [85.89209747299998, 25.041641236000032], [85.89930725100004, 25.04034996000013], [85.90756225500007, 25.05401039100002], [85.91322326700003, 25.057809831000156], [85.92855072100008, 25.065029143999993], [85.93329620300017, 25.063589097000147], [85.94039154100011, 25.063360214000113], [85.94291686899999, 25.06864166300005], [85.94608307000004, 25.07189941400003], [85.94515991200007, 25.07695961100012], [85.94132232700008, 25.084209443000077], [85.9431991570001, 25.09548950200019], [85.94933319200004, 25.104339599000184], [85.94931793199999, 25.111021042000118], [85.94777679400005, 25.117349626000077], [85.94835662900016, 25.12527084400017], [85.94934845000006, 25.133800507000046], [85.9555206300002, 25.150840760000165], [85.95852661100014, 25.16644096400006], [85.95744323700006, 25.174249650000093], [85.95347595100003, 25.180919647000167], [85.92542266900006, 25.21739006100006], [85.92431640700005, 25.222860337000043], [85.92119598400006, 25.227069855000025], [85.91870117200006, 25.232540131000178], [85.9187469490002, 25.239019395000184], [85.91799926900012, 25.2419300090001], [85.91838836699998, 25.244108201000074], [85.91651153600003, 25.247671128000036], [85.91398620600017, 25.250331880000147], [85.90606689500015, 25.25423050000012], [85.89554595900006, 25.26137924200009], [85.89457702600009, 25.265270233000024], [85.8970184330002, 25.26917839100014], [85.89617919900002, 25.27709960900006], [85.89897155700015, 25.281400681000093], [85.897087097, 25.289871215000176], [85.8983078010001, 25.293872833000023], [85.89951324500004, 25.298521042999994], [85.90522766100014, 25.29663276700012], [85.91069030900007, 25.30154037500006], [85.91699981700003, 25.30170059200009], [85.9229660040001, 25.302789688000132], [85.92294311500007, 25.30738830600012], [85.92547607400013, 25.31283950900007], [85.92357635500008, 25.318201065000153], [85.92514801100009, 25.323511124000106], [85.93585968100018, 25.32407951300013], [85.94262695300017, 25.3234596260001], [85.95359802200011, 25.31948089500014], [85.98348999000018, 25.313272476999998], [85.9903411860002, 25.310148240000046], [86.00434112500011, 25.303159713000127], [86.00493621800007, 25.29875946100003], [86.00602722100018, 25.297901154000158], [86.00762939400016, 25.299940109000033], [86.01062774700017, 25.29864120600007], [86.0101470940001, 25.294099808000055], [86.01612854000012, 25.293060302000185], [86.02202606100019, 25.293310166000083], [86.021896362, 25.298789978000173], [86.02343750000017, 25.303819656000087], [86.03011322000009, 25.30678939800015], [86.03040313600007, 25.31707954500007], [86.03510284400011, 25.330528259999994], [86.03321075500014, 25.333251953000058], [86.04132843000008, 25.33700942900009], [86.04326629600018, 25.338901520000036], [86.04704284600018, 25.340801239000086], [86.0491714480001, 25.334869386000037], [86.05384826700009, 25.333652497000173], [86.05734252899998, 25.33431053200013]]]}}, {"type": "Feature", "properties": {"GID_3": "IND.5.19.1_1", "GID_0": "IND", "COUNTRY": "India", "GID_1": "IND.5_1", "NAME_1": "Bihar", "NL_NAME_1": "NA", "GID_2": "IND.5.19_1", "NAME_2": "Madhepura", "NL_NAME_2": "NA", "NAME_3": "Kishanganj", "VARNAME_3": "Udakishanganj", "NL_NAME_3": "NA", "TYPE_3": "Taluk", "ENGTYPE_3": "Taluk", "CC_3": "NA", "HASC_3": "NA"}, "geometry": {"type": "Polygon", "coordinates": [[[87.09601593000019, 25.514329911000175], [87.0905075070001, 25.51095009000005], [87.08801269500009, 25.502189637000015], [87.08481598000003, 25.497940063000158], [87.08016967700007, 25.49488067700014], [87.0764083860002, 25.493619920000185], [87.0749816890002, 25.489330291999977], [87.07406616100008, 25.481641769000078], [87.07055664200004, 25.476680756000178], [87.06910705600001, 25.472379685000192], [87.06697082600004, 25.469259261000104], [87.0602111820001, 25.468999864000068], [87.05193328900003, 25.46993065000015], [87.0456466670002, 25.47228050300015], [87.04263305600017, 25.470741273000158], [87.03954315100003, 25.471210480000025], [87.02079010000011, 25.462680818000024], [87.01573944100011, 25.461610795000183], [87.01248169000013, 25.462490082000045], [87.01158142100019, 25.46473121600019], [87.01692199600018, 25.469951631000015], [87.01817321700008, 25.472690582000098], [87.01815795900006, 25.475057603000096], [87.0169830320001, 25.477449417000116], [87.01270294100004, 25.48064041200007], [87.01048278900004, 25.475660324000103], [87.00418853700006, 25.475370407000014], [86.99833679200003, 25.470720292000124], [87.0003662100001, 25.469480514000054], [86.99449157700013, 25.470190047000017], [86.98568725500013, 25.47756195000011], [86.97605133100006, 25.47648048400015], [86.9708023070001, 25.471981049000078], [86.96782684300013, 25.46305275000003], [86.96430969300008, 25.46381950400007], [86.96476745700011, 25.471570969000084], [86.96150207400001, 25.473369599000023], [86.95511627200011, 25.47458076500004], [86.95388794000013, 25.478029252], [86.95007324100004, 25.480760575000147], [86.94702911300004, 25.480550765000032], [86.94567108200005, 25.477691651000043], [86.94555664000018, 25.474990845000093], [86.92912292400007, 25.482749938000154], [86.93009185700004, 25.485099793000188], [86.93270874000012, 25.48588943500016], [86.93865966900017, 25.48543167100013], [86.9413909920001, 25.48644828900018], [86.94106292700008, 25.48977852000013], [86.93290710399998, 25.492380142000115], [86.928520203, 25.491609573000005], [86.92530059799998, 25.49215126100006], [86.92444610500007, 25.49082946700014], [86.9254531850001, 25.484790802000077], [86.9219207770002, 25.485099793000188], [86.91998291100009, 25.48697090100012], [86.91948700000017, 25.4938011160001], [86.90538787900005, 25.49166107100001], [86.90656280500014, 25.488550187000044], [86.91182708700012, 25.48419952400019], [86.91398620500007, 25.480569839000168], [86.91265869099999, 25.475250244000108], [86.90947723400012, 25.47359085100004], [86.90574645900006, 25.47488975500005], [86.90122222900004, 25.477729798000098], [86.89700317400008, 25.478570938000075], [86.89507293600008, 25.478181839000115], [86.89250183100006, 25.47537994300012], [86.88420868000014, 25.472000122000168], [86.8801727300002, 25.466571808000083], [86.87370300200007, 25.46253013600017], [86.86871337900016, 25.463199615000008], [86.86157226600005, 25.466699601000073], [86.8594818110002, 25.46540260300003], [86.85880279600019, 25.462810516000104], [86.85407257000014, 25.463649751000162], [86.85015106100013, 25.45396041900011], [86.82318878300003, 25.458459855000058], [86.8201293940001, 25.45625114400019], [86.81894683900003, 25.452049255000077], [86.82340240500014, 25.448869705999982], [86.82286834800004, 25.44588089100006], [86.82121276800007, 25.44578170800014], [86.81774139500016, 25.443830490000153], [86.81433105500008, 25.445520401000067], [86.81154632500005, 25.450830460000077], [86.80621338000014, 25.45660019000013], [86.80699920700005, 25.45820045500011], [86.80898285000012, 25.459400177000077], [86.81430816700009, 25.458911896000075], [86.81458282500012, 25.465681076000067], [86.81310272300004, 25.469089508000025], [86.8072433480001, 25.467910768000024], [86.80474853600009, 25.47085952800012], [86.8115997320001, 25.472419739000145], [86.81535339300007, 25.47268104600016], [86.81907653800005, 25.471981049000078], [86.81886291500001, 25.474269868000192], [86.82655334500004, 25.48191261400018], [86.82192230300006, 25.491479875000152], [86.82272338900009, 25.49542808500013], [86.82177734400005, 25.501531601000124], [86.82755279500014, 25.508100509000087], [86.82995605500003, 25.512559890000034], [86.83609771800008, 25.517061234000153], [86.8374481210002, 25.527790069000105], [86.84049987900005, 25.529489518000105], [86.84134674100017, 25.531040191000102], [86.8419265760001, 25.538328170000113], [86.83687591600017, 25.54520034699999], [86.83750152600004, 25.550140381000176], [86.83686828600008, 25.554441453000095], [86.84308624300019, 25.565490722999982], [86.84616851700014, 25.56948089700012], [86.84411621100014, 25.573568344000023], [86.84748840399999, 25.577920913000128], [86.84162139900013, 25.58072090200011], [86.83924102800012, 25.58361053500016], [86.83708953900015, 25.584432603000153], [86.83515930100015, 25.586740494000082], [86.83524322500017, 25.589902877000156], [86.8341979990002, 25.592491151000104], [86.83818817100013, 25.59636116000013], [86.83513641300004, 25.60616111900015], [86.83598327700014, 25.61510086000004], [86.83444976800013, 25.61856269800012], [86.8303527830002, 25.620830536000028], [86.82762146000005, 25.620729445999984], [86.82552337700008, 25.61902046199998], [86.81903839100016, 25.619131089000177], [86.81727600099998, 25.620920181000088], [86.81722259600014, 25.62832069500007], [86.80863952600015, 25.63153839100005], [86.80828094400016, 25.632932663000133], [86.80253601000015, 25.635660170999984], [86.80127716099997, 25.63831138500018], [86.80341339100016, 25.640649795], [86.80568695000011, 25.645162584000104], [86.80016326900005, 25.64922904900004], [86.79778289700005, 25.65252113400004], [86.79876709100017, 25.657100678000063], [86.8002395630001, 25.657510757000125], [86.80367279100017, 25.656679154000187], [86.80915832500017, 25.65750122200012], [86.81590270900006, 25.665901183000187], [86.81815338200005, 25.666980744000057], [86.82263183700013, 25.665002823000066], [86.82656860400016, 25.665029524999966], [86.82817077600004, 25.66714286900003], [86.82895660300011, 25.669940950000182], [86.82955932600015, 25.676151276000155], [86.83580779900018, 25.67823028600003], [86.8437728880001, 25.679210664000152], [86.85247802800001, 25.674789429000157], [86.85711670000012, 25.67613983300015], [86.85469055200014, 25.684989930000143], [86.85182190000012, 25.689609527000187], [86.85183715800014, 25.695810317000053], [86.86373138500005, 25.707099914000025], [86.86505890000001, 25.711629868000045], [86.86981964100005, 25.716590881000116], [86.86834716900006, 25.721660614000086], [86.86329651000005, 25.72962951700015], [86.85806274400011, 25.731319428000063], [86.84320831300016, 25.73320007400008], [86.83963012600015, 25.735811234000096], [86.83793640100009, 25.738460540999995], [86.83925628600014, 25.742759705000083], [86.84144592300004, 25.745399476000102], [86.84794616800008, 25.74133110000014], [86.85170745900012, 25.74176025500003], [86.85283660900012, 25.74290084900008], [86.85357665900005, 25.746280670000033], [86.85050964300012, 25.748199462000173], [86.84436798000013, 25.74950027500006], [86.85183715800014, 25.762491227000055], [86.8525466910001, 25.767940522000174], [86.8604125970001, 25.76836013900015], [86.86662292500006, 25.770090103000143], [86.87658691500008, 25.77024078500017], [86.88353729300013, 25.772039414000062], [86.90103912300015, 25.77334976300017], [86.90844726500006, 25.775241852000136], [86.92478942900004, 25.777360916000134], [86.94078064000007, 25.776729584000122], [86.95706939600007, 25.774709702000166], [86.96607208300003, 25.774459840000134], [86.98185730000006, 25.77090263400015], [86.99263763300002, 25.77050018400007], [87.0069808950002, 25.75961112900012], [87.00380706900012, 25.744289399000024], [87.00702667200017, 25.73789024399997], [87.00907897900004, 25.73602294900013], [87.01268768300002, 25.734817505000024], [87.01287841900017, 25.729610443000126], [87.01711273200016, 25.720811844000025], [87.02142334000013, 25.71643829400017], [87.02580261200006, 25.713012696000078], [87.0300216670002, 25.714370727000073], [87.03462219300019, 25.713808060000133], [87.0351181040001, 25.709699631000092], [87.04151153600009, 25.69954109200006], [87.04573822100014, 25.687791824000158], [87.04464721700009, 25.68176078900018], [87.04054260300012, 25.675849914000082], [87.03823089700018, 25.670980454000073], [87.03466796800018, 25.66678237900004], [87.0250930790001, 25.666208267000172], [87.02379608100006, 25.66372108600018], [87.0249023450001, 25.658670427000175], [87.02327728400002, 25.650739670000064], [87.027740478, 25.64316177500001], [87.02984619200015, 25.63511085500005], [87.03436279300001, 25.629091263000078], [87.04120635900017, 25.62326049800015], [87.04087066600016, 25.614320756000154], [87.03911590600012, 25.607900620000066], [87.03849029400004, 25.598400115000118], [87.04091644300013, 25.593259811999985], [87.05142212000015, 25.584558487000095], [87.05536651500006, 25.579830170000093], [87.05480957100019, 25.576930999000126], [87.05722045900018, 25.56509971700018], [87.04920196600011, 25.537200927000185], [87.0497512820001, 25.533849716000077], [87.05171203600014, 25.53152275100001], [87.05014801000004, 25.527490617000183], [87.05185699500015, 25.525091171999975], [87.05487823499999, 25.523189546000026], [87.05945587200011, 25.52589988800014], [87.06201171900011, 25.526140214000122], [87.06838226299999, 25.519809723000094], [87.071662903, 25.51908111600011], [87.0746383660001, 25.520860672000083], [87.07869720600019, 25.52568054200009], [87.09082031200018, 25.52441024800015], [87.09410858100017, 25.52248001000015], [87.09549713100012, 25.51956939600018], [87.09601593000019, 25.514329911000175]]]}}, {"type": "Feature", "properties": {"GID_3": "IND.5.19.2_1", "GID_0": "IND", "COUNTRY": "India", "GID_1": "IND.5_1", "NAME_1": "Bihar", "NL_NAME_1": "NA", "GID_2": "IND.5.19_1", "NAME_2": "Madhepura", "NL_NAME_2": "NA", "NAME_3": "Madhepura", "VARNAME_3": "NA", "NL_NAME_3": "NA", "TYPE_3": "Taluk", "ENGTYPE_3": "Taluk", "CC_3": "NA", "HASC_3": "NA"}, "geometry": {"type": "Polygon", "coordinates": [[[87.08603668200016, 26.055429459000038], [87.1029815660001, 26.052190782000025], [87.10547638000008, 26.049329758000056], [87.10910797100007, 26.04840087900004], [87.10927581800001, 26.04541015700005], [87.10547638000008, 26.044340134000038], [87.10346984900008, 26.04096984900019], [87.10659790100004, 26.038579941000137], [87.1050567630001, 26.036239624000018], [87.08912658700007, 26.039461136000114], [87.08531189000018, 26.038930893000042], [87.08149719200003, 26.03726005500016], [87.07740783800011, 26.03119850100012], [87.0781326290001, 26.02441978500019], [87.08027649000013, 26.020891190000043], [87.07596588000018, 26.012510300000088], [87.066482543, 25.999080658000025], [87.06668853800011, 25.99374961800015], [87.06500244100016, 25.991729736000025], [87.06268310500008, 25.991729736000025], [87.06005859500016, 25.99445152400017], [87.05455780000005, 25.991001130000143], [87.05445861800018, 25.988410951000105], [87.05287933300019, 25.98628807100016], [87.0543365470001, 25.982009888000107], [87.05780029400012, 25.98085021899999], [87.06410217200016, 25.97508811900019], [87.06574249300007, 25.97540283100011], [87.07375335700016, 25.972749710000073], [87.07623291000004, 25.970100403000174], [87.07430267300015, 25.966430663000097], [87.07418823200015, 25.96406173700001], [87.07479858300013, 25.960620881000068], [87.06608581500006, 25.96138000400009], [87.05473327599998, 25.966188432000024], [87.05291748000002, 25.965250015000095], [87.05177307200006, 25.963251114000002], [87.05103302000009, 25.961481094000135], [87.05146789500009, 25.95727920500019], [87.04959869500016, 25.953468323000152], [87.0478591910001, 25.951721191000047], [87.04496002200011, 25.951259612000115], [87.04113006500006, 25.95314979599999], [87.03813934300007, 25.953691484000046], [87.0344924920002, 25.953729629999998], [87.03215789800015, 25.952789307000103], [87.03173065200014, 25.95768928600006], [87.02707672200017, 25.959800719999976], [87.02395629800009, 25.958419800000115], [87.02202606300017, 25.95630836400005], [87.01931762600015, 25.951740265000183], [87.0199279790001, 25.949230195000155], [87.01364898700018, 25.94738960300009], [87.01136779800015, 25.945381164000082], [87.006126403, 25.944032668999967], [87.00238800000005, 25.94232940600017], [86.99636078000015, 25.943309785000054], [86.99279022300004, 25.94314956700009], [86.98385620100015, 25.94176292500015], [86.98591613800016, 25.934009552000134], [86.9927597040001, 25.922109604000184], [86.99666595399998, 25.918060304000164], [86.9988021850001, 25.912490845000036], [87.00295257600004, 25.90588188100014], [87.00554657000009, 25.901979446000098], [87.01143646200018, 25.89491271999998], [87.01317596500013, 25.896310807000134], [87.01386261000016, 25.892379761000143], [87.01706695500019, 25.893341066000175], [87.02162933400012, 25.89789962700013], [87.02377319400006, 25.896060943000066], [87.02678680300005, 25.88947105400007], [87.02835845900006, 25.877260207000006], [87.02758789100011, 25.87393951399997], [87.0250930790001, 25.870510101000036], [87.01918029700005, 25.86820983800004], [87.02223205500013, 25.86578941400012], [87.02442932100007, 25.862831116000166], [87.02445220900017, 25.86057281500007], [87.02942657500017, 25.854999541999973], [87.03269195500019, 25.849779129000126], [87.03398132300009, 25.84478950600004], [87.03439331000015, 25.835390090000033], [87.0326232920001, 25.831720353000037], [87.03260803100017, 25.82673072900002], [87.02736663800016, 25.821178437000185], [87.02812957800006, 25.816949844000135], [87.02749633900015, 25.814491273000044], [87.02546691900011, 25.812889099000188], [87.02231597900015, 25.813810348999993], [87.01819610600006, 25.81664276200013], [87.01560974200015, 25.816749572000106], [87.01361846900016, 25.813751221000075], [87.01348114000007, 25.809259416000145], [87.01706695500019, 25.800701142000094], [87.01439666800013, 25.79730033800007], [87.0147094720001, 25.791530610000166], [87.0131530770002, 25.7870006550001], [87.00800323500005, 25.779991149000068], [87.00686645500014, 25.761390685000094], [87.0069808950002, 25.75961112900012], [86.99263763300002, 25.77050018400007], [86.98185730000006, 25.77090263400015], [86.96607208300003, 25.774459840000134], [86.95706939600007, 25.774709702000166], [86.94078064000007, 25.776729584000122], [86.92478942900004, 25.777360916000134], [86.90844726500006, 25.775241852000136], [86.90103912300015, 25.77334976300017], [86.88353729300013, 25.772039414000062], [86.87658691500008, 25.77024078500017], [86.86662292500006, 25.770090103000143], [86.8604125970001, 25.76836013900015], [86.8525466910001, 25.767940522000174], [86.84522247300004, 25.771669387000088], [86.84648895200007, 25.776201249000053], [86.848487853, 25.78096962000012], [86.85246276900011, 25.78490829500015], [86.85415649400016, 25.790189742000052], [86.85357665900005, 25.794811249000077], [86.85031890900018, 25.797782898000037], [86.84680175700015, 25.814239502000078], [86.86374664300007, 25.818489076000162], [86.86132049500009, 25.82201957600006], [86.86036682200012, 25.82501983700007], [86.85665893600009, 25.825799943000106], [86.8470764170001, 25.83706092900013], [86.84667968800005, 25.842090607000102], [86.84442901599999, 25.844989777000023], [86.84587860100015, 25.851430894000146], [86.84104919500004, 25.84933090300018], [86.8382568360002, 25.861070634000157], [86.83927154600013, 25.864469527999972], [86.83361816400009, 25.867620468000098], [86.83332061800019, 25.869180679000124], [86.83554077200017, 25.870950699000048], [86.83436584400016, 25.872230529000092], [86.82421875100016, 25.869720459000064], [86.81842804000019, 25.869251252000026], [86.81476593100018, 25.869970321000096], [86.80304717900009, 25.875320434000002], [86.79651641800018, 25.87197113000019], [86.7856292730001, 25.863939286000175], [86.78157043500016, 25.86236190900013], [86.7708129880001, 25.860769272000084], [86.76280975300006, 25.86252021900009], [86.75080108600008, 25.86301994300004], [86.74360656600004, 25.85800933800016], [86.72947692900004, 25.860490799000047], [86.72408294600007, 25.86277961800016], [86.72229004000008, 25.86677932800012], [86.71985626300005, 25.867839813000046], [86.71605682300009, 25.86800003100018], [86.71156311000016, 25.866582872000038], [86.70600891200013, 25.86703109800004], [86.70359039300013, 25.870180130000165], [86.69756317100007, 25.88981056299997], [86.69772338899998, 25.89575004600016], [86.69526672400002, 25.905458451000072], [86.68151855400009, 25.90205001900017], [86.68074035600017, 25.907188415000064], [86.68177032400013, 25.916610719000005], [86.67871856800008, 25.91888046300005], [86.67819213800004, 25.9250202180001], [86.6852111820001, 25.935300827000106], [86.68327331600017, 25.93707084700003], [86.67463684200004, 25.937530519000063], [86.66838836700003, 25.93625068700004], [86.666542053, 25.934841156000005], [86.66455078200005, 25.92995071400003], [86.65748596300017, 25.9304580700001], [86.64317321700003, 25.923049928000182], [86.64109039200008, 25.92311096300017], [86.63658142100013, 25.92617034900013], [86.63510131900006, 25.92836952200014], [86.62901306100014, 25.928159715000106], [86.62770080500007, 25.930219651000186], [86.62635040200018, 25.936740875000112], [86.62232971100013, 25.942380905999983], [86.61976623600003, 25.944139481000093], [86.61709594800004, 25.944740297000067], [86.61369323800005, 25.943580628000177], [86.61116027800011, 25.944032668999967], [86.6107330320001, 25.947250367000095], [86.61386871400003, 25.952970505000167], [86.61711883599997, 25.95635032600012], [86.62462616100004, 25.9621925350001], [86.62612915100004, 25.966409682000062], [86.62406158400012, 25.967140199000028], [86.61884308000003, 25.966840745000127], [86.61141967700013, 25.96845817600007], [86.6079864510001, 25.970729827000184], [86.60383605900012, 25.975030899000103], [86.6047821040001, 25.98233985900015], [86.60151672300003, 25.990030289000174], [86.60254669100016, 25.99234962500003], [86.60367584200009, 25.99698066700006], [86.60526275600012, 26.00796127400008], [86.60852813700018, 26.01115989700014], [86.6125259390002, 26.012710572000117], [86.61937713700007, 26.013042450000057], [86.62349701000016, 26.017061233000106], [86.6251068110002, 26.020191192000027], [86.62766265800019, 26.028949738000108], [86.6346969600001, 26.02590942300003], [86.64115905800008, 26.025779724000188], [86.65289306600005, 26.022621156000184], [86.66124725400005, 26.02300071700006], [86.66501617400019, 26.025539398000035], [86.67237854100011, 26.02633094800018], [86.67288971000005, 26.033540726000183], [86.68199920700016, 26.03572082500017], [86.68058014000007, 26.04190826500019], [86.68225097600009, 26.04535102900013], [86.68531036400015, 26.048521042000118], [86.68313598700007, 26.053211212000065], [86.68570709300019, 26.06302070700019], [86.68931579700018, 26.068370820000098], [86.69814300600018, 26.07432174700017], [86.70759582600016, 26.090410233000114], [86.71111297600004, 26.09495925900012], [86.71440887500017, 26.097038269000166], [86.7180023190001, 26.106340409000154], [86.72540283300015, 26.119670869000174], [86.7322616570001, 26.120449066000162], [86.73977661200007, 26.114009858000088], [86.75422668400017, 26.10696029600018], [86.75343322700019, 26.102550507000103], [86.76200866600016, 26.099380493000183], [86.76378631700004, 26.094289780000054], [86.77517700300018, 26.09422111600003], [86.7869262690001, 26.10366058400018], [86.79181671000015, 26.106491089000144], [86.79859161300004, 26.10691070600018], [86.80375671500019, 26.110429764000173], [86.80857849100016, 26.11222076500013], [86.82002258200015, 26.11134147600012], [86.82343292200005, 26.109399795000115], [86.82595825200013, 26.106708527000023], [86.82804107700002, 26.10264968900009], [86.83122253400012, 26.10003280600006], [86.8436660770002, 26.097770690000118], [86.85498809800004, 26.093780518000187], [86.86530303900008, 26.09333992000012], [86.87769317700008, 26.091119766000133], [86.90540313800017, 26.088180543000192], [86.91645813100013, 26.086080552000055], [86.92814636300017, 26.08719062900019], [86.97025299100011, 26.071870804000127], [86.97875976500018, 26.068649293000135], [86.99008178800005, 26.066690446000166], [86.99550628700007, 26.07060051000019], [87.0011672980001, 26.073299408000025], [87.00534820600018, 26.07733917300004], [87.00798797500005, 26.078149796000048], [87.01162719800016, 26.07794952400019], [87.01734924300007, 26.075679780000144], [87.02295684900008, 26.07180976900014], [87.03304290900007, 26.061220170000126], [87.03544616700015, 26.06162071300014], [87.03933715900001, 26.064720153999986], [87.04194641100008, 26.06571960600013], [87.04556274300018, 26.064992904000178], [87.04834747300004, 26.06344986000005], [87.05428314200009, 26.05760192800011], [87.05779266400003, 26.0567398070001], [87.06244659400016, 26.057731629000045], [87.07134246900017, 26.057750702000135], [87.08287811200012, 26.055271149000077], [87.08603668200016, 26.055429459000038]]]}}, {"type": "Feature", "properties": {"GID_3": "IND.5.20.1_1", "GID_0": "IND", "COUNTRY": "India", "GID_1": "IND.5_1", "NAME_1": "Bihar", "NL_NAME_1": "NA", "GID_2": "IND.5.20_1", "NAME_2": "Madhubani", "NL_NAME_2": "NA", "NAME_3": "Benipatti", "VARNAME_3": "NA", "NL_NAME_3": "NA", "TYPE_3": "Taluk", "ENGTYPE_3": "Taluk", "CC_3": "NA", "HASC_3": "NA"}, "geometry": {"type": "Polygon", "coordinates": [[[85.95928192100013, 26.31172943100006], [85.95443725600012, 26.309490204000156], [85.94966888500016, 26.309410095000146], [85.93678283700018, 26.311059952000164], [85.9319229140001, 26.312570573000187], [85.9240264890002, 26.313159943000073], [85.92159271200018, 26.31207084700003], [85.91971588200016, 26.310211182000103], [85.91670990100005, 26.309160233000114], [85.91436004600018, 26.31105041500018], [85.90994262600009, 26.31222915700016], [85.91002655000011, 26.307622909000088], [85.90612793000014, 26.308322907000104], [85.90896606500002, 26.300600052000163], [85.9094467160001, 26.293960571000127], [85.91221618600008, 26.291950227000086], [85.90867614700005, 26.28808975300001], [85.90027618300007, 26.289680481000005], [85.89742279000018, 26.29140090900006], [85.89167022700019, 26.28911972100019], [85.88719177299998, 26.282560349000107], [85.87854004000013, 26.2807998670001], [85.87528991700003, 26.281829835000053], [85.87309265200008, 26.28018951300004], [85.87265014600001, 26.27812194900008], [85.86823272700019, 26.27940940899998], [85.86489868100006, 26.282751083000107], [85.85777282700019, 26.28343963600014], [85.85568237400014, 26.28582954500007], [85.85305023300003, 26.28426170400013], [85.84873199500015, 26.285600662000036], [85.84738159200009, 26.282680512000184], [85.84552002000004, 26.281900406000148], [85.83811187800012, 26.28577041700015], [85.82760620100015, 26.283510209000042], [85.81305694600007, 26.29389000000009], [85.80483245800013, 26.297870637000187], [85.8102874760001, 26.301830292000147], [85.80986022899998, 26.306459427000107], [85.80451202300014, 26.310119628000166], [85.80774688700012, 26.311389923000036], [85.80863189700017, 26.31332969600004], [85.80899047800006, 26.316030503000093], [85.80705261200012, 26.317920686000093], [85.81012725900007, 26.326692582000078], [85.80993652300009, 26.33043289200009], [85.81346893300014, 26.33360290600018], [85.81816101100009, 26.331220627000164], [85.82440948600004, 26.32842063800007], [85.82527160600017, 26.337520600000175], [85.82929992700014, 26.344770432000132], [85.831619263, 26.345029831000033], [85.82994079500003, 26.34781074500006], [85.82833862299998, 26.347141265999994], [85.82193756000015, 26.34683990400015], [85.81063842800017, 26.348579407999978], [85.81124877900015, 26.355260849000103], [85.81294250600001, 26.359439849000182], [85.81550598100011, 26.360040665000156], [85.82183075000006, 26.359712602000116], [85.82279205300006, 26.36251068100006], [85.8201904300002, 26.363130570000123], [85.81978607200017, 26.36521911699998], [85.81784820600001, 26.36750030500008], [85.81730651800018, 26.369340896000097], [85.80885314900019, 26.376920701000074], [85.8095779410001, 26.378400803000147], [85.8126373290001, 26.378011704000187], [85.81326293900014, 26.382669448000115], [85.81436157200005, 26.383409500000084], [85.81627655, 26.38336944600013], [85.82254791300011, 26.380279541000164], [85.82390594500004, 26.38095092700013], [85.82438659700006, 26.38283920300006], [85.82536315800007, 26.38334274400006], [85.82891845699999, 26.382371904000024], [85.82964324900013, 26.38327980100007], [85.82602691700004, 26.384260177000044], [85.82663726800018, 26.386550904000103], [85.82581329400006, 26.39192962700008], [85.82405090400005, 26.392530442000123], [85.82022094700017, 26.38849067800004], [85.81372833300014, 26.389110565000067], [85.81299591100009, 26.390861512000072], [85.80867004300012, 26.395469665000064], [85.80684661800012, 26.3964805600001], [85.80623626699997, 26.398860932000105], [85.8070373540001, 26.400171280000166], [85.8111419670002, 26.40323066700006], [85.80909729100011, 26.403770447000113], [85.80850982600009, 26.405569076000177], [85.80899047800006, 26.410169602000167], [85.8081512440001, 26.412599563000015], [85.80429840100004, 26.411689757999966], [85.7981414800002, 26.414319993000106], [85.79033660900001, 26.414501190000067], [85.78569793700007, 26.416179658000033], [85.78412628100006, 26.412338257999977], [85.7819900510001, 26.410930634000067], [85.77733612000003, 26.41139984200015], [85.77760315000012, 26.407592773000033], [85.77925872800012, 26.405200959000183], [85.77142334000018, 26.40631103600009], [85.76883697400007, 26.406000138000138], [85.76634216200006, 26.405628204000095], [85.76354217600004, 26.403190612000003], [85.75477600000016, 26.40656280500008], [85.75058746399998, 26.405109407000054], [85.74973297100007, 26.406520843000123], [85.74946594200009, 26.412572861000115], [85.75551605200013, 26.42394828700003], [85.75654602100019, 26.42929077200006], [85.76055145300012, 26.436870575000057], [85.76125335600017, 26.440261841000165], [85.75981140100015, 26.441249848000098], [85.76001739600008, 26.441890718000025], [85.76195779000005, 26.442404529000157], [85.76246606300009, 26.44253906800003], [85.76444064200012, 26.444675735000146], [85.7658770000001, 26.446230001000174], [85.76567092300002, 26.446754556000144], [85.76532700100017, 26.44763000000006], [85.76148200000011, 26.449929999000062], [85.75776831600012, 26.450938344000065], [85.75454700000006, 26.451813001000062], [85.74876625200011, 26.455443239000033], [85.74822999700007, 26.45578001900003], [85.74655200000007, 26.464781000000187], [85.74443192200016, 26.46997912700016], [85.74442299900005, 26.470001006000075], [85.74434700000006, 26.472238978000178], [85.74440749700017, 26.472308469000154], [85.7463229990002, 26.474507999000082], [85.7489700000001, 26.474939000999996], [85.75115203000018, 26.474685854000143], [85.75361633300008, 26.474399566000045], [85.75788116600006, 26.472629548000157], [85.76867685300004, 26.4632510940001], [85.77021310700013, 26.465160830000173], [85.77031701700002, 26.465289993000113], [85.7875370000001, 26.457318999000165], [85.78885693300015, 26.460460842000145], [85.79016175800001, 26.46100755499998], [85.79431900000009, 26.46274899900004], [85.79720303200014, 26.46259111400019], [85.7985763550002, 26.470521927000107], [85.80622875400019, 26.471841916000187], [85.80564900100006, 26.478180000000066], [85.80354300000016, 26.47787100000005], [85.80332375100005, 26.477960287000087], [85.80047607400007, 26.47912025500011], [85.80019989000016, 26.479509968000116], [85.79968300000019, 26.480239999000048], [85.80030082400015, 26.48111880600004], [85.80068197200006, 26.481660960000113], [85.79999186200018, 26.482073990000174], [85.79663800000014, 26.484081000000174], [85.79576037200019, 26.48376956900006], [85.79464000100012, 26.483372000000088], [85.78813200000013, 26.484301000000073], [85.7861469610001, 26.485570984000162], [85.78578916499998, 26.48579989600006], [85.78351826700003, 26.48580520600018], [85.78099100000009, 26.485811000000126], [85.78273800000005, 26.483540000000175], [85.78125790800016, 26.48045003300018], [85.77896700000014, 26.48125587400017], [85.77852611499998, 26.481410960000005], [85.77591700000005, 26.479271000000097], [85.77378485200018, 26.479453107000154], [85.77017983800016, 26.47976111700001], [85.76822700000002, 26.481170999000142], [85.764717571, 26.481756680000046], [85.76445799200013, 26.481800031000148], [85.76381700100012, 26.48485900100013], [85.76657900000009, 26.484930000000077], [85.76679021199999, 26.485779569999977], [85.7669370000001, 26.48637000100007], [85.76633441800016, 26.48755299200019], [85.7658770000001, 26.488451001000158], [85.76319100000012, 26.491090999999983], [85.7534560690001, 26.491750996000064], [85.75222015300017, 26.49913978600017], [85.75561612800004, 26.499751062000144], [85.75756100000001, 26.500101000000143], [85.76114700000011, 26.50602900100006], [85.76454200100005, 26.509029000000055], [85.7644975770001, 26.509674027000017], [85.76444199900016, 26.510481000000084], [85.76214600000014, 26.511730097000168], [85.76214600000014, 26.513790000000142], [85.76362652800009, 26.51450862500019], [85.7652587890002, 26.515300750000108], [85.77156809100018, 26.520520994000037], [85.77501700000016, 26.52028999900017], [85.7776570010002, 26.518459001000053], [85.78126618400012, 26.51902806400011], [85.78401184000012, 26.51946067800003], [85.78405400100013, 26.514398234000055], [85.784088, 26.51030000000003], [85.78322600000013, 26.50709000100011], [85.78238361200005, 26.506092502000115], [85.78086900000011, 26.504299000000003], [85.78045699900008, 26.499531000000047], [85.78824600100006, 26.499179999000035], [85.79065700100006, 26.500869999000088], [85.791175006, 26.501809248000086], [85.79173299900009, 26.502821000000097], [85.79191599900014, 26.505640001000017], [85.79405999900007, 26.50733000100007], [85.79462672600016, 26.50860107500006], [85.79643249500009, 26.51264953600014], [85.80005916400006, 26.512788777000026], [85.80293997900009, 26.51289919200019], [85.80281140000005, 26.514052313000093], [85.80268900100015, 26.515150000000062], [85.80162661600008, 26.515781020000077], [85.79950723800005, 26.51704019500005], [85.80007815900012, 26.517511271000103], [85.80258899900019, 26.51958300000001], [85.80399869500013, 26.523657976000038], [85.80401600100015, 26.523708000000113], [85.80927676200014, 26.52634457900001], [85.81080600000018, 26.527111001000037], [85.81120731400017, 26.52801339399997], [85.8116989990001, 26.52911900000015], [85.81430671500004, 26.5315406470001], [85.81548300000009, 26.532633000000146], [85.81677735000005, 26.534637165000106], [85.81913000000003, 26.538279999999986], [85.81923239300005, 26.54134113500004], [85.8193129980001, 26.54375091100013], [85.81581347800005, 26.54729885100005], [85.81105800000006, 26.552120000000116], [85.80460785999998, 26.553146819000062], [85.80352016100016, 26.553319975000193], [85.80279732600013, 26.554061206000142], [85.79969802700009, 26.55723997300015], [85.80294000000004, 26.564729999999997], [85.80384800799999, 26.569205850000174], [85.80400100000008, 26.56996000100014], [85.80314159599999, 26.570500245000062], [85.80193328800004, 26.571260453000093], [85.80148659600019, 26.57219013100007], [85.80132303900007, 26.572530922000112], [85.80444300000005, 26.574671001000183], [85.80696100000017, 26.578670998999996], [85.80872403800004, 26.58388206800015], [85.80982999900016, 26.587151001000166], [85.80669923500011, 26.592024949000063], [85.80605316100014, 26.593030930000054], [85.81356811500018, 26.597520828000086], [85.81046300500014, 26.604369999000085], [85.81124100000011, 26.60417900000016], [85.81412194600011, 26.603940587000068], [85.8155670160001, 26.603820801000097], [85.81832122800012, 26.603818893000096], [85.81982421800012, 26.60252380500009], [85.83262634300019, 26.60125160300015], [85.83269500700004, 26.601577758000076], [85.83353424100017, 26.610940934000098], [85.83460998600009, 26.610774994000053], [85.83515167200017, 26.610778809000067], [85.84207916300005, 26.610296249000157], [85.85331726000004, 26.609516145000043], [85.85562133800005, 26.604701997000177], [85.85650634700005, 26.5995407100001], [85.8599700920002, 26.589586259000043], [85.85069275000012, 26.57653427200006], [85.85150909300006, 26.571937562000073], [85.85211944700012, 26.56841468900018], [85.85524749800004, 26.569593430000054], [85.85888671900017, 26.571670532000155], [85.85968780600007, 26.571268083000177], [85.85981750500008, 26.57131576500001], [85.85987091000015, 26.57117843600014], [85.86062622000009, 26.57080078100006], [85.86089325000017, 26.568576812000174], [85.8705520630001, 26.57466316200015], [85.87060546800012, 26.574724197000137], [85.87292480400004, 26.57937622000003], [85.87401580800008, 26.578914643000132], [85.8780136100001, 26.58091545200017], [85.88133239800004, 26.582509995000066], [85.88175201500002, 26.583477020000032], [85.88581085300012, 26.582462310000096], [85.88892364400004, 26.582429886000057], [85.89323425300012, 26.594543456000167], [85.89482879600013, 26.594337464000148], [85.8962860110002, 26.594661712000175], [85.89731597900015, 26.594017029000042], [85.90272522000015, 26.594543456000167], [85.90275573700006, 26.594713211000055], [85.90299987800012, 26.600378037000155], [85.9038162240002, 26.60021591200018], [85.91162872300009, 26.604169845], [85.91191101100014, 26.604331970000032], [85.91481781000005, 26.60401535000011], [85.91621399000013, 26.6086158760001], [85.91902923700007, 26.609317781000186], [85.92411804300014, 26.609714509000128], [85.92910003700007, 26.610311508000052], [85.92872619600013, 26.611314774000107], [85.93019104000018, 26.612781526000163], [85.93121337800005, 26.61511612000004], [85.93108367900004, 26.616285325000092], [85.93502044600007, 26.613214492999987], [85.94023895300012, 26.615827561000003], [85.9404144290001, 26.615915298000118], [85.94261932500007, 26.612915039000086], [85.95034027200006, 26.61322021600006], [85.94966888500016, 26.616003037000155], [85.94851684600019, 26.620916367000063], [85.95171356100008, 26.624362946000076], [85.95281982500012, 26.624216079000064], [85.95714569100011, 26.62893867500003], [85.95760345500014, 26.62947273300017], [85.95672607400013, 26.633102418000192], [85.95469665600007, 26.637163163000025], [85.9555206300002, 26.638113023000074], [85.95569610500007, 26.643625258999975], [85.95730590800014, 26.64561462400019], [85.95880127000004, 26.648969651000073], [85.95967102100013, 26.64885330100003], [85.95971679600012, 26.64891624400019], [85.96163940400004, 26.649955750000004], [85.96252441500019, 26.651081085000158], [85.96341705200007, 26.650918960000126], [85.96389770500014, 26.65083313100007], [85.96541595500014, 26.65021515000018], [85.96612548900004, 26.651218414000027], [85.96711731000016, 26.65261459499999], [85.9700164790001, 26.65161704999997], [85.97032165600007, 26.652034760000106], [85.97232055700016, 26.65481567300003], [85.9754562390001, 26.654558181000084], [85.97797393900004, 26.657651901000065], [85.97818756200019, 26.657917023000152], [85.98062896600004, 26.6576080320001], [85.98696136500007, 26.65680885400002], [85.98999023500005, 26.656425476000095], [86.00217437800018, 26.654561996000098], [86.00813293500016, 26.655929565000008], [86.00823974500008, 26.65586853000002], [86.01281738200004, 26.65401458800011], [86.01468658400017, 26.65863418700019], [86.01422882100002, 26.659284592000063], [86.02059936400019, 26.66067505000018], [86.02101898100017, 26.66081619400012], [86.03073883100006, 26.66642189000015], [86.05039978000013, 26.661294937000036], [86.05722046000011, 26.659515381000062], [86.06502533100007, 26.658082961000048], [86.07201385600001, 26.65679931600016], [86.07621002200011, 26.649513245000094], [86.09001922700008, 26.643014908000055], [86.09035492000004, 26.642873764000058], [86.08938598700007, 26.641679765000163], [86.08954620300017, 26.641620637000017], [86.0789489760001, 26.6303691870001], [86.076416015, 26.624000549000186], [86.07228088300019, 26.6161708840001], [86.0604629520002, 26.59898948700004], [86.05918884200008, 26.594301225000095], [86.06176757800012, 26.589841843000045], [86.0688018800002, 26.584909440000047], [86.08706665100004, 26.57583045900003], [86.09459686400004, 26.569120407000128], [86.10643005400016, 26.56067085400008], [86.1096801760001, 26.55742073099998], [86.1113204950002, 26.554462433000026], [86.11075592100002, 26.55021095400008], [86.10444641100008, 26.54757118300006], [86.0905609130001, 26.543769837000127], [86.07006072899998, 26.534580231000064], [86.06861877400013, 26.524131774000182], [86.06498718200004, 26.517208100000175], [86.04136657700013, 26.513330460000134], [86.03296661400009, 26.510850907000076], [86.02355957000015, 26.502399446000084], [86.02176666400015, 26.493980409000073], [86.02517700100015, 26.48267936700006], [86.03553009100017, 26.477001191000113], [86.04524230900017, 26.474508286000173], [86.05171203700007, 26.471651077000104], [86.05394744900013, 26.46813011200004], [86.05030822800018, 26.46420097300006], [86.04453277600015, 26.462102890000153], [86.04171752900004, 26.458770752000135], [86.03970336900016, 26.435039519999975], [86.0371170050002, 26.428840637000178], [86.0354614260001, 26.422010421000095], [86.04374694900008, 26.406400680000047], [86.04416656600006, 26.400569917000155], [86.02671814100012, 26.401250839], [86.00856018000007, 26.39801979000009], [85.98558807400002, 26.395999908000135], [85.97791290400005, 26.387140275000093], [85.96662140000012, 26.371879577000072], [85.9664993290001, 26.367670060000023], [85.96904754600013, 26.349140167000144], [85.96717071500001, 26.340501785000185], [85.95513915900017, 26.32636070200016], [85.95443725600012, 26.319129943000064], [85.95645904600008, 26.31414985700013], [85.95928192100013, 26.31172943100006]]]}}, {"type": "Feature", "properties": {"GID_3": "IND.5.20.2_1", "GID_0": "IND", "COUNTRY": "India", "GID_1": "IND.5_1", "NAME_1": "Bihar", "NL_NAME_1": "NA", "GID_2": "IND.5.20_1", "NAME_2": "Madhubani", "NL_NAME_2": "NA", "NAME_3": "Jhanjharpur", "VARNAME_3": "NA", "NL_NAME_3": "NA", "TYPE_3": "Taluk", "ENGTYPE_3": "Taluk", "CC_3": "NA", "HASC_3": "NA"}, "geometry": {"type": "Polygon", "coordinates": [[[86.36988830600006, 26.044809341000075], [86.36155700600011, 26.049861908000025], [86.36226654000018, 26.055591584000183], [86.35881042500012, 26.064910888000156], [86.34314727800012, 26.08350944500006], [86.34229278600009, 26.087289811000062], [86.33550262500006, 26.086380004000148], [86.33088684100005, 26.08864021300002], [86.32907867400013, 26.09292030300014], [86.32376098700001, 26.09529113900004], [86.31809997500005, 26.096099854000045], [86.31466674900003, 26.09894943300003], [86.31535339400011, 26.106281281000008], [86.31162261900005, 26.106491089000144], [86.31108856100008, 26.11174965000015], [86.31711578400007, 26.112190246000182], [86.31233978200015, 26.118799210000077], [86.30844879200009, 26.13012123100009], [86.30909729000012, 26.139869690000126], [86.31408691400014, 26.14953041100017], [86.31812286299999, 26.15031242500004], [86.31896972599998, 26.153579713000056], [86.3151168820001, 26.154760361], [86.3145599360002, 26.15916061400003], [86.31120300400005, 26.161479950000114], [86.3098831170002, 26.166341781000085], [86.28225708000014, 26.171718598000098], [86.27947998000002, 26.177730560000157], [86.2734985350001, 26.183229447000087], [86.26436614900018, 26.18469810600004], [86.26042175200018, 26.182428360000188], [86.25341796900005, 26.183620453000117], [86.25380706700008, 26.193321228000116], [86.2489166250001, 26.196601869000062], [86.23281097300014, 26.20196914800016], [86.23114013700012, 26.20537948500015], [86.2310028080002, 26.21156120300003], [86.23561096200012, 26.221399308000002], [86.23387146000005, 26.226140976000124], [86.23346710200019, 26.232669831000067], [86.20707702700008, 26.231519700000035], [86.19667816200001, 26.227701186000104], [86.18752288800016, 26.229000092000092], [86.172363281, 26.228750230000003], [86.16310119700017, 26.23154068100007], [86.17127227700018, 26.23821067900019], [86.17720794700011, 26.241760255000088], [86.17666626000016, 26.256362914000135], [86.17402648900014, 26.265729905000057], [86.172569275, 26.2838706980001], [86.16845703000001, 26.290420533000145], [86.17498016299999, 26.293750764000094], [86.18051910300017, 26.295120240000074], [86.18750763000014, 26.295579910000072], [86.19241333000014, 26.30101966900014], [86.19756317100018, 26.3042602540001], [86.20419311500018, 26.30694961500018], [86.20313263000008, 26.328029633000142], [86.20092010400003, 26.329561234000096], [86.19124603300008, 26.329700470999967], [86.18937683100017, 26.333179474000133], [86.18936157200005, 26.336669922000112], [86.19909668100001, 26.350570679000157], [86.20696258499999, 26.34731102100011], [86.21353149500015, 26.351779938000107], [86.21032714900002, 26.36120987000004], [86.21140289300007, 26.36729049700017], [86.22236633400007, 26.379129410000132], [86.22101593000008, 26.38083839500007], [86.21910095300018, 26.388151170000185], [86.21953582800018, 26.39525985800003], [86.22384643600014, 26.398450852000053], [86.22695922900004, 26.402891160000138], [86.22245025500018, 26.41119957000012], [86.22126770000011, 26.420410156000116], [86.22968292200005, 26.420721054000126], [86.23255157400013, 26.421831131000033], [86.24501800500013, 26.422689438000077], [86.25995636000005, 26.419729232000122], [86.27131652800011, 26.419202805000168], [86.27639770500019, 26.422330856000087], [86.28452301100015, 26.418680189999975], [86.28871154800004, 26.415742875000035], [86.2940063480001, 26.41509056200016], [86.29734802200016, 26.422910691000027], [86.3192672720001, 26.419540406000124], [86.31781005900007, 26.408649445000037], [86.32254791300005, 26.409259796000185], [86.32923126200012, 26.402900696000188], [86.337608337, 26.398500442000113], [86.3418807990002, 26.405250549000186], [86.3446578970001, 26.411970138000072], [86.34855651900011, 26.41263008200019], [86.35481262200005, 26.412160875000154], [86.36164856000005, 26.40397071900003], [86.37018585300007, 26.402320861000078], [86.37782287599998, 26.402891160000138], [86.38024139400011, 26.412870408000174], [86.38079834000018, 26.419420242000115], [86.37947845400004, 26.42456054800016], [86.37477874800004, 26.42205047600015], [86.37390136699997, 26.434650421000015], [86.37567138700007, 26.44079017600012], [86.3805999760001, 26.44617080600011], [86.38289642300015, 26.451330185000074], [86.3805999760001, 26.458190919000174], [86.37647247300009, 26.46216011000007], [86.37416076700015, 26.46712112500012], [86.37650299100011, 26.477741243000082], [86.38687133700006, 26.483320237000157], [86.39747619700012, 26.49663162300004], [86.3919830320001, 26.49612808200004], [86.38846588200005, 26.497819901000128], [86.3834533700001, 26.49032974300019], [86.37127685600018, 26.500780105000104], [86.37151336700009, 26.50989914000013], [86.36791992200006, 26.51507949800009], [86.36302185000017, 26.518520356000067], [86.36312103200004, 26.558559418000186], [86.36537170499997, 26.566249847999984], [86.36353302100008, 26.574939728000118], [86.36770629900008, 26.5806007380001], [86.38997650100009, 26.593231202000084], [86.3885726920002, 26.595239639000113], [86.38829803400006, 26.59562873900012], [86.38676452700008, 26.595937729000127], [86.386940003, 26.59612274200009], [86.38745880200008, 26.59665489200006], [86.39594268800016, 26.594533921000163], [86.39629364100017, 26.59444618200007], [86.39723968600003, 26.59528350800008], [86.39937591600005, 26.59279251100014], [86.3995132450001, 26.592716218000135], [86.39941406300005, 26.590763091999975], [86.39935302700019, 26.588697434000153], [86.39733886800008, 26.584857940000063], [86.43265533500016, 26.572666168000126], [86.44797515800019, 26.5697212230001], [86.45788574200003, 26.56781768900015], [86.48832702600009, 26.54942703200004], [86.50112915100016, 26.541597367000122], [86.50327300999999, 26.541252136000082], [86.51816558700006, 26.538848875999975], [86.5241165160001, 26.543212891000053], [86.52809143000019, 26.54275512700019], [86.5305862420002, 26.542518616000052], [86.53381347600009, 26.54051590000006], [86.54421997100019, 26.538114547000077], [86.54723358200005, 26.53463745100015], [86.5529479970001, 26.529914855000186], [86.55410766600005, 26.52333831700014], [86.55680084300019, 26.523950578000097], [86.55817413400007, 26.522653580000053], [86.55778503400018, 26.52057457000018], [86.55804443300008, 26.51773643500013], [86.55727386500007, 26.518157959000177], [86.55722046, 26.517915725000023], [86.56331634499998, 26.50931549000012], [86.5637664790001, 26.50928497299998], [86.56656646800008, 26.50154876800019], [86.56690216100003, 26.500722885000187], [86.57122039800004, 26.498815537999974], [86.57204437200016, 26.49745941200007], [86.57283782900015, 26.49760437100008], [86.57277679400016, 26.49689483800006], [86.58059692300003, 26.494821548000118], [86.58289337200006, 26.49444007799997], [86.58976745500007, 26.493307115000107], [86.5903549200001, 26.49325370700018], [86.59819025600007, 26.490644475000067], [86.6054992670002, 26.488630295000064], [86.60775756800012, 26.488012314000173], [86.61470794600018, 26.486118318000138], [86.61482918200011, 26.486253495000028], [86.6150894160001, 26.486543655000048], [86.61759948700006, 26.485155105000104], [86.62221527000014, 26.483615876000044], [86.62341308600014, 26.48381042500006], [86.62381744300012, 26.482278823000172], [86.62474822900003, 26.481504441000027], [86.62564849900008, 26.481573105000052], [86.62581634400004, 26.481014251000147], [86.6282196040001, 26.480615615000033], [86.62926483100017, 26.477130889000023], [86.62938690100015, 26.476728440000045], [86.630500794, 26.47859001200004], [86.63186645500014, 26.477472304999992], [86.62987518400013, 26.475111007000066], [86.62857818600008, 26.469434739000064], [86.6285171510001, 26.46911621099997], [86.63236236600005, 26.469144822000146], [86.631141663, 26.467927933000055], [86.63161468600015, 26.467716218000078], [86.63179779000006, 26.467609406000122], [86.63174438400006, 26.46777916100001], [86.63261413500015, 26.468275070000118], [86.63413238600009, 26.466268539999987], [86.63630676300016, 26.465021133999983], [86.63683319000012, 26.46578979500009], [86.64093780500019, 26.465167999000187], [86.64087677000003, 26.464365006000094], [86.64122009300007, 26.464315414000055], [86.67917633000008, 26.453683853000143], [86.67945861800018, 26.45361137499998], [86.69261932400019, 26.45061492900004], [86.69574737600004, 26.450883867000073], [86.69763183700007, 26.448911667000175], [86.69760894800004, 26.448764800000163], [86.69790649500004, 26.448596955000085], [86.69847869900013, 26.448266984000043], [86.69800567700008, 26.444433212000092], [86.69798278800005, 26.44421959000016], [86.69983673000013, 26.44307899600011], [86.70093536400009, 26.442440034000185], [86.70215606600004, 26.437265396000157], [86.70220184300018, 26.43708229000009], [86.7102279670001, 26.43610382200012], [86.71256256100014, 26.435823441000082], [86.71254730300012, 26.435705185000074], [86.71581268400007, 26.433500289999984], [86.71721649200003, 26.431901932000073], [86.70395660300005, 26.4274997710001], [86.69991302400007, 26.41253090000015], [86.69564056400009, 26.407241822000003], [86.69403076100019, 26.40299034200018], [86.69420623900015, 26.39617919900013], [86.68715667800012, 26.392240524000158], [86.68607330300011, 26.386802674000137], [86.68654632500017, 26.385030746000098], [86.6902771, 26.38183021600014], [86.68554687500006, 26.381179810000162], [86.68448638900009, 26.379280091000055], [86.68656158500016, 26.373331070000177], [86.68415832500011, 26.371891023000103], [86.68107605100016, 26.37319183400018], [86.66876983700013, 26.3742008210001], [86.66529083200015, 26.37232971300017], [86.66118621900006, 26.372901917000092], [86.65818023600013, 26.371059419000062], [86.65802002000004, 26.36790084800009], [86.65107727000009, 26.368021010999996], [86.6438674920002, 26.37107086200001], [86.63875579800003, 26.37006950500006], [86.63772583000008, 26.366460801000073], [86.6291580210002, 26.364231109000173], [86.62251281700014, 26.359319686000106], [86.62140655500014, 26.354270935000102], [86.61770629900019, 26.350690842000063], [86.61443328799999, 26.343109131000062], [86.61419677700007, 26.338712693000105], [86.61013793900014, 26.337238312000068], [86.59832000800014, 26.341979981000122], [86.5962371830002, 26.34190940800005], [86.59349823000014, 26.34464073100014], [86.5870132460002, 26.34552002000015], [86.58104705900013, 26.345260620000033], [86.58017730800003, 26.338079453000148], [86.57166290400005, 26.33827018700009], [86.56495666500018, 26.335121155000138], [86.56172180100003, 26.32702064500012], [86.55027008100001, 26.324880600000085], [86.54493713400012, 26.314199447000135], [86.54125976700004, 26.31050109900019], [86.52675628700013, 26.309940338000047], [86.51770019500009, 26.307310104000067], [86.51197815000012, 26.299829483000053], [86.50644683800004, 26.28432083200005], [86.50399017300009, 26.28245925900012], [86.49372863700017, 26.282381058000112], [86.49006652800011, 26.274909973000035], [86.48853302100014, 26.269409180000082], [86.48874664300007, 26.261791229000096], [86.50260925300006, 26.26143074100014], [86.50348663400013, 26.25938034100011], [86.50158691500002, 26.254562378000173], [86.50403595000006, 26.248622894000107], [86.50518798900009, 26.238140106000117], [86.50306701700009, 26.22936058100015], [86.50081634400016, 26.226020813000048], [86.49724578900003, 26.225189209000177], [86.48921203600014, 26.2278804770001], [86.48545837400002, 26.22641944900016], [86.4842910770002, 26.222581864000176], [86.47780609100005, 26.221441270000128], [86.46369171200013, 26.222770690000175], [86.46100616400014, 26.21931839100006], [86.45404815700005, 26.217491150000114], [86.44729614400012, 26.217319489000033], [86.44168090800002, 26.217960357000152], [86.43750763000008, 26.21926117000004], [86.43444061400015, 26.22702980000014], [86.42990875200019, 26.229270935000045], [86.42637634300019, 26.22426986800002], [86.42392730600017, 26.217430115000127], [86.42440032900015, 26.21427917500006], [86.42624664300013, 26.210519791000024], [86.4184112550002, 26.20204925600001], [86.41490173300008, 26.2001781460001], [86.39836883600003, 26.202867508000054], [86.39557647800007, 26.205070496000076], [86.3944473270002, 26.21051025300011], [86.39093780500008, 26.20996093700012], [86.38958740200013, 26.20600128200016], [86.39621734500008, 26.199119569000175], [86.3977279660001, 26.190481187000046], [86.39321899500015, 26.187009812000156], [86.39155578700019, 26.184820175000084], [86.39131164500009, 26.176572800000088], [86.40022277800011, 26.17530822800012], [86.40587616000016, 26.173469545000103], [86.40558624200014, 26.16631126400017], [86.41668701200007, 26.16353988700007], [86.41767883300014, 26.165088654000044], [86.41697692800011, 26.167829513000072], [86.41757965100015, 26.169790268000042], [86.41900634800015, 26.17106056199998], [86.42153167700008, 26.17131233200007], [86.42388153100018, 26.169950485000072], [86.42189025800019, 26.165870666000103], [86.42179870600006, 26.16340065000003], [86.42524719300019, 26.162969590000046], [86.43312835700004, 26.164239885000086], [86.437538147, 26.170110703000034], [86.43815612800006, 26.175672531000146], [86.44042205900007, 26.177289964000124], [86.44371032800012, 26.175760270000183], [86.44676971400008, 26.16611099300019], [86.44888305600017, 26.16263008200002], [86.45558166500012, 26.158620834000146], [86.45561218300014, 26.15586090200003], [86.46055603000019, 26.15373039200017], [86.47112274300008, 26.155290603000026], [86.47616577200017, 26.15985107400013], [86.48443603400017, 26.162668229000076], [86.49080658000008, 26.16333961500004], [86.49407196100015, 26.170980453000027], [86.49665069600007, 26.172279359000015], [86.49848938000014, 26.171289445000184], [86.49971771300011, 26.16683959900007], [86.50715637100006, 26.164890290000187], [86.51703643700006, 26.161050798000133], [86.51980590900007, 26.158210755000027], [86.5210495, 26.154790879000075], [86.5208206170002, 26.15107154800006], [86.51683807500018, 26.146631242000012], [86.51423645000011, 26.14025116100015], [86.50917053300009, 26.13688087500003], [86.50718689000018, 26.13270187400019], [86.49813079800015, 26.125690461000147], [86.484939575, 26.128810882000096], [86.47792816200013, 26.131740570000034], [86.4649658190001, 26.130212783000047], [86.45894622700013, 26.12878990100006], [86.45381164600013, 26.12623977700008], [86.45079040500013, 26.120880128000124], [86.44993591300016, 26.11577034100003], [86.44618988000008, 26.11346054100005], [86.44197082400007, 26.112451553000028], [86.4388961800002, 26.104471207000188], [86.43331909100016, 26.103282929000102], [86.43045043900014, 26.09880065900012], [86.42981720000006, 26.094432831000063], [86.427452087, 26.091501236000056], [86.4272918690001, 26.086919784000088], [86.42620086800014, 26.083520890000045], [86.42459106500007, 26.080930711000065], [86.41951751700009, 26.077800752000144], [86.4213180540001, 26.076089859000092], [86.41652679400016, 26.066698074000044], [86.4153671270002, 26.062221527000133], [86.41237640500003, 26.059331894000024], [86.40468597400007, 26.0598506930001], [86.4005813600001, 26.057249069000136], [86.39421844400016, 26.05089950600012], [86.39369201700003, 26.047540663999996], [86.39234161400015, 26.04535102900013], [86.36988830600006, 26.044809341000075]]]}}, {"type": "Feature", "properties": {"GID_3": "IND.5.20.3_1", "GID_0": "IND", "COUNTRY": "India", "GID_1": "IND.5_1", "NAME_1": "Bihar", "NL_NAME_1": "NA", "GID_2": "IND.5.20_1", "NAME_2": "Madhubani", "NL_NAME_2": "NA", "NAME_3": "Madhubani", "VARNAME_3": "NA", "NL_NAME_3": "NA", "TYPE_3": "Taluk", "ENGTYPE_3": "Taluk", "CC_3": "NA", "HASC_3": "NA"}, "geometry": {"type": "Polygon", "coordinates": [[[86.16310119700017, 26.23154068100007], [86.1643676760001, 26.22867012100005], [86.16107940700005, 26.22846031200004], [86.15611267100013, 26.229328155000132], [86.15126800500002, 26.231130600000142], [86.14776611300005, 26.233352661000083], [86.14212036100008, 26.24036026000016], [86.1398925790001, 26.23851013300009], [86.1360931390002, 26.238990785000112], [86.13231658900014, 26.234991073000117], [86.12754058800016, 26.232139587000063], [86.12510681100014, 26.226890563000097], [86.12188720800009, 26.224929809000002], [86.11515808000001, 26.22361183200013], [86.11487579400011, 26.21730041600017], [86.11303710800007, 26.210979462000125], [86.10853576700003, 26.205459594000104], [86.10359954800009, 26.206029893000164], [86.10372161900011, 26.2001781460001], [86.1019210820001, 26.196960450000176], [86.09353637700013, 26.200630188000048], [86.09324646100009, 26.20516014200001], [86.08213043200004, 26.207321166000156], [86.07631683300019, 26.213630677000026], [86.07588958700018, 26.216859818000103], [86.07209014900002, 26.21931839100006], [86.06961059600013, 26.217870713000025], [86.0642471320001, 26.21801948500007], [86.06326293900014, 26.212810516000104], [86.06198883100001, 26.21097183200004], [86.0483093250001, 26.214109422000092], [86.0460586550002, 26.21125030500008], [86.0469818110002, 26.20131111200004], [86.0414505010001, 26.196210861000054], [86.03904724100005, 26.198619843000074], [86.03769683800016, 26.196260453000036], [86.03418731600004, 26.196411133000083], [86.02506256100008, 26.20006942900011], [86.01793670700005, 26.20010757500006], [86.01492309600019, 26.20190811200007], [86.01352691700004, 26.206670761000055], [86.02054595900012, 26.212030412000047], [86.02128601100009, 26.218320847000143], [86.01957702600015, 26.221519471000136], [86.03025054900019, 26.229721071000142], [86.03443908700018, 26.234889985000052], [86.03572082500017, 26.240201950000028], [86.0264511110002, 26.241189956000085], [86.02403259300013, 26.24505043099998], [86.02363586400008, 26.250579833000074], [86.01925659099999, 26.25107002300018], [86.01329040400009, 26.250341415000094], [86.0074691760002, 26.252670289000037], [86.00797271700003, 26.256660461000138], [86.00472259500003, 26.258609772000057], [86.0059661860002, 26.26177024800006], [85.99488830700011, 26.267919541000026], [85.99845886200006, 26.27229118300005], [85.99635315000006, 26.274061203000144], [85.99855041600017, 26.2819805150001], [85.99616241400008, 26.290460587000098], [86.0046997070001, 26.29770088099997], [86.01052093400011, 26.30101966900014], [86.01020050000005, 26.302698135000128], [86.00329589800003, 26.30320167600013], [85.98507690400004, 26.316951751000147], [85.98249816900011, 26.321189880000077], [85.98323822100019, 26.32353019700014], [85.98023224000008, 26.326049805000082], [85.97048950099997, 26.32648277300001], [85.96827697700007, 26.32558250500017], [85.96666717500011, 26.32332992500011], [85.96253967300004, 26.312860489000172], [85.95928192100013, 26.31172943100006], [85.95645904600008, 26.31414985700013], [85.95443725600012, 26.319129943000064], [85.95513915900017, 26.32636070200016], [85.96717071500001, 26.340501785000185], [85.96904754600013, 26.349140167000144], [85.9664993290001, 26.367670060000023], [85.96662140000012, 26.371879577000072], [85.97791290400005, 26.387140275000093], [85.98558807400002, 26.395999908000135], [86.00856018000007, 26.39801979000009], [86.02671814100012, 26.401250839], [86.04416656600006, 26.400569917000155], [86.04374694900008, 26.406400680000047], [86.0354614260001, 26.422010421000095], [86.0371170050002, 26.428840637000178], [86.03970336900016, 26.435039519999975], [86.04171752900004, 26.458770752000135], [86.04453277600015, 26.462102890000153], [86.05030822800018, 26.46420097300006], [86.05394744900013, 26.46813011200004], [86.05171203700007, 26.471651077000104], [86.04524230900017, 26.474508286000173], [86.03553009100017, 26.477001191000113], [86.02517700100015, 26.48267936700006], [86.02176666400015, 26.493980409000073], [86.02355957000015, 26.502399446000084], [86.03296661400009, 26.510850907000076], [86.04136657700013, 26.513330460000134], [86.06498718200004, 26.517208100000175], [86.06861877400013, 26.524131774000182], [86.07006072899998, 26.534580231000064], [86.0905609130001, 26.543769837000127], [86.10444641100008, 26.54757118300006], [86.11075592100002, 26.55021095400008], [86.1113204950002, 26.554462433000026], [86.1096801760001, 26.55742073099998], [86.10643005400016, 26.56067085400008], [86.09459686400004, 26.569120407000128], [86.08706665100004, 26.57583045900003], [86.0688018800002, 26.584909440000047], [86.06176757800012, 26.589841843000045], [86.05918884200008, 26.594301225000095], [86.0604629520002, 26.59898948700004], [86.07228088300019, 26.6161708840001], [86.076416015, 26.624000549000186], [86.0789489760001, 26.6303691870001], [86.08954620300017, 26.641620637000017], [86.08938598700007, 26.641679765000163], [86.09035492000004, 26.642873764000058], [86.11997222800011, 26.630434036000054], [86.12983703600008, 26.62961578400018], [86.13150024300012, 26.629478455000083], [86.14073944100005, 26.628713607000066], [86.14321899500004, 26.616409303000182], [86.14241790699998, 26.616224289000172], [86.13911438000014, 26.607967377000023], [86.13842010500014, 26.606208802000083], [86.14483642599998, 26.604728697999974], [86.14894104000018, 26.60845565799997], [86.15742492600009, 26.609605789], [86.16360473500009, 26.614545823000185], [86.16931915300006, 26.61392402700011], [86.17100524900013, 26.614982606000183], [86.17391967800012, 26.61681556700006], [86.17581939700017, 26.615489960000048], [86.17721557600015, 26.614515305000168], [86.1773223880001, 26.614500046000046], [86.17826843200004, 26.615167618000044], [86.1848526010001, 26.61342620800019], [86.18860626200006, 26.614450454000064], [86.1889572130001, 26.614532470000086], [86.19454956000015, 26.614421845000095], [86.19628906200018, 26.612432480000052], [86.19566345200008, 26.610940934000098], [86.1955413820001, 26.611026764000087], [86.19521331900006, 26.610414505000165], [86.19777679400016, 26.60770988500019], [86.19889068600014, 26.60072898900006], [86.19821930000018, 26.597814560000074], [86.1990203850001, 26.597520828000086], [86.19783782900015, 26.595148087000155], [86.19781494100005, 26.595014573000128], [86.1994171140002, 26.593299865000176], [86.20170593300008, 26.595607758000085], [86.20301818900015, 26.59691620000018], [86.20375823900008, 26.594738008000093], [86.20399475000005, 26.594039917000146], [86.20796966600011, 26.596153259000005], [86.21061706600011, 26.592716218000135], [86.21369171200018, 26.59247207700008], [86.2144165040001, 26.59241485600006], [86.21721649200015, 26.59110832300007], [86.21741485700011, 26.59101486300011], [86.21755981400008, 26.590822219000188], [86.21961212200011, 26.588109970000005], [86.22308349700018, 26.58966255200005], [86.22611236700016, 26.591058731000032], [86.22626495400004, 26.59101486300011], [86.23024749800004, 26.591026306000117], [86.2312088010001, 26.591802598000186], [86.23193359400011, 26.59156036400003], [86.23339843800017, 26.592023850000032], [86.23369598400012, 26.592798234000156], [86.23681640600017, 26.59041595500014], [86.2368392940001, 26.590721130000077], [86.237319947, 26.597314836000123], [86.23692321800013, 26.597644806000062], [86.2380828850001, 26.59827995400002], [86.23953247100013, 26.600124360000052], [86.2396545410001, 26.60124778800008], [86.24102783300003, 26.60112381000016], [86.24245453000003, 26.602075577000107], [86.24251556300004, 26.603113174999976], [86.24551391600005, 26.602516175000176], [86.24475097700008, 26.60547447300013], [86.24576568499998, 26.605726242999992], [86.24581909300014, 26.60641479500015], [86.24631500300018, 26.60688972500003], [86.24599456800019, 26.607585907000043], [86.24711608900003, 26.6090774540001], [86.24773407000009, 26.60823822000009], [86.2479171760001, 26.608415604000072], [86.25112152100013, 26.60900878900003], [86.25102996900017, 26.61036110000009], [86.25009918300009, 26.612060547000112], [86.25092315700005, 26.612186433000034], [86.25243377700019, 26.613445281999986], [86.25457000800009, 26.61678314300002], [86.25507354700011, 26.615579605000107], [86.26289367800007, 26.61529159600019], [86.27383422800011, 26.61655616799999], [86.27793121300004, 26.61703109700011], [86.28903961300006, 26.614376068000126], [86.28938293400017, 26.614330291000158], [86.29521179200015, 26.612930298000038], [86.30800628700018, 26.618646623000018], [86.31024169900019, 26.61964035000011], [86.32479095600007, 26.619356156000038], [86.32928466900017, 26.619302749000155], [86.33003997900016, 26.61915397700011], [86.34656524600013, 26.615903855000113], [86.3464813220001, 26.61576271000007], [86.34603881900017, 26.6150417340001], [86.34559631300016, 26.61391067600016], [86.34381866500013, 26.611515046000193], [86.34376526000005, 26.611448288000133], [86.34305572400018, 26.611686707000047], [86.34132385300012, 26.608230590000176], [86.34271240300012, 26.606470107999996], [86.34329986600011, 26.605722427000046], [86.35501861500012, 26.604316712000184], [86.3588333130001, 26.603858948000152], [86.36072540200007, 26.60333824100013], [86.38745880200008, 26.59665489200006], [86.386940003, 26.59612274200009], [86.38676452700008, 26.595937729000127], [86.38829803400006, 26.59562873900012], [86.3885726920002, 26.595239639000113], [86.38997650100009, 26.593231202000084], [86.36770629900008, 26.5806007380001], [86.36353302100008, 26.574939728000118], [86.36537170499997, 26.566249847999984], [86.36312103200004, 26.558559418000186], [86.36302185000017, 26.518520356000067], [86.36791992200006, 26.51507949800009], [86.37151336700009, 26.50989914000013], [86.37127685600018, 26.500780105000104], [86.3834533700001, 26.49032974300019], [86.38846588200005, 26.497819901000128], [86.3919830320001, 26.49612808200004], [86.39747619700012, 26.49663162300004], [86.38687133700006, 26.483320237000157], [86.37650299100011, 26.477741243000082], [86.37416076700015, 26.46712112500012], [86.37647247300009, 26.46216011000007], [86.3805999760001, 26.458190919000174], [86.38289642300015, 26.451330185000074], [86.3805999760001, 26.44617080600011], [86.37567138700007, 26.44079017600012], [86.37390136699997, 26.434650421000015], [86.37477874800004, 26.42205047600015], [86.37947845400004, 26.42456054800016], [86.38079834000018, 26.419420242000115], [86.38024139400011, 26.412870408000174], [86.37782287599998, 26.402891160000138], [86.37018585300007, 26.402320861000078], [86.36164856000005, 26.40397071900003], [86.35481262200005, 26.412160875000154], [86.34855651900011, 26.41263008200019], [86.3446578970001, 26.411970138000072], [86.3418807990002, 26.405250549000186], [86.337608337, 26.398500442000113], [86.32923126200012, 26.402900696000188], [86.32254791300005, 26.409259796000185], [86.31781005900007, 26.408649445000037], [86.3192672720001, 26.419540406000124], [86.29734802200016, 26.422910691000027], [86.2940063480001, 26.41509056200016], [86.28871154800004, 26.415742875000035], [86.28452301100015, 26.418680189999975], [86.27639770500019, 26.422330856000087], [86.27131652800011, 26.419202805000168], [86.25995636000005, 26.419729232000122], [86.24501800500013, 26.422689438000077], [86.23255157400013, 26.421831131000033], [86.22968292200005, 26.420721054000126], [86.22126770000011, 26.420410156000116], [86.22245025500018, 26.41119957000012], [86.22695922900004, 26.402891160000138], [86.22384643600014, 26.398450852000053], [86.21953582800018, 26.39525985800003], [86.21910095300018, 26.388151170000185], [86.22101593000008, 26.38083839500007], [86.22236633400007, 26.379129410000132], [86.21140289300007, 26.36729049700017], [86.21032714900002, 26.36120987000004], [86.21353149500015, 26.351779938000107], [86.20696258499999, 26.34731102100011], [86.19909668100001, 26.350570679000157], [86.18936157200005, 26.336669922000112], [86.18937683100017, 26.333179474000133], [86.19124603300008, 26.329700470999967], [86.20092010400003, 26.329561234000096], [86.20313263000008, 26.328029633000142], [86.20419311500018, 26.30694961500018], [86.19756317100018, 26.3042602540001], [86.19241333000014, 26.30101966900014], [86.18750763000014, 26.295579910000072], [86.18051910300017, 26.295120240000074], [86.17498016299999, 26.293750764000094], [86.16845703000001, 26.290420533000145], [86.172569275, 26.2838706980001], [86.17402648900014, 26.265729905000057], [86.17666626000016, 26.256362914000135], [86.17720794700011, 26.241760255000088], [86.17127227700018, 26.23821067900019], [86.16310119700017, 26.23154068100007]]]}}, {"type": "Feature", "properties": {"GID_3": "IND.5.21.1_1", "GID_0": "IND", "COUNTRY": "India", "GID_1": "IND.5_1", "NAME_1": "Bihar", "NL_NAME_1": "NA", "GID_2": "IND.5.21_1", "NAME_2": "Munger", "NL_NAME_2": "NA", "NAME_3": "Munger", "VARNAME_3": "NA", "NL_NAME_3": "NA", "TYPE_3": "Taluk", "ENGTYPE_3": "Taluk", "CC_3": "NA", "HASC_3": "NA"}, "geometry": {"type": "Polygon", "coordinates": [[[86.68749237100008, 25.11802864000009], [86.68576049800004, 25.109350204000066], [86.6899261480001, 25.10754013100012], [86.68596649200003, 25.099760056000036], [86.67829895100004, 25.09050941600009], [86.67000579799998, 25.092861176000156], [86.6648330700001, 25.086299896000128], [86.66124725400005, 25.07872962900018], [86.66014099, 25.07335281400003], [86.65815734900013, 25.07000923200013], [86.65645599500004, 25.068090440000162], [86.65307617200006, 25.06781959500006], [86.65080261200006, 25.066789627000105], [86.65284729100006, 25.06311035200008], [86.64939117400019, 25.057270051000103], [86.64908599900008, 25.05542755200014], [86.65177917500012, 25.05058097900013], [86.64832305900018, 25.0475025180001], [86.64656829900014, 25.043771743000036], [86.64631652700007, 25.038251876999993], [86.65273284800008, 25.02339172300009], [86.66182708700018, 25.011421204000044], [86.66108703700007, 25.009889603000033], [86.65471649100016, 25.015880586000037], [86.65210723900009, 25.015499116000115], [86.64878845300012, 25.012630464000097], [86.64438629200015, 25.01038932900019], [86.64855957000009, 25.00184059100002], [86.64376068000007, 24.995929719000173], [86.63939666800013, 24.99002265900009], [86.63746643000013, 24.985570908000113], [86.63691711400014, 24.981580734000147], [86.6380386350001, 24.97727966299999], [86.63700866600004, 24.974479676000044], [86.63379669300014, 24.973358154000152], [86.62827300900017, 24.97268295200007], [86.61913299600019, 24.96187973100018], [86.6139602660001, 24.966209411000136], [86.6130371100001, 24.971870422000165], [86.61078643700017, 24.973102569000048], [86.60791778500015, 24.971401214000082], [86.60367584200009, 24.971410752000168], [86.59918975900007, 24.97217750599998], [86.59538269000012, 24.964750290000097], [86.5928115850001, 24.958530426000095], [86.59500122000014, 24.94840049700008], [86.58547973600014, 24.94719123800013], [86.57969665500013, 24.945320130000027], [86.57295990000006, 24.946348190000037], [86.57034301700014, 24.952520370000173], [86.56629181000005, 24.957380295000007], [86.5609130850001, 24.958620071000098], [86.55517578100006, 24.957090379000192], [86.54810333300014, 24.955640793000157], [86.54329681500019, 24.95276832600007], [86.53929901200007, 24.950399400000038], [86.53630065900006, 24.95300293000014], [86.53964996399998, 24.95803070000011], [86.54193115300018, 24.960950852000167], [86.54093933200011, 24.964679719000003], [86.53752899200003, 24.967372895000096], [86.5323410040001, 24.970100403000174], [86.52877044700017, 24.977750779000075], [86.52459716800013, 24.983589173000155], [86.51445007300015, 24.985050201000092], [86.49929046500012, 24.98479080200019], [86.49246215800008, 24.987911225000175], [86.48571014400011, 24.99012947200015], [86.4805374140002, 24.99211120700005], [86.47587585500008, 24.99406051600016], [86.47284698599998, 24.994131089000064], [86.46792602500005, 24.991109848000065], [86.46198272700019, 24.988969803000032], [86.45745086700003, 24.98977089000016], [86.45568084700011, 24.993400572999974], [86.45384216300005, 24.995380403000183], [86.45156097400007, 24.998849868000093], [86.44963073800005, 25.00213050900004], [86.44992828400012, 25.009420396000053], [86.4482116690001, 25.01107978900012], [86.44667816200018, 25.010971068999993], [86.43904876700014, 25.003492356000038], [86.43736267100007, 25.003509521000126], [86.43640899600013, 25.004070283000146], [86.43253326400009, 25.01338958700012], [86.43293762100006, 25.017459870000152], [86.43205261200012, 25.02085113600009], [86.43152618500017, 25.028898239000057], [86.43325042800006, 25.031892776999996], [86.43351745600017, 25.041669845], [86.43139648400017, 25.04610061700015], [86.41477203400007, 25.051460266000163], [86.40936279400017, 25.05161094800019], [86.40351867700008, 25.05059814500015], [86.39393615800009, 25.051969527000097], [86.38980865500008, 25.051700592000145], [86.38749694900008, 25.052520753000067], [86.38967132600015, 25.052450180000164], [86.38954925500008, 25.05468940700007], [86.38832855300018, 25.05676269500003], [86.38369750900017, 25.058160782000186], [86.37792968800017, 25.05871009800012], [86.37713623100012, 25.064159393000068], [86.38417053300003, 25.064781190000133], [86.38598632800006, 25.066539765000016], [86.38523864800004, 25.08792114200014], [86.39879608100011, 25.087860107000154], [86.40865326000005, 25.105680465999967], [86.40648651100014, 25.110652924000192], [86.40544891300004, 25.116149902000075], [86.40532684200019, 25.126609802000075], [86.41223907400013, 25.13743972700007], [86.41529846200012, 25.13932037300009], [86.41532135000006, 25.14334106400014], [86.41362762400007, 25.14484024100011], [86.412521362, 25.148628234000057], [86.41483307000016, 25.15265274000018], [86.41468048100006, 25.157230377000133], [86.4172210690001, 25.165960311000163], [86.40685272100006, 25.172491075000153], [86.40611267100007, 25.17616081200015], [86.40155792299998, 25.18287086600003], [86.41310882700003, 25.190099717000123], [86.41554260300018, 25.19308090200019], [86.42016601500006, 25.193519593000133], [86.42328643900015, 25.196889878000036], [86.42218017700009, 25.19914245600006], [86.423530578, 25.201538086000028], [86.42246246299999, 25.202989579000132], [86.4250717170001, 25.20463943600015], [86.41558075, 25.21179962200017], [86.40380096300015, 25.218860627000026], [86.39624786400003, 25.222061158000088], [86.39112853900019, 25.222749710000073], [86.38701629700012, 25.22830009500018], [86.37886047400008, 25.230161667000004], [86.3766174320001, 25.23332977300015], [86.37423706000015, 25.24322128400013], [86.37136840800014, 25.249900817000082], [86.36519622900005, 25.254110337000043], [86.36044311600011, 25.258729936000066], [86.35968780600018, 25.26896095300009], [86.35788726900012, 25.273780823000095], [86.35217285100003, 25.277538300000174], [86.34815979100017, 25.282960891000073], [86.34839630200008, 25.296329498000148], [86.34449768100018, 25.308700562000183], [86.31900024400005, 25.29948997600013], [86.31241607600009, 25.298128126999984], [86.30805206400015, 25.298839570000155], [86.29904174900008, 25.30323982200008], [86.305549622, 25.31240081800013], [86.30722046000005, 25.31689071600016], [86.30924224900008, 25.318437576000065], [86.31524658100005, 25.322998047], [86.30805969200003, 25.33461952200014], [86.31524658100005, 25.339311599000155], [86.3182678230001, 25.3374004370001], [86.32583618200005, 25.340879440000094], [86.32982635400015, 25.341960906000054], [86.33291625900011, 25.341550827000162], [86.3320007330002, 25.344480514000168], [86.34908294700017, 25.350620269000046], [86.35961151200007, 25.356090546000132], [86.36342620900012, 25.356880188000105], [86.35839080800014, 25.360229492000087], [86.38253784200003, 25.380750656000032], [86.38321685800008, 25.379489899000077], [86.38169097900004, 25.375820160000103], [86.38228607200017, 25.372430801000064], [86.38185882500005, 25.368061066000053], [86.38417053300003, 25.363687516000027], [86.39733886800008, 25.37305069000007], [86.3963012690001, 25.376340867000067], [86.39739990300006, 25.37919044500012], [86.39618682900004, 25.385469437000097], [86.39671325600017, 25.388099671000134], [86.3986663820001, 25.38787079000008], [86.40004730200013, 25.38643074000015], [86.40953826900005, 25.392639161000034], [86.40963745200014, 25.39483070400007], [86.42520141600005, 25.395730973000013], [86.43139648400017, 25.401687622000054], [86.44719696100003, 25.398122788000137], [86.45076751700003, 25.39902115000001], [86.45427703800004, 25.39617157100008], [86.45088195700009, 25.3928699490001], [86.45630645800014, 25.390441895000095], [86.47023773100005, 25.39904975899998], [86.47521209700005, 25.413610458000107], [86.49842834499998, 25.412929534000114], [86.50479126000005, 25.40949821600003], [86.50882721000005, 25.414600372000166], [86.5033264170001, 25.415319443000044], [86.50377655000011, 25.423812867000038], [86.50255584799999, 25.428529740000158], [86.50022888200004, 25.443241119000163], [86.50305175900007, 25.44714927700005], [86.50408935500013, 25.451778412000124], [86.5093002320001, 25.452730179000127], [86.51377105600017, 25.455190659000152], [86.51641845800003, 25.461788178000063], [86.52086639400017, 25.467622757000072], [86.52749633700006, 25.472988128000168], [86.52867126400002, 25.47632026700012], [86.52729797300003, 25.480230332000076], [86.53269195500008, 25.486000061000084], [86.53617858900009, 25.49328041200016], [86.54617309500014, 25.490480423000065], [86.54705810600012, 25.489610672000083], [86.54825592000009, 25.496269227000084], [86.54759216300016, 25.49971962100011], [86.55535888700007, 25.496919632000186], [86.56225585800007, 25.495689391999974], [86.56642913900015, 25.493890763000138], [86.57414245500013, 25.485589981000032], [86.57631683400018, 25.481058121000103], [86.57855224700012, 25.470449447000192], [86.58436584399999, 25.46133995000008], [86.58647155800014, 25.45628166300014], [86.58628845200008, 25.443580628000063], [86.59015655600007, 25.431789398000035], [86.59403228700018, 25.425680161000002], [86.61286163400018, 25.413522720000174], [86.62224578900009, 25.409610749000024], [86.62922668400012, 25.405389786000114], [86.63580322200016, 25.397661209000034], [86.63639831500012, 25.391969682000138], [86.63423156800013, 25.37808036800004], [86.63294220000006, 25.376590729000156], [86.63207245000001, 25.3710918430001], [86.62930297800006, 25.36713028000014], [86.62259674100017, 25.362640380000073], [86.62042999200003, 25.360050201000092], [86.62233734100005, 25.356018067000093], [86.62827300900017, 25.357089997000116], [86.62838745200014, 25.351810455000077], [86.63281250000017, 25.345581055000025], [86.63802337599998, 25.339750290000097], [86.64273071200012, 25.33621978700012], [86.64523315400004, 25.332807542000126], [86.64575958300014, 25.330339432000187], [86.64057159300006, 25.32272911000007], [86.63224029500014, 25.313810349000107], [86.62816619900019, 25.30636978100017], [86.63050842400014, 25.297849656000153], [86.63520812900003, 25.289329530000032], [86.64389038100006, 25.27664947599999], [86.64550018400013, 25.272331238000106], [86.65197754000013, 25.271030427000028], [86.66256713900015, 25.271369933000074], [86.66542053200004, 25.272449494000114], [86.68125152700009, 25.27276039100019], [86.70083618200005, 25.270750046000046], [86.7103958130001, 25.264270783000143], [86.71885681100014, 25.256860733000053], [86.72470855800015, 25.253778459000102], [86.72033691300004, 25.248991012000033], [86.71560668900014, 25.24476051400012], [86.68609619100005, 25.24275016700011], [86.67906188900014, 25.24066162200006], [86.6713790890002, 25.239681243000064], [86.64286041300011, 25.243749619000027], [86.63707733200005, 25.242168427000138], [86.63408660900012, 25.240451812000117], [86.6325759880001, 25.2378807070001], [86.63365173400013, 25.225812913000084], [86.63996887200005, 25.22542953500016], [86.64480590900013, 25.223110199000132], [86.64528655900011, 25.22085952900005], [86.64290619000008, 25.21801185600009], [86.65048980800015, 25.216011047000165], [86.66108703700007, 25.214469909], [86.66291046200018, 25.213251115000105], [86.66588592400018, 25.208459855000115], [86.66977691700015, 25.20648956300016], [86.67088317800011, 25.19625282300018], [86.67286682100018, 25.19199943600006], [86.67848205500013, 25.18886947700014], [86.68377685500013, 25.188720703000115], [86.68702697700013, 25.189739228000064], [86.68907165600012, 25.192930222000143], [86.68678283600008, 25.19696998700016], [86.68653106700015, 25.199380875000145], [86.68839263900014, 25.201898575000087], [86.69021606400014, 25.202579499000137], [86.69050598100006, 25.199079513000072], [86.6974411010001, 25.19569969200012], [86.69580841100003, 25.19076919600019], [86.6960372920002, 25.187721253000177], [86.69780731200012, 25.188169479000123], [86.7005233770002, 25.187131881000084], [86.70407867400013, 25.187730789000057], [86.70197296000015, 25.193040848000066], [86.70561218300008, 25.191520691000107], [86.70759582600016, 25.187892914000088], [86.70918273800004, 25.18729972900013], [86.71100616400008, 25.187751770000148], [86.71803283800006, 25.18655967700016], [86.72009277400014, 25.18482017500014], [86.72904205400005, 25.18396949800018], [86.72654724200004, 25.180709840000134], [86.71762084900018, 25.172149659000183], [86.71488952600004, 25.170721054000182], [86.71280670300013, 25.17038917600007], [86.70242309600008, 25.17206192000009], [86.70104980500008, 25.170579910000072], [86.69877624500009, 25.16996002100018], [86.69519043000014, 25.16703987200009], [86.69947814900007, 25.161502838000047], [86.69422912500005, 25.15619087300007], [86.69138336200007, 25.150499344000025], [86.69255065900012, 25.147510529000044], [86.69036865200013, 25.14298057700006], [86.68482208200004, 25.144269943000154], [86.682601928, 25.14266967700007], [86.67920684800015, 25.139530183000034], [86.67346191400014, 25.12985038700009], [86.67475128200005, 25.12173080399998], [86.67813110300006, 25.119529725000064], [86.67811584500004, 25.123090745000184], [86.68180084199997, 25.120840072000192], [86.68260955800014, 25.118120194000028], [86.68749237100008, 25.11802864000009]]]}}, {"type": "Feature", "properties": {"GID_3": "IND.5.22.1_1", "GID_0": "IND", "COUNTRY": "India", "GID_1": "IND.5_1", "NAME_1": "Bihar", "NL_NAME_1": "NA", "GID_2": "IND.5.22_1", "NAME_2": "Muzaffarpur", "NL_NAME_2": "NA", "NAME_3": "Muzaffarpur", "VARNAME_3": "Purba muzaffarpur", "NL_NAME_3": "NA", "TYPE_3": "Taluk", "ENGTYPE_3": "Taluk", "CC_3": "NA", "HASC_3": "NA"}, "geometry": {"type": "Polygon", "coordinates": [[[85.69642639699998, 26.30785926900012], [85.69686126700009, 26.297332763999975], [85.70542907800012, 26.294269563000114], [85.70836639300006, 26.292211534000103], [85.70841980000017, 26.284900666000055], [85.70725250300012, 26.27795028800017], [85.710372925, 26.27742958100015], [85.70992279100005, 26.27410125800003], [85.70162200900018, 26.27157020700008], [85.6965026850001, 26.26726913500005], [85.6935958860002, 26.266452790000073], [85.69152832100008, 26.263080597000055], [85.69197082500011, 26.261859894000054], [85.68913269000001, 26.260351181000146], [85.6878814700001, 26.258810044000086], [85.69658660900012, 26.250789643000076], [85.70192718400011, 26.25251007100013], [85.7107162480001, 26.25127983100009], [85.70909118700018, 26.24675941400011], [85.70876312200016, 26.242948533000174], [85.70700073200015, 26.24176979000009], [85.70102691700015, 26.243190765000122], [85.69444274800009, 26.24242019600007], [85.69301605100009, 26.24110984900011], [85.69113159300014, 26.230770112000187], [85.69201660200008, 26.22723960899998], [85.69831848200016, 26.225770951000186], [85.69940948599998, 26.226909637000063], [85.69933319000006, 26.223100663000025], [85.70173645000017, 26.22163963400004], [85.70065307700014, 26.21899032600004], [85.70202636600015, 26.21800041199998], [85.70342254600001, 26.213710785000103], [85.71161651600016, 26.21169090300009], [85.71246338000003, 26.203910829000108], [85.71666717500017, 26.20362091000004], [85.71900176900004, 26.202140808000138], [85.71787261900005, 26.197200775000056], [85.71711730999999, 26.179588319000118], [85.71563720600011, 26.178810120000094], [85.71438598500004, 26.170471192000093], [85.71549224900014, 26.166072846000134], [85.73319244400011, 26.16316986200013], [85.73779296900017, 26.155082703000062], [85.74120330900007, 26.15286064200012], [85.74191284200009, 26.150421142000084], [85.74633026200019, 26.145290375000002], [85.7433471670002, 26.14406967200017], [85.74337005600006, 26.141588211000112], [85.74120330900007, 26.138059616000135], [85.73663330000005, 26.133052826000096], [85.72772979800004, 26.129159928000036], [85.72055053700012, 26.127241134000087], [85.72120666500007, 26.122510910000017], [85.72064209100006, 26.116371154000092], [85.72197723300002, 26.11283111600011], [85.7250976570001, 26.113468171000136], [85.72615814200003, 26.11190032999997], [85.7258605950002, 26.10995864900019], [85.72226715200014, 26.108850479000182], [85.71452331600017, 26.110750198000062], [85.71108245800019, 26.110919954000053], [85.70733642500011, 26.105962754000075], [85.70580291800019, 26.099479674999998], [85.7070999140002, 26.091341019000026], [85.69948577899999, 26.08688926800005], [85.69668579100016, 26.088079452999978], [85.69796752800005, 26.08472061100008], [85.7018280040001, 26.079828262000035], [85.70214080900013, 26.07574081500013], [85.70009613000013, 26.069351196000184], [85.70020294300019, 26.06635093800014], [85.70346832299998, 26.065269470000146], [85.70337676900004, 26.063770294000108], [85.70069122300009, 26.06369018600003], [85.69579315100003, 26.05982971200001], [85.6943588260001, 26.05771064800018], [85.69010925300012, 26.045312882000076], [85.68258667000003, 26.048040390000153], [85.67904663100012, 26.04190826500019], [85.67694854800015, 26.035261154000068], [85.67330932500005, 26.027900696000188], [85.66954040600007, 26.02725982600009], [85.66812896800019, 26.029058458000065], [85.66651916500012, 26.02815818800019], [85.65817260800009, 26.027620316000082], [85.65670013400012, 26.024410248000038], [85.65194702200012, 26.019929885000124], [85.64736938500016, 26.017999650000036], [85.64346313400017, 26.009330751000164], [85.63960266100003, 26.007600785000022], [85.6390533450001, 26.005121231000032], [85.63389587400013, 26.004230499000073], [85.61930847200017, 26.00609016400017], [85.61692047100001, 26.00279045200017], [85.61634826600005, 25.999250411000105], [85.61431121800007, 25.98911094600004], [85.6177597050002, 25.98477935800014], [85.61859893899998, 25.980550767000125], [85.62415313700018, 25.97841835000014], [85.62431335400004, 25.97520065399999], [85.62605285600006, 25.971380235000026], [85.62029266400009, 25.966930389000083], [85.61757659900013, 25.95549964899999], [85.61885833700012, 25.94837951700009], [85.6225128170002, 25.943170548000126], [85.62954711999998, 25.93900108300005], [85.62642669600012, 25.93318939300002], [85.6255722040001, 25.92361068700012], [85.6131362910001, 25.920169830000077], [85.61109924300013, 25.92257118300006], [85.60101318300013, 25.925910950000116], [85.59803009000012, 25.924829484000156], [85.59121704100016, 25.924699783000165], [85.58730316200007, 25.92336082500003], [85.58439636200006, 25.91901016300011], [85.58009338500011, 25.919069291000028], [85.57768249400004, 25.917850493999993], [85.57068634100017, 25.918340682000064], [85.56910705500007, 25.922109604000184], [85.56624603300014, 25.921230315000173], [85.56550598100017, 25.919958115000043], [85.5640258790001, 25.919900895000126], [85.55943298400013, 25.92185020400018], [85.55487060500019, 25.921989441000107], [85.55323028600009, 25.918718338000076], [85.55020904500014, 25.90681076200019], [85.54627227800012, 25.905620576000103], [85.53192901600016, 25.909170149999966], [85.52760315000017, 25.920009613000047], [85.5174560550002, 25.916851044999987], [85.50609588700007, 25.906061172000136], [85.50309753400006, 25.902200699000048], [85.49859619100005, 25.90294075100013], [85.49352264300018, 25.905889511000055], [85.48574829100016, 25.906549455000118], [85.48249053900008, 25.918119432000083], [85.47677612300015, 25.922491074000106], [85.46356964200015, 25.92920112600018], [85.45597839400017, 25.9325618740001], [85.45730590800008, 25.926458360000083], [85.45427703899998, 25.923191072000122], [85.448257447, 25.923852921000105], [85.44399261500013, 25.92221069400017], [85.43808746300004, 25.92387962400005], [85.43327331500012, 25.923549652000133], [85.42719268800016, 25.928049086999977], [85.42745971700015, 25.930370331000006], [85.42330932600004, 25.931221007999966], [85.42208099300007, 25.93534088100006], [85.41668701200012, 25.940309524000043], [85.42070007300003, 25.946931839000058], [85.4299011220001, 25.952182770000093], [85.43348693800016, 25.95630836400005], [85.43620300200013, 25.965139390000104], [85.44003295900006, 25.97071075400015], [85.43775177000003, 25.97557830900007], [85.44098663400018, 25.990940094000052], [85.44095611500006, 26.00239944400016], [85.4436111440001, 26.01439094600005], [85.44635772800012, 26.02003288300017], [85.44657135000006, 26.023790358999975], [85.45182037400002, 26.050140381000062], [85.43843841500012, 26.066991806000033], [85.43083190800019, 26.065679551000073], [85.41793060300006, 26.076761246000103], [85.38864135800003, 26.066429139000093], [85.38408661000011, 26.06550026000008], [85.37740325900006, 26.06529045100001], [85.3721923830002, 26.06632995700005], [85.36490631100003, 26.070341110000015], [85.3544464110002, 26.071430206000116], [85.34877014200015, 26.09128952100002], [85.33992004300018, 26.09610939000015], [85.33204650900012, 26.10601043700018], [85.32631683300013, 26.114959718000023], [85.35939025800008, 26.13783073500008], [85.37471008300014, 26.145389557000044], [85.38085937400007, 26.149471283000082], [85.38228607100012, 26.174419404000105], [85.37874603200004, 26.179588319000118], [85.37628173900015, 26.181640625000114], [85.37689209000013, 26.184169769000107], [85.38356781100009, 26.188760757000182], [85.38565063600004, 26.191680908000137], [85.38519287200018, 26.194681169000148], [85.389610291, 26.2025299070001], [85.38810730100016, 26.204282761000172], [85.38484954800003, 26.204139710000163], [85.38108062700019, 26.202980043000025], [85.37564849900014, 26.203779220000172], [85.36920929000019, 26.207490922000147], [85.34191131600016, 26.20612907499998], [85.33792114200008, 26.20872116200013], [85.33702087400019, 26.211429596000073], [85.33286285500014, 26.21095848100009], [85.32829284600012, 26.219779968000182], [85.29625701900005, 26.21860122700008], [85.28137207000009, 26.21327972500012], [85.27458190900006, 26.20919990600015], [85.26996612500005, 26.20520973200007], [85.24916839600013, 26.220951080000077], [85.22286224300018, 26.23600005999998], [85.22255706800007, 26.241661073000046], [85.21640014700017, 26.243169786000124], [85.21412658600008, 26.24618911800019], [85.21708679200009, 26.261938095000176], [85.22084045300005, 26.272680284000046], [85.22135162400014, 26.275909425000123], [85.22074127100018, 26.28191947900001], [85.23175048900004, 26.30177116400006], [85.24220275900012, 26.30331039400005], [85.24405670100003, 26.30042076100017], [85.24691009500003, 26.299409866000076], [85.25093841600017, 26.29919242900013], [85.2517929080002, 26.30039024500013], [85.2541427610002, 26.299381257000107], [85.25485229399999, 26.30491065900003], [85.25152587800011, 26.304889678000166], [85.25007629300018, 26.30583191000011], [85.24871826200018, 26.310270310000192], [85.2502288820001, 26.33254814200012], [85.25560760500008, 26.33344841100012], [85.25889587400007, 26.330720901000063], [85.26477050900007, 26.329679490000103], [85.26709747300004, 26.336450577000164], [85.26542663500015, 26.335901261000004], [85.2635421760001, 26.336999893000154], [85.2588272100001, 26.342470169000137], [85.25617980900017, 26.34399986300008], [85.25164794900019, 26.345029831000033], [85.24695587200017, 26.342838287000063], [85.2422561640002, 26.344102860000135], [85.24143981800012, 26.341289521000192], [85.23876953100006, 26.342348099000162], [85.23406982500006, 26.347539902000165], [85.23348236000004, 26.35036087100002], [85.23211669900013, 26.35234069900008], [85.22556304900019, 26.355461120000086], [85.22204589900014, 26.354980468000065], [85.21943664500009, 26.352130889000136], [85.21485900800013, 26.353099822000104], [85.21376037599998, 26.355649949000167], [85.21386718800011, 26.366310119000048], [85.21569824200009, 26.369449616000168], [85.21804809500014, 26.37162017800017], [85.22901916600006, 26.36993980400007], [85.23574829100005, 26.371540069000048], [85.23660278400013, 26.368980409000187], [85.24147033700007, 26.361570359000098], [85.241355897, 26.35904121300007], [85.2465362550002, 26.35494041400017], [85.24849700900006, 26.351118086999975], [85.25469207700019, 26.350980758000105], [85.2577590950001, 26.353828431000068], [85.2633666980002, 26.35262108000012], [85.26837158300015, 26.350210188999995], [85.27458953900015, 26.350820541000076], [85.27413940500003, 26.347539902000165], [85.27599334700017, 26.347751617000142], [85.27955627400013, 26.350650787000063], [85.28102111800001, 26.354951859000096], [85.28309631300004, 26.355390549000163], [85.29141998300008, 26.345500946000186], [85.29736328100012, 26.349689485000113], [85.30161285300017, 26.350849152000023], [85.30986786000011, 26.34815979100017], [85.32039642300003, 26.35132026600013], [85.32158660900012, 26.34675979499997], [85.3200225830002, 26.340208053000026], [85.32070160000012, 26.335990906000063], [85.32345581100003, 26.332509995000123], [85.32787323100013, 26.32893943800019], [85.33019256700004, 26.330701828000144], [85.32847595200019, 26.334289551000097], [85.32802581800007, 26.341552734000174], [85.32936859100005, 26.345449449000114], [85.33381652899999, 26.343328477000114], [85.33392334000007, 26.34608840900006], [85.33825683500004, 26.345809936000023], [85.34243774400005, 26.3402805340001], [85.34626007000008, 26.339202881000176], [85.34413909800014, 26.345970152999996], [85.34851074300008, 26.34626007200012], [85.35389709500004, 26.348501207000027], [85.36390686000004, 26.343490602000145], [85.36879730100014, 26.330989838000164], [85.369293212, 26.32670974800004], [85.36817932200006, 26.32217979400008], [85.36888122500011, 26.31739044200009], [85.371917725, 26.313608169000076], [85.37534332300015, 26.311260224000023], [85.38105773800015, 26.30964088600018], [85.38475799600008, 26.309360505000143], [85.38688659600018, 26.309972764000065], [85.38404083300014, 26.315309524000043], [85.38273620700005, 26.321830750000117], [85.37557983400006, 26.324449540000103], [85.379318237, 26.32648277300001], [85.38450622500011, 26.323709488000134], [85.39100646900005, 26.312330247000034], [85.39441680900018, 26.319900514000153], [85.4015731820001, 26.320150376000186], [85.40885925300017, 26.306350709000185], [85.40727233900014, 26.303489685000045], [85.4007720940001, 26.303979873000117], [85.39512634200014, 26.30669975300009], [85.39325714200004, 26.305910111000117], [85.39248657100012, 26.303220750000094], [85.39363098200005, 26.30096054100005], [85.39669036800007, 26.29792022700019], [85.38884735100015, 26.295539855000072], [85.3859024050002, 26.29245948800019], [85.38469696100009, 26.28880119400003], [85.38519287200018, 26.283779144000164], [85.38757324300002, 26.280870438000193], [85.38976287900005, 26.281829835000053], [85.3942413330002, 26.29260063200013], [85.39795684800004, 26.294279098000118], [85.40172576900005, 26.293659210000158], [85.4048080440001, 26.291370392000147], [85.40255737300009, 26.29054069600005], [85.39951324500015, 26.29132270800011], [85.3970565800002, 26.290832519000105], [85.39916992200006, 26.28671073900017], [85.39935302800012, 26.28354072500008], [85.4016189570001, 26.281049729000188], [85.40193176400015, 26.27741050800006], [85.40389251800019, 26.27214050300006], [85.41403961100019, 26.28549766500015], [85.41530609100016, 26.288818359999993], [85.42106628500017, 26.293411255000137], [85.41908264200009, 26.282779694000055], [85.41941833600015, 26.280130386000053], [85.414642334, 26.274660111000173], [85.4150772100001, 26.27389907800017], [85.42455291700014, 26.27775955200019], [85.43155670200014, 26.28417968800005], [85.43412780700015, 26.28427124000018], [85.4299011220001, 26.27441024800015], [85.43197631900011, 26.271900177000077], [85.44162750200007, 26.292118072000164], [85.44529724100005, 26.292261124000106], [85.44790649300012, 26.29405975300017], [85.45043182400008, 26.30163002000012], [85.45426940900006, 26.302780152000025], [85.45726776200007, 26.31265068200014], [85.45677185099998, 26.31664085400007], [85.4549179070001, 26.320169449000105], [85.45868682800011, 26.322549821000052], [85.46061706600011, 26.328109741000162], [85.4643630990002, 26.329439163000018], [85.46073913700019, 26.334209442000088], [85.46237945600006, 26.335630416000072], [85.46781158400012, 26.335620881000125], [85.46924591100003, 26.337741852000192], [85.4724960330002, 26.33781242300006], [85.47368621900011, 26.350000382000133], [85.4756088260001, 26.35015106200018], [85.47680664000006, 26.351747514000124], [85.478027344, 26.356111526000063], [85.48195648100011, 26.354448318000095], [85.48446655400005, 26.35515022300018], [85.48663330000011, 26.35744285600009], [85.48918151900017, 26.364370346000044], [85.49069976800013, 26.363260269000136], [85.49381256200013, 26.364948273000152], [85.49463653500015, 26.372600556000123], [85.49437713600008, 26.37755966100019], [85.49681091200006, 26.378969192], [85.49859619100005, 26.382400513000164], [85.50138092100008, 26.382940293000047], [85.51383972200017, 26.377130508000107], [85.51743316600016, 26.377370835000193], [85.52426147400007, 26.380161285000156], [85.52378845200019, 26.375900268000123], [85.5267868040001, 26.37257957500009], [85.5302658080002, 26.373689652000166], [85.54000854400005, 26.371021272000178], [85.54413604700005, 26.374019623000038], [85.54737091100014, 26.38163948000016], [85.551307678, 26.387002946000052], [85.55399322400018, 26.38649749700005], [85.55821228000019, 26.387199402000135], [85.56237030000017, 26.390649797000037], [85.57205200300018, 26.394969939000077], [85.57224625900011, 26.394554454000115], [85.57653045600011, 26.385391235000156], [85.57470933700012, 26.381460458000106], [85.5711975100001, 26.373880386000167], [85.56678008900008, 26.367439199000046], [85.56675768800011, 26.366388554000025], [85.56674200300012, 26.36565017600003], [85.56874454200016, 26.36560419200015], [85.57338714600007, 26.36549758800004], [85.5800170890002, 26.361442566000107], [85.5829886750002, 26.35805630900012], [85.58421312799999, 26.356660991000126], [85.59001200000017, 26.356230000000096], [85.59395600000005, 26.352671000000157], [85.59686872000015, 26.35353395900006], [85.59712219300008, 26.35360908600012], [85.60558319200015, 26.351240158000053], [85.60875701800006, 26.347509385000023], [85.60867309600019, 26.343202591000193], [85.60765822700017, 26.340561046000005], [85.60673815400014, 26.341333736000024], [85.6048129200002, 26.342950572000007], [85.60431474800004, 26.34030899400011], [85.60382843000008, 26.33772850000014], [85.60428437399997, 26.33647464800015], [85.60443900100006, 26.33605000000017], [85.60697200100003, 26.335091000000034], [85.60771727800017, 26.335714859000063], [85.60826110700015, 26.336170196000182], [85.60918600600019, 26.336043272000154], [85.61145782500012, 26.335731506000116], [85.6190490730001, 26.33787155100015], [85.62629699700011, 26.333959580000055], [85.62731170700005, 26.33233070400007], [85.6267929080002, 26.328430176000154], [85.62413269600017, 26.32470373500007], [85.62158212600019, 26.321130884000127], [85.62397000000004, 26.31891100100006], [85.63237800000013, 26.32085999900005], [85.63331182700017, 26.320335998000076], [85.63407128600005, 26.319910085000117], [85.64131927400007, 26.32378959600004], [85.64488007000017, 26.32103414100004], [85.6454010000001, 26.32063102799998], [85.64595030400005, 26.320774104999998], [85.64977264500004, 26.321769714000084], [85.65297699000007, 26.318780899000103], [85.65612030000005, 26.319610596000132], [85.66409301800019, 26.316209794000088], [85.66914394500003, 26.32110559199998], [85.67030334500004, 26.32222938600006], [85.67504119900019, 26.322399139000026], [85.68097709500017, 26.320543839000152], [85.68357828300009, 26.319730823000043], [85.68866729700017, 26.31207084700003], [85.68979636900013, 26.30789213700018], [85.69253805100016, 26.30890209900008], [85.69419097900015, 26.30951118500019], [85.69642639699998, 26.30785926900012]]]}}, {"type": "Feature", "properties": {"GID_3": "IND.5.22.2_1", "GID_0": "IND", "COUNTRY": "India", "GID_1": "IND.5_1", "NAME_1": "Bihar", "NL_NAME_1": "NA", "GID_2": "IND.5.22_1", "NAME_2": "Muzaffarpur", "NL_NAME_2": "NA", "NAME_3": "n.a. ( 542)", "VARNAME_3": "NA", "NL_NAME_3": "NA", "TYPE_3": "Taluk", "ENGTYPE_3": "Taluk", "CC_3": "NA", "HASC_3": "NA"}, "geometry": {"type": "Polygon", "coordinates": [[[84.89009857200011, 26.216529847000118], [84.8938827520002, 26.217620849000127], [84.89450073300009, 26.220939637000072], [84.89772033700001, 26.222339630000192], [84.90186309800004, 26.225669861000142], [84.90074920600011, 26.236511231000122], [84.87692260700015, 26.235250473000065], [84.8730926500001, 26.238178254000104], [84.87487792900009, 26.24291038600012], [84.8681488040001, 26.257009507000078], [84.8735961910001, 26.261880875000088], [84.87597656300005, 26.275730134000128], [84.88485717700013, 26.294300079000152], [84.8898315420002, 26.309310913000104], [84.89533996500006, 26.319179535000046], [84.89650726300005, 26.323190688000068], [84.90172576900017, 26.32069015600007], [84.91414642400014, 26.326259612000115], [84.94911193800004, 26.32654953100007], [84.96759796100002, 26.324401855000133], [84.97447967600004, 26.32471084700012], [84.98506164500009, 26.33324050900012], [84.99238586500019, 26.33352089000016], [85.00187683000007, 26.331630706000112], [85.00708770700004, 26.32805824400009], [85.00875854500003, 26.32423973000016], [85.01296997000009, 26.31922149700017], [85.01579284700017, 26.318960190000155], [85.01856994700006, 26.32048988400004], [85.02597045900006, 26.329679490000103], [85.02581024200003, 26.33168983400003], [85.02789306700015, 26.333192825000083], [85.03681945800002, 26.336669922000112], [85.03816986100014, 26.341840745000127], [85.05258178600019, 26.34394836400014], [85.05552673400013, 26.343441010000106], [85.06252288900004, 26.3357429510001], [85.06555938700006, 26.330562591000103], [85.07038879300018, 26.33238983199999], [85.0747528070001, 26.324201583000104], [85.07969665400014, 26.325759888000164], [85.08146667500017, 26.32510185300015], [85.08538055500014, 26.32517051600007], [85.08966827400008, 26.32217025799997], [85.09591674900008, 26.325330734000033], [85.09790039000018, 26.32422065700007], [85.10278320300012, 26.318220138000186], [85.10669708200004, 26.31506919800006], [85.11392974800003, 26.31689071800014], [85.11844635000017, 26.315748215000042], [85.11987304700017, 26.316259384000148], [85.11926269600002, 26.31771278400015], [85.12194824200003, 26.317609787000038], [85.12410736000015, 26.31685066300014], [85.12652587900016, 26.31290054400006], [85.12979888900009, 26.31395912300013], [85.13123321600017, 26.318727494000086], [85.13497161900011, 26.32105064300015], [85.1359558100001, 26.323060990000158], [85.1392059330002, 26.32269287200006], [85.14232635399998, 26.31768036000011], [85.14379882800017, 26.316980362000095], [85.15011596600004, 26.31870079000015], [85.15260315000012, 26.320569992999992], [85.155426025, 26.32929992700008], [85.15682983400006, 26.330669404000105], [85.15857696500012, 26.33164024399997], [85.16262054500004, 26.330890656000122], [85.1670913690001, 26.332300187000158], [85.16407013000014, 26.33462905900012], [85.16718292300004, 26.341279983000106], [85.16980743400006, 26.34056091200017], [85.17167663600014, 26.342269897000108], [85.17579651000017, 26.341711044000135], [85.17870330800014, 26.338670731000036], [85.18016815200019, 26.33451080400016], [85.18332672000008, 26.332750321000105], [85.18322753800004, 26.32277107300007], [85.18435668900014, 26.320400238000104], [85.18443298400013, 26.31400108300005], [85.18589782800018, 26.314620972000114], [85.18678283700012, 26.316921234000176], [85.18551635800003, 26.3258094790001], [85.18649292100014, 26.32913971000005], [85.18862152100019, 26.327960969000117], [85.1895523070001, 26.32635116600005], [85.19056701700003, 26.322059632000048], [85.19117736800018, 26.311971664999987], [85.19319915800014, 26.310621262000097], [85.19386291400019, 26.31222915700016], [85.19426727300015, 26.322429657000043], [85.1964263910001, 26.320390702000168], [85.1978530880001, 26.31678962800015], [85.19740295500009, 26.306890487000032], [85.1956558230001, 26.305580140000075], [85.18791198700012, 26.30410957400011], [85.18389129700017, 26.30491065900003], [85.18422699000013, 26.30201911900008], [85.18856811600011, 26.297250748000124], [85.19204711900011, 26.295709610000188], [85.19377899200015, 26.295988082999997], [85.20053100600018, 26.302890777000073], [85.2016067510001, 26.301998137999988], [85.20066833500005, 26.299020768000048], [85.19397735700016, 26.288841248000153], [85.19426727300015, 26.28681945900007], [85.19603729300007, 26.286510467000085], [85.20228576600005, 26.297098160000132], [85.20485687200016, 26.29811096300017], [85.21459961000016, 26.295520782000153], [85.21620941100002, 26.30385971000004], [85.21850585900017, 26.303911210000024], [85.22580719100011, 26.3019104010001], [85.22698974600019, 26.302360535000048], [85.2272567760001, 26.303962707000096], [85.22379302900009, 26.306880951000153], [85.2235031130001, 26.308670045000042], [85.22637939500004, 26.3092212680001], [85.22969055200019, 26.308259964000115], [85.23158264100016, 26.306568147000007], [85.23175048900004, 26.30177116400006], [85.22074127100018, 26.28191947900001], [85.22135162400014, 26.275909425000123], [85.22084045300005, 26.272680284000046], [85.21708679200009, 26.261938095000176], [85.21412658600008, 26.24618911800019], [85.21640014700017, 26.243169786000124], [85.22255706800007, 26.241661073000046], [85.22286224300018, 26.23600005999998], [85.24916839600013, 26.220951080000077], [85.26996612500005, 26.20520973200007], [85.27458190900006, 26.20919990600015], [85.28137207000009, 26.21327972500012], [85.29625701900005, 26.21860122700008], [85.32829284600012, 26.219779968000182], [85.33286285500014, 26.21095848100009], [85.33702087400019, 26.211429596000073], [85.33792114200008, 26.20872116200013], [85.34191131600016, 26.20612907499998], [85.36920929000019, 26.207490922000147], [85.37564849900014, 26.203779220000172], [85.38108062700019, 26.202980043000025], [85.38484954800003, 26.204139710000163], [85.38810730100016, 26.204282761000172], [85.389610291, 26.2025299070001], [85.38519287200018, 26.194681169000148], [85.38565063600004, 26.191680908000137], [85.38356781100009, 26.188760757000182], [85.37689209000013, 26.184169769000107], [85.37628173900015, 26.181640625000114], [85.37874603200004, 26.179588319000118], [85.38228607100012, 26.174419404000105], [85.38085937400007, 26.149471283000082], [85.37471008300014, 26.145389557000044], [85.35939025800008, 26.13783073500008], [85.32631683300013, 26.114959718000023], [85.33204650900012, 26.10601043700018], [85.33992004300018, 26.09610939000015], [85.34877014200015, 26.09128952100002], [85.3544464110002, 26.071430206000116], [85.36490631100003, 26.070341110000015], [85.3721923830002, 26.06632995700005], [85.37740325900006, 26.06529045100001], [85.38408661000011, 26.06550026000008], [85.38864135800003, 26.066429139000093], [85.41793060300006, 26.076761246000103], [85.43083190800019, 26.065679551000073], [85.43843841500012, 26.066991806000033], [85.45182037400002, 26.050140381000062], [85.44657135000006, 26.023790358999975], [85.44635772800012, 26.02003288300017], [85.4436111440001, 26.01439094600005], [85.44095611500006, 26.00239944400016], [85.44098663400018, 25.990940094000052], [85.43775177000003, 25.97557830900007], [85.44003295900006, 25.97071075400015], [85.43620300200013, 25.965139390000104], [85.43348693800016, 25.95630836400005], [85.4299011220001, 25.952182770000093], [85.42070007300003, 25.946931839000058], [85.41668701200012, 25.940309524000043], [85.40389251800019, 25.941980362000095], [85.4021224980001, 25.944681168999978], [85.39878845200013, 25.942960739000114], [85.39816284200003, 25.939390183000114], [85.39199829100005, 25.934152603000143], [85.38397979800015, 25.934310913000104], [85.37850952100007, 25.928449631000092], [85.36181640600012, 25.930389404000096], [85.36073303300009, 25.932741165000095], [85.35617065400015, 25.933460236000144], [85.3561859130001, 25.939159393000182], [85.34599304200003, 25.938819885000157], [85.33100128200005, 25.94815826400003], [85.32559204100005, 25.949630738000167], [85.31292724600013, 25.94664955100012], [85.30782318100012, 25.942419053000037], [85.30280303900008, 25.942131042000142], [85.29287719600012, 25.944959640000036], [85.28526306200018, 25.942930222000143], [85.27777862600016, 25.94831275900009], [85.2770462040001, 25.951562882000133], [85.27970123300014, 25.952970505000167], [85.2824172980001, 25.95853042600004], [85.28086853100012, 25.964580536000085], [85.28456878700018, 25.970422745000178], [85.2851409910001, 25.979070663000186], [85.29091644200003, 25.989810944000055], [85.2834091200001, 25.99485969500006], [85.27577972500006, 26.001829147000137], [85.27001190200002, 26.009019852000108], [85.26967620900007, 26.010620117000087], [85.2665863040001, 26.010231018000127], [85.26204681400003, 26.014530182000044], [85.24672699100017, 26.013860703000148], [85.24080657900004, 26.012861252000164], [85.23635864300007, 26.01485061699998], [85.2287521360002, 26.016477586000065], [85.22701263500005, 26.015579224000135], [85.22690582200016, 26.013839722000114], [85.22750091500012, 26.007459641000082], [85.22544097900004, 26.003601075000176], [85.22013092000003, 26.005680085000108], [85.21800994800009, 26.003908157000183], [85.20770263700018, 26.003099442000178], [85.2063064570001, 26.003629684000146], [85.2025299070001, 26.003208161000032], [85.20034790000011, 26.006000520000043], [85.1977996830002, 26.00683975200019], [85.19126892000014, 26.006692887000042], [85.1846923820001, 26.003150941000058], [85.17990875200007, 26.004140855000117], [85.17459106400008, 26.01079940699998], [85.16219329800015, 26.011880875000145], [85.15673828200016, 26.010259629000075], [85.15129852199999, 26.010400771000036], [85.1513519290001, 26.008649826000067], [85.14903259300019, 26.009790420000115], [85.14906311000016, 26.007778168000016], [85.14041900699999, 26.007379532000073], [85.1410675050002, 26.001230239000165], [85.14214325000012, 25.993009568000048], [85.1408386240002, 25.986980439000092], [85.13442230300018, 25.98952102800007], [85.1261901850001, 25.98999023500005], [85.12030029200008, 25.98883056800014], [85.10647582900015, 25.993980409000187], [85.09960937500006, 25.992889405000142], [85.09908294700006, 25.987630844000137], [85.10220336900011, 25.982370376999995], [85.100196837, 25.97845077600016], [85.09488678100013, 25.977991105000058], [85.08976745600012, 25.978910445999986], [85.09070587200017, 25.97487068100014], [85.08998107900015, 25.973630906000153], [85.0876312260001, 25.974109650000173], [85.084136962, 25.976711273000035], [85.07878112900016, 25.97773170500011], [85.07541656600006, 25.973150253000085], [85.07132720900017, 25.969949723000127], [85.06668853700006, 25.97556114100007], [85.06133270300012, 25.972890854000013], [85.0548629760001, 25.979251862000183], [85.05208587600004, 25.983062745000097], [85.0515213010001, 25.98880958700005], [85.04618835400004, 25.990619659000117], [85.03649139400005, 25.990978241000107], [85.0285491950001, 25.990060806000145], [85.02073669399999, 25.98645973200007], [85.01441955500019, 25.98752975400015], [85.00344085600017, 26.000490189000175], [84.99581146300011, 26.008800506000057], [84.99163055500009, 26.01439094600005], [84.98573303100005, 26.013942719], [84.9800033570001, 26.006000520000043], [84.97563934300013, 26.003759385000137], [84.97245788600009, 26.001541137999993], [84.97225189200009, 26.000619888000188], [84.9720306390002, 25.99996757500014], [84.97177887000004, 25.999362946000076], [84.97148132300003, 25.998760223000033], [84.97113800000011, 25.99819183400018], [84.97077179000019, 25.997650146000126], [84.97035217300004, 25.99715041999997], [84.9699096670002, 25.996690751000074], [84.96940612800017, 25.996280670000147], [84.96887969900007, 25.9958992010001], [84.96833038300008, 25.99557113600008], [84.96774292000003, 25.995292663000043], [84.96713256900011, 25.995040894000056], [84.96646881100008, 25.994871141000147], [84.96576690800015, 25.994739531999983], [84.96507263299998, 25.994672776000186], [84.96433258100006, 25.994640350000168], [84.9635925290001, 25.994680405000167], [84.96282196000004, 25.994760513000074], [84.96205902200012, 25.994899750000116], [84.96127319300007, 25.99508285600018], [84.9605102540001, 25.995330810000098], [84.95973968500016, 25.99561119100008], [84.95851135300018, 25.99619293300009], [84.95780944800009, 25.99660110500008], [84.95716858000014, 25.997060776000012], [84.95659637500017, 25.997562409000068], [84.95574951100008, 25.998462677000134], [84.95535278300014, 25.999031068000193], [84.95497131400009, 25.999652862999994], [84.95468902600015, 26.000272751000125], [84.95433044400016, 26.001541137999993], [84.95175170900006, 26.009611129000064], [84.94609832900016, 26.011100769000052], [84.9318161020002, 26.018289566000078], [84.93276214600013, 26.022081376000074], [84.929969788, 26.026210785000046], [84.9309463510001, 26.029010773000095], [84.92851257200005, 26.03082084800002], [84.93158721900016, 26.040269851000176], [84.92672729600014, 26.043092728000033], [84.93424224800003, 26.052980424000168], [84.93994903600003, 26.054639817000066], [84.94100952100013, 26.058631896000065], [84.94438934400011, 26.065010070000028], [84.94204711900016, 26.074039460000165], [84.94213104300019, 26.09320068400018], [84.93858337400019, 26.09394264300016], [84.93295288000007, 26.097009659000094], [84.93399810700015, 26.09849166900017], [84.94111633300008, 26.102529526000012], [84.94342041100015, 26.106159211000033], [84.9408264170001, 26.106779100000097], [84.93773651200013, 26.10963058600015], [84.93660736100003, 26.11908149700008], [84.92043304400016, 26.13359260600015], [84.9134292600001, 26.138240814000028], [84.90943908600019, 26.14415931700006], [84.9088668820001, 26.148649217000127], [84.90653228700012, 26.154830934000074], [84.90638732800011, 26.161487579000095], [84.91110229400016, 26.166189194000026], [84.9149932860002, 26.179229737000128], [84.90973663300002, 26.181489945000067], [84.90648651000015, 26.185611724000125], [84.90363311900006, 26.195222854000065], [84.89872741700003, 26.198789596000154], [84.8972930920001, 26.204879762000076], [84.89009857200011, 26.216529847000118]]]}}, {"type": "Feature", "properties": {"GID_3": "IND.5.23.1_1", "GID_0": "IND", "COUNTRY": "India", "GID_1": "IND.5_1", "NAME_1": "Bihar", "NL_NAME_1": "NA", "GID_2": "IND.5.23_1", "NAME_2": "Nalanda", "NL_NAME_2": "NA", "NAME_3": "Bihar Sharif", "VARNAME_3": "NA", "NL_NAME_3": "NA", "TYPE_3": "Taluk", "ENGTYPE_3": "Taluk", "CC_3": "NA", "HASC_3": "NA"}, "geometry": {"type": "Polygon", "coordinates": [[[85.38922119100016, 24.96628952000009], [85.3783721920002, 24.977462768000123], [85.37419891400003, 24.976070403000165], [85.37446594200009, 24.97814941300004], [85.37657928600015, 24.98195076100012], [85.38279724200004, 24.99111938600015], [85.38218688900008, 24.9920806880001], [85.36737060500019, 24.989971162000188], [85.36154937700013, 24.989561079999987], [85.35810852000009, 24.990200043000016], [85.35629272500006, 25.001691819000143], [85.35527801500012, 25.003089904000092], [85.35457611000004, 25.006540298000118], [85.35835266200002, 25.012689591000083], [85.35816955600018, 25.016941071000133], [85.35581970300018, 25.01912117000012], [85.35250854500009, 25.020120620000057], [85.34912872200016, 25.02004814100019], [85.34464263900014, 25.018859863000102], [85.34369659500004, 25.017940522000174], [85.34269714300012, 25.012519835999967], [85.33526611300005, 25.01078033500005], [85.33448028600014, 25.007209777000185], [85.32775116000005, 25.009229660000074], [85.32456970100003, 25.009000779000075], [85.32190704400006, 25.010709764000126], [85.32292175400016, 25.015340806000154], [85.32248687800006, 25.01792907700019], [85.31900787300009, 25.02475929200017], [85.31661224300012, 25.025728225000137], [85.30197143499998, 25.0283298490001], [85.29644012500012, 25.02719116100019], [85.27974700800013, 25.0304508210001], [85.28359985400004, 25.033830642000055], [85.28685760400015, 25.0380306240001], [85.28794860800014, 25.041690826000092], [85.29149627600009, 25.045400619000134], [85.29438781700014, 25.052579881000156], [85.3027420040001, 25.062280655000052], [85.30458068900009, 25.068679810000106], [85.30925750600005, 25.07555961500009], [85.33168029699999, 25.099800111000093], [85.34131622300004, 25.107219696000186], [85.34886932500007, 25.116638185000056], [85.34855651800007, 25.12125968900017], [85.34268951500019, 25.119930267000143], [85.33793640200008, 25.119970321000096], [85.33245849600019, 25.121631622000166], [85.32746887200017, 25.12173080399998], [85.3269119260001, 25.125789642000086], [85.32811736999997, 25.137161254000034], [85.3274230950002, 25.16123008700015], [85.33007049600013, 25.169750214000146], [85.33172607400013, 25.181671143000187], [85.33381652899999, 25.186241149000125], [85.33750915500019, 25.188930512000127], [85.34130096500002, 25.190521240000123], [85.3565673830002, 25.192220689000123], [85.36266326900011, 25.193950653000115], [85.36367797900004, 25.19726944100006], [85.36369323700006, 25.201601029000187], [85.37284851100014, 25.207750320000116], [85.37812805100015, 25.209430696000084], [85.39334106400008, 25.217350007000107], [85.3957214350001, 25.220632553000087], [85.39594268800005, 25.224210739000057], [85.4021987910001, 25.228799821000166], [85.40278625400015, 25.23103904800007], [85.40210723899997, 25.235771180000086], [85.40341186600006, 25.24036025999999], [85.39788818400007, 25.242441178000036], [85.38707733200016, 25.250738143999968], [85.38414764300012, 25.256282806000115], [85.38912200900012, 25.255710602000192], [85.39150238000013, 25.253419877000113], [85.39717102100013, 25.253070831000173], [85.40328979500015, 25.257141114000035], [85.40796661400015, 25.256349564000118], [85.41361236600005, 25.25281906100014], [85.41761016800012, 25.25597000200014], [85.42352294800014, 25.266210556000146], [85.42761993500011, 25.26848983800005], [85.43158721900005, 25.26931953500008], [85.43268585200013, 25.27345085100012], [85.42497253400018, 25.28957939200012], [85.4253005990002, 25.295230866000168], [85.42867279000006, 25.297109604000184], [85.43274688800017, 25.29777908300008], [85.43916320800014, 25.291410447000032], [85.44365692100007, 25.29107093900018], [85.45339965800014, 25.292821883999977], [85.46251678500016, 25.29940986700018], [85.47624969399999, 25.30216026300019], [85.4808502190001, 25.30483055100018], [85.48438263000003, 25.308610916000077], [85.48758697500006, 25.308021546000134], [85.49088287400019, 25.305181503000085], [85.49308014000007, 25.307380676000037], [85.49561309900014, 25.314701081000067], [85.4980773920002, 25.315160751999997], [85.49939727800017, 25.317501068000013], [85.50167846800008, 25.324359894000168], [85.50509643499998, 25.32543945400016], [85.5169982910001, 25.326900483000145], [85.5202484130001, 25.32907104500015], [85.52240753200016, 25.337028505000035], [85.52178955000016, 25.34113121000013], [85.51786041300005, 25.350570679000043], [85.51587677100008, 25.363687516000027], [85.51425170900006, 25.367481232000046], [85.5116500850001, 25.37082290600017], [85.5063018800002, 25.3732528700001], [85.50029754600007, 25.37327003500019], [85.49384307800017, 25.37152290400013], [85.48645782500006, 25.371339798000122], [85.48060607800005, 25.373018264000052], [85.48126220600017, 25.380510329999993], [85.47515869200015, 25.381980896000186], [85.47339630000016, 25.376590729000156], [85.46993255500018, 25.373670579000134], [85.46953582700007, 25.368320466000057], [85.46717071600006, 25.359199524000132], [85.45610046400014, 25.363201141000047], [85.45481872500005, 25.369871139000168], [85.45475006100008, 25.382139206000147], [85.44290161100008, 25.38506126300007], [85.44159698500016, 25.37598037800018], [85.43968963600014, 25.376529693000066], [85.43760681100002, 25.379011155000057], [85.4355163570001, 25.382860185000027], [85.43421935900005, 25.387960434000036], [85.42891693100012, 25.39009094400012], [85.41990661600005, 25.391160964000164], [85.4162063600001, 25.392509460000042], [85.41394805900006, 25.39544105500005], [85.41426086400008, 25.39970016400008], [85.4125823980001, 25.403320314000098], [85.41519928000008, 25.413120270000093], [85.40844726600011, 25.419559480000146], [85.40516662500016, 25.4191608430001], [85.39942932100013, 25.424600601000066], [85.39119720600013, 25.42864036500015], [85.39048004200015, 25.433961869000086], [85.39508819600019, 25.434490204000042], [85.39589691100008, 25.436941147000084], [85.39605712900016, 25.453849792000142], [85.39859008700012, 25.461740494000026], [85.41250610400004, 25.46082115100006], [85.42192840600018, 25.455770492000056], [85.43122100900013, 25.447200775], [85.43637085000017, 25.447660446000157], [85.4424819940001, 25.445270539000035], [85.44905090400005, 25.446550369000192], [85.45838928200016, 25.44565010000008], [85.46465301500018, 25.441650390000063], [85.46993255500018, 25.441421509000065], [85.47587585400015, 25.443180084000176], [85.4783325190001, 25.44594955400015], [85.48362731900016, 25.44824028100004], [85.48602294900013, 25.44548988500003], [85.49083709700005, 25.429281235000076], [85.4957275390002, 25.428590775000146], [85.50393676800007, 25.430820465000068], [85.50988769500015, 25.427110671000094], [85.51415252700002, 25.426950456000043], [85.5179595960002, 25.428140640000095], [85.52021026600005, 25.43090057400002], [85.52407836999998, 25.428850175000093], [85.52700805700005, 25.42860984900011], [85.52733612000009, 25.422561645000087], [85.53569030700004, 25.42552948000008], [85.53942108100017, 25.422210694000114], [85.54350280800014, 25.421541215000047], [85.55013275100004, 25.425891876000037], [85.55310058500015, 25.425519943999973], [85.5519332880001, 25.418331147000174], [85.55526733400006, 25.418781281000122], [85.55882263299998, 25.42319107000003], [85.56156158400006, 25.424800873000095], [85.57109832800006, 25.425149917], [85.57286071800002, 25.41825103800005], [85.57390594500009, 25.406690597000193], [85.5736160290001, 25.404100417999985], [85.56980133000002, 25.4004516600001], [85.57585906900005, 25.39679145800011], [85.583366393, 25.385419845000058], [85.58753204300007, 25.382789612000124], [85.59007263200004, 25.382432938000136], [85.59079742400019, 25.38587951700009], [85.58972930900018, 25.38918113600016], [85.59233093300014, 25.391950608000172], [85.59497833200004, 25.391321182000127], [85.60069275000018, 25.385120391000157], [85.60842132500005, 25.38454055900013], [85.62107086200018, 25.381629945000043], [85.62119293300003, 25.373149872000113], [85.62352752700014, 25.369461060000106], [85.62895965500013, 25.368230820000065], [85.63199615400015, 25.364990235000107], [85.62844848600002, 25.35573005600014], [85.62782287600015, 25.352001191000056], [85.62869262700008, 25.348520279000184], [85.63043975900007, 25.34883117800007], [85.63079834100006, 25.35248947200006], [85.63607025100015, 25.35242843700007], [85.64330291700014, 25.340499878000116], [85.63471221900005, 25.334470750000094], [85.62471008300008, 25.334430695000037], [85.62317657400013, 25.32500839200003], [85.62692260699998, 25.322620392000147], [85.63249206500006, 25.322540282999967], [85.63684082100013, 25.323350905999973], [85.63633728000013, 25.316379547000054], [85.6445388800002, 25.314809799000045], [85.64642334000013, 25.312908172000164], [85.65078735300017, 25.314540864000094], [85.6533126830002, 25.31707954500007], [85.6541290290001, 25.322532653000053], [85.65410614000007, 25.329349518000186], [85.65184784000007, 25.333080292000147], [85.6530609140001, 25.336971282000036], [85.65631103600003, 25.337360383000146], [85.65959167500017, 25.33895111000004], [85.66240692200012, 25.34073066800005], [85.66384124700005, 25.34426116900005], [85.66671752899998, 25.345531463000157], [85.67325591999997, 25.345371246000127], [85.68144226100009, 25.3465995790001], [85.68450927800012, 25.35512924300008], [85.6946563730001, 25.352970124000024], [85.69729614200008, 25.353420258000142], [85.69948577899999, 25.362770081000065], [85.7080459600001, 25.356109618999994], [85.70781707700013, 25.36065864500017], [85.70902252100018, 25.365190507000136], [85.71408081100003, 25.364830018000077], [85.71833801300005, 25.356599807000066], [85.71572113000013, 25.351762773000075], [85.71846771200018, 25.347650528000088], [85.72374725400005, 25.347930908000023], [85.72592926100003, 25.342151642000033], [85.72680664000006, 25.33585930000004], [85.73446655300012, 25.334510804000047], [85.73615265000007, 25.32882118300006], [85.73795318700013, 25.325080872000115], [85.74054718100018, 25.322130204000075], [85.74735260000006, 25.317871094999987], [85.75180053800017, 25.317071915000156], [85.7537231440001, 25.31725120600015], [85.755722047, 25.31981086799999], [85.76155853300014, 25.316141129000073], [85.76975250200013, 25.318700791000083], [85.7755889880001, 25.31549263100004], [85.77526855500014, 25.311920166000107], [85.77893066500008, 25.30952835100004], [85.78121948199998, 25.312530517000084], [85.78901672500007, 25.309850694000147], [85.7938766480001, 25.311399459000143], [85.79959106500013, 25.3091812130001], [85.8036270140002, 25.29201126100014], [85.81159210300012, 25.29046058800003], [85.82977295000012, 25.29157066500011], [85.8380279540001, 25.295049668000104], [85.84951019200014, 25.295450211000116], [85.85629272500012, 25.297349929999996], [85.85846710200019, 25.283390046000136], [85.867599487, 25.282690049000053], [85.87365722600003, 25.280281068000136], [85.88121032700019, 25.284580230000188], [85.88198089600007, 25.289688111000146], [85.88553619300018, 25.29536056500018], [85.88780975400005, 25.297662735000074], [85.89245605400009, 25.29374122600001], [85.8983078010001, 25.293872833000023], [85.897087097, 25.289871215000176], [85.89897155700015, 25.281400681000093], [85.89617919900002, 25.27709960900006], [85.8970184330002, 25.26917839100014], [85.89457702600009, 25.265270233000024], [85.89554595900006, 25.26137924200009], [85.90606689500015, 25.25423050000012], [85.91398620600017, 25.250331880000147], [85.91651153600003, 25.247671128000036], [85.91838836699998, 25.244108201000074], [85.90306854200014, 25.23416137700019], [85.89927673400007, 25.232009888999983], [85.88539123600015, 25.2291183480001], [85.87786102300015, 25.22964096000004], [85.86836242800018, 25.232709884000087], [85.86691284200015, 25.23884010400019], [85.86283111600011, 25.23977279700017], [85.85949707000015, 25.24263954200012], [85.85324096700003, 25.241960524999968], [85.84703064100006, 25.24225235100016], [85.83509826700009, 25.239349365000123], [85.83197784500004, 25.23266983000019], [85.82830810600007, 25.2305297850001], [85.82685852100008, 25.222642900000096], [85.82200622600016, 25.218210220000174], [85.81678009100006, 25.217790605000175], [85.81256103500016, 25.219709397000088], [85.81038665800014, 25.225839614999984], [85.80564880400016, 25.226030351000134], [85.79673767100013, 25.229419708000023], [85.79299926700008, 25.229738235000184], [85.78932189900007, 25.223791123000126], [85.78901672500007, 25.220100403000117], [85.78666687000003, 25.218719483000086], [85.78011322000015, 25.21785926800004], [85.77945709200003, 25.226539612000124], [85.78000640800019, 25.234750747000135], [85.78559112500011, 25.248340607000102], [85.7846908570001, 25.25131034800006], [85.77430725100015, 25.24525070200019], [85.76992797800011, 25.244680405000167], [85.76373291000016, 25.244970321000153], [85.76435089100005, 25.263671875000114], [85.75473785400004, 25.265489577999972], [85.75212860100004, 25.26175117500003], [85.73854064900007, 25.262340545000143], [85.72973632700007, 25.264270783000143], [85.7294998160001, 25.273681641000053], [85.72718811000016, 25.2767505650001], [85.72184753500017, 25.277811050000025], [85.71711730999999, 25.276479720000168], [85.70935821500007, 25.272720337000067], [85.69473266700004, 25.270040513000026], [85.69281005900012, 25.26646041800001], [85.69377136200012, 25.255350113000134], [85.69242858900014, 25.24418067900018], [85.6929016110002, 25.23297119100016], [85.71308135900011, 25.224012374000097], [85.71745300400005, 25.219261169000163], [85.7174224850001, 25.209922791000054], [85.72141265900007, 25.20600128199999], [85.7223968510001, 25.201070786000116], [85.72122955300017, 25.197740555000166], [85.71633911200013, 25.199039459000176], [85.71375274600018, 25.19523048500014], [85.7132568350001, 25.189250945000083], [85.70936584499998, 25.19011116000013], [85.6980667110002, 25.190359117000128], [85.6946563730001, 25.19168281600014], [85.68937683100006, 25.192161561000034], [85.68839264000007, 25.179611206000175], [85.68901062100014, 25.171110153000143], [85.69480133000008, 25.171590805000108], [85.69660949700005, 25.167579652000143], [85.69422149700017, 25.16543960700011], [85.68936157200017, 25.16471099800009], [85.68548584100017, 25.15964126500012], [85.68231964000012, 25.148799897000174], [85.68041229300013, 25.135810853000123], [85.66184234600013, 25.12597084000015], [85.65605163600009, 25.12451934900008], [85.6482696540001, 25.124391556000035], [85.62506103500016, 25.132389068000066], [85.61696624799998, 25.13249015800011], [85.59932708800017, 25.129310609000186], [85.59686279300013, 25.112930299000084], [85.5971374510001, 25.108409882000046], [85.59913635200019, 25.106620788000157], [85.6017532350001, 25.108861923000063], [85.60470581100014, 25.114250183000024], [85.60856628400006, 25.11635017400016], [85.61415863100012, 25.11615753199999], [85.63369750900011, 25.099300385000106], [85.64337921100008, 25.085151672000165], [85.65408325200013, 25.066488265000032], [85.65045165900011, 25.06273078900017], [85.64672851500006, 25.06256294300016], [85.64393615700016, 25.063180923000118], [85.64147186300016, 25.06471061700006], [85.63739776500006, 25.069271088000164], [85.6351089480001, 25.070102692000034], [85.63226318400018, 25.067079545000126], [85.63153839100016, 25.06171035900013], [85.62980651900006, 25.058879853000064], [85.6258468640001, 25.05660820000014], [85.61856842000003, 25.050790787000096], [85.6126480100001, 25.044460298000047], [85.60565948500016, 25.041650771000036], [85.60166168300015, 25.037450790000094], [85.60069275000018, 25.03330040000003], [85.59301757800017, 25.030290604000072], [85.58721923900015, 25.03378105200005], [85.5831985480001, 25.033271789000082], [85.57817840500013, 25.03097915600017], [85.563812257, 25.029890060000128], [85.56185150200002, 25.031520844000056], [85.55909729100017, 25.03647995100016], [85.55638122600004, 25.034639358000163], [85.5520858770002, 25.033870697000054], [85.55097198500005, 25.029569625000192], [85.54846191500019, 25.02542114300013], [85.54677581800001, 25.02028274500003], [85.54802703900009, 25.015239716000167], [85.55477905300012, 25.00786018299999], [85.5598373410001, 25.00457000800003], [85.56455230700016, 25.00424957300004], [85.56463623000008, 25.002651214000025], [85.56339264000019, 24.994569778000027], [85.55906677200005, 24.99370956500013], [85.5594863890002, 24.98795128000006], [85.55895233200016, 24.98688125700005], [85.55650329700012, 24.987421035000125], [85.55477905300012, 24.989620208000133], [85.54795837400019, 24.989919662000034], [85.54794311600017, 24.995492936000176], [85.5468368540001, 24.996410371000138], [85.53540802100014, 24.99472045900012], [85.53434753400006, 24.99814033500013], [85.53308868500005, 24.99909973199999], [85.53350830200009, 25.00262069700011], [85.53192901600016, 25.013839723000046], [85.52979278500004, 25.01358985900015], [85.52659607000015, 25.008100508999973], [85.5211868290001, 25.006650926000077], [85.49234008800016, 25.00626182500008], [85.48607635400003, 25.004518509000093], [85.48239135700004, 25.002201080000134], [85.4550628660001, 24.987728119000167], [85.4243621820001, 24.976789474000043], [85.41448974700012, 24.975301742000056], [85.40290069600019, 24.975160598000116], [85.40016174300013, 24.97380065900012], [85.39527130200008, 24.969579697000086], [85.38922119100016, 24.96628952000009]]]}}, {"type": "Feature", "properties": {"GID_3": "IND.5.23.2_1", "GID_0": "IND", "COUNTRY": "India", "GID_1": "IND.5_1", "NAME_1": "Bihar", "NL_NAME_1": "NA", "GID_2": "IND.5.23_1", "NAME_2": "Nalanda", "NL_NAME_2": "NA", "NAME_3": "Hilsa", "VARNAME_3": "NA", "NL_NAME_3": "NA", "TYPE_3": "Taluk", "ENGTYPE_3": "Taluk", "CC_3": "NA", "HASC_3": "NA"}, "geometry": {"type": "Polygon", "coordinates": [[[85.27974700800013, 25.0304508210001], [85.27551269500015, 25.030969620999997], [85.27259826600016, 25.02650260900009], [85.26895141500012, 25.027219772000024], [85.26499176000016, 25.025791168000126], [85.26396942100001, 25.031629561999978], [85.2623062130001, 25.034330367999985], [85.25953674400017, 25.0349216460001], [85.25594329800003, 25.03316116300016], [85.25643158000014, 25.023429870000143], [85.25570678700012, 25.01526069700003], [85.25466156000005, 25.01204109100007], [85.2526931760001, 25.010351182000136], [85.24833679200003, 25.00885009700005], [85.24356079000012, 25.00906944200017], [85.2424163820001, 25.012891769000134], [85.23754119800014, 25.01639747600018], [85.23497772300004, 25.02034950300009], [85.23729705900013, 25.02486992000007], [85.23780059800009, 25.031290055000056], [85.23291015600012, 25.04611969100017], [85.2281265270002, 25.055419922000056], [85.22190094000013, 25.057081222000193], [85.21569824200009, 25.05532073900008], [85.21582794300008, 25.046657563000053], [85.21427154500009, 25.043880463000164], [85.21115875200002, 25.042539598000133], [85.20699310400016, 25.03714943], [85.2033996580002, 25.0349216460001], [85.19481658900014, 25.034170151000183], [85.19581604000012, 25.048099518000072], [85.19728088400018, 25.0536708840001], [85.201698303, 25.05590057400019], [85.20445251500018, 25.059379577000186], [85.20778656099998, 25.060729980000133], [85.20926666300005, 25.064250945000026], [85.20877075200013, 25.074010850000093], [85.2038879390002, 25.07831192100008], [85.19625091600005, 25.092041015000063], [85.1976470940001, 25.09531974800018], [85.20182037400008, 25.099979402000088], [85.19837951600016, 25.10163116400014], [85.19449615600018, 25.10153961200001], [85.19078063900014, 25.107797623000124], [85.18622589100005, 25.106050491000133], [85.18205261300005, 25.105720521000023], [85.17787933300008, 25.10252952600007], [85.16751098600014, 25.101749420000147], [85.1611175540001, 25.102590562000103], [85.16320800700015, 25.112260820000188], [85.16713714600007, 25.119720459000177], [85.165657044, 25.125459671000044], [85.16581726000015, 25.129550935000168], [85.1662826540001, 25.13755989100008], [85.16828155500019, 25.14324951200018], [85.17159271300005, 25.145839690999992], [85.17704010000006, 25.147460937000062], [85.18029785100003, 25.148040772000172], [85.18605041500012, 25.147760391000133], [85.18627166800019, 25.151330948000066], [85.18316650500003, 25.16035080100005], [85.18061065800003, 25.162010194000118], [85.17327880900012, 25.16435051100001], [85.17424011200018, 25.171260834000066], [85.17022705100004, 25.17221069400017], [85.1652221670002, 25.167219163000084], [85.16275024400005, 25.165821075000053], [85.16146087600009, 25.165849686000172], [85.16114044300014, 25.170360565000124], [85.16366577100018, 25.181350708000025], [85.15892028900015, 25.190750123000157], [85.15764617900004, 25.194988251000154], [85.15921020500014, 25.19668960600012], [85.16452026400009, 25.196300508000093], [85.16541290300017, 25.19807052599998], [85.16631317100001, 25.206720351000115], [85.1685180660001, 25.20927047800012], [85.17266845800015, 25.210519792000127], [85.17378234800015, 25.212230682000097], [85.17492675900007, 25.219310760999974], [85.17420196500012, 25.22377014200009], [85.17022705100004, 25.22616958700013], [85.1587524410001, 25.230211257000065], [85.15806579600002, 25.23664093100018], [85.16433715800008, 25.23864936800004], [85.1661682130001, 25.24646186800004], [85.16925811800007, 25.24801063600006], [85.18257904000001, 25.249830245999988], [85.18712616000005, 25.253778459000102], [85.18850708000008, 25.256811141000185], [85.19090271000005, 25.258501053000032], [85.20680236800018, 25.256090165000046], [85.21041870200008, 25.257129669000108], [85.21202087500006, 25.262912750000112], [85.20414733800004, 25.265501023000127], [85.19902801600017, 25.265661240000156], [85.19468689000013, 25.264820099000133], [85.18910980100009, 25.265230178000024], [85.18588256800018, 25.26938820000015], [85.17534637400007, 25.270288468000047], [85.1697158820001, 25.272710801000187], [85.16986846900005, 25.278079987000183], [85.17521667500006, 25.286739349000072], [85.18004608100017, 25.292079926000042], [85.18123626700003, 25.29476165699998], [85.18061828600014, 25.2992210380001], [85.17794799800004, 25.304349898999988], [85.17370605400004, 25.30961990300011], [85.17433166600011, 25.31674957200005], [85.17555236800001, 25.319269180000163], [85.18150329700012, 25.325611115000072], [85.18270874100017, 25.33341026300019], [85.1861190790001, 25.33963012700019], [85.1853866570001, 25.347021103000145], [85.18698120100004, 25.34982109200007], [85.18682861400009, 25.353229524000028], [85.18477630600012, 25.358400344000074], [85.18501281700003, 25.372520448000103], [85.1858901980001, 25.37886047500018], [85.18505096400008, 25.382432938000136], [85.17742919900019, 25.3864612590001], [85.17513275100004, 25.38906288100003], [85.17590332000015, 25.392719269000054], [85.17903137100001, 25.396409988000187], [85.18090057400008, 25.402990341000077], [85.18878173800005, 25.404100417999985], [85.19039154100011, 25.40499115000017], [85.19190979000007, 25.40824127200017], [85.19384002800007, 25.408960343000047], [85.19995880200008, 25.409170151000183], [85.20295715300011, 25.41498947100007], [85.20488739000018, 25.416500091000046], [85.210151672, 25.41657066400012], [85.21531677200016, 25.415130615000066], [85.22115326000011, 25.415239334999967], [85.2257080080002, 25.412250520000043], [85.22808838000014, 25.405109405000076], [85.23185729900013, 25.404220581000118], [85.23847198400006, 25.40851974499998], [85.24369811900004, 25.415330887000096], [85.2496719360002, 25.41324043300017], [85.2509460440001, 25.40641021800019], [85.25054168700012, 25.402330400000096], [85.25266265900012, 25.39875984200006], [85.25740814200009, 25.40176963900018], [85.26235961900005, 25.402349473000186], [85.26625823900008, 25.40199279900014], [85.269927978, 25.39902115000001], [85.27214050200013, 25.3983306880001], [85.27205658000008, 25.401800155000046], [85.274398803, 25.405149460000132], [85.27893829300007, 25.40118980400007], [85.27934265200008, 25.39808082600001], [85.28425598200016, 25.397260667000126], [85.2884521490002, 25.395282745000088], [85.28971099800015, 25.39207077100008], [85.29992675900013, 25.39623069900017], [85.30149078400012, 25.398210527000003], [85.29994964500008, 25.403102876000048], [85.30229187000015, 25.407369614000118], [85.30612182700003, 25.406721116000142], [85.30782318100012, 25.404308320000155], [85.3119125360002, 25.405431748000012], [85.31996154800004, 25.40554046600016], [85.32305145300018, 25.405189514000085], [85.32625579800015, 25.40315246600011], [85.3323974610002, 25.40463066000018], [85.33664703400018, 25.40731048600003], [85.34081268200003, 25.412929534000114], [85.34426879900013, 25.41163826100012], [85.34509277300009, 25.408500672000116], [85.34442138600019, 25.40522956799998], [85.35399627700008, 25.40347099300004], [85.35624694800009, 25.40094185000015], [85.35772705000016, 25.406150819000118], [85.36242675800014, 25.41452026400009], [85.36312866300005, 25.42044067400019], [85.36611175500013, 25.424360275000083], [85.36773681600005, 25.428239822000137], [85.37120819100011, 25.431159973000092], [85.37715149000007, 25.426990510000167], [85.37893676800019, 25.43128013600017], [85.38314819400011, 25.430940628000144], [85.39048004200015, 25.433961869000086], [85.39119720600013, 25.42864036500015], [85.39942932100013, 25.424600601000066], [85.40516662500016, 25.4191608430001], [85.40844726600011, 25.419559480000146], [85.41519928000008, 25.413120270000093], [85.4125823980001, 25.403320314000098], [85.41426086400008, 25.39970016400008], [85.41394805900006, 25.39544105500005], [85.4162063600001, 25.392509460000042], [85.41990661600005, 25.391160964000164], [85.42891693100012, 25.39009094400012], [85.43421935900005, 25.387960434000036], [85.4355163570001, 25.382860185000027], [85.43760681100002, 25.379011155000057], [85.43968963600014, 25.376529693000066], [85.44159698500016, 25.37598037800018], [85.44290161100008, 25.38506126300007], [85.45475006100008, 25.382139206000147], [85.45481872500005, 25.369871139000168], [85.45610046400014, 25.363201141000047], [85.46717071600006, 25.359199524000132], [85.46953582700007, 25.368320466000057], [85.46993255500018, 25.373670579000134], [85.47339630000016, 25.376590729000156], [85.47515869200015, 25.381980896000186], [85.48126220600017, 25.380510329999993], [85.48060607800005, 25.373018264000052], [85.48645782500006, 25.371339798000122], [85.49384307800017, 25.37152290400013], [85.50029754600007, 25.37327003500019], [85.5063018800002, 25.3732528700001], [85.5116500850001, 25.37082290600017], [85.51425170900006, 25.367481232000046], [85.51587677100008, 25.363687516000027], [85.51786041300005, 25.350570679000043], [85.52178955000016, 25.34113121000013], [85.52240753200016, 25.337028505000035], [85.5202484130001, 25.32907104500015], [85.5169982910001, 25.326900483000145], [85.50509643499998, 25.32543945400016], [85.50167846800008, 25.324359894000168], [85.49939727800017, 25.317501068000013], [85.4980773920002, 25.315160751999997], [85.49561309900014, 25.314701081000067], [85.49308014000007, 25.307380676000037], [85.49088287400019, 25.305181503000085], [85.48758697500006, 25.308021546000134], [85.48438263000003, 25.308610916000077], [85.4808502190001, 25.30483055100018], [85.47624969399999, 25.30216026300019], [85.46251678500016, 25.29940986700018], [85.45339965800014, 25.292821883999977], [85.44365692100007, 25.29107093900018], [85.43916320800014, 25.291410447000032], [85.43274688800017, 25.29777908300008], [85.42867279000006, 25.297109604000184], [85.4253005990002, 25.295230866000168], [85.42497253400018, 25.28957939200012], [85.43268585200013, 25.27345085100012], [85.43158721900005, 25.26931953500008], [85.42761993500011, 25.26848983800005], [85.42352294800014, 25.266210556000146], [85.41761016800012, 25.25597000200014], [85.41361236600005, 25.25281906100014], [85.40796661400015, 25.256349564000118], [85.40328979500015, 25.257141114000035], [85.39717102100013, 25.253070831000173], [85.39150238000013, 25.253419877000113], [85.38912200900012, 25.255710602000192], [85.38414764300012, 25.256282806000115], [85.38707733200016, 25.250738143999968], [85.39788818400007, 25.242441178000036], [85.40341186600006, 25.24036025999999], [85.40210723899997, 25.235771180000086], [85.40278625400015, 25.23103904800007], [85.4021987910001, 25.228799821000166], [85.39594268800005, 25.224210739000057], [85.3957214350001, 25.220632553000087], [85.39334106400008, 25.217350007000107], [85.37812805100015, 25.209430696000084], [85.37284851100014, 25.207750320000116], [85.36369323700006, 25.201601029000187], [85.36367797900004, 25.19726944100006], [85.36266326900011, 25.193950653000115], [85.3565673830002, 25.192220689000123], [85.34130096500002, 25.190521240000123], [85.33750915500019, 25.188930512000127], [85.33381652899999, 25.186241149000125], [85.33172607400013, 25.181671143000187], [85.33007049600013, 25.169750214000146], [85.3274230950002, 25.16123008700015], [85.32811736999997, 25.137161254000034], [85.3269119260001, 25.125789642000086], [85.32746887200017, 25.12173080399998], [85.33245849600019, 25.121631622000166], [85.33793640200008, 25.119970321000096], [85.34268951500019, 25.119930267000143], [85.34855651800007, 25.12125968900017], [85.34886932500007, 25.116638185000056], [85.34131622300004, 25.107219696000186], [85.33168029699999, 25.099800111000093], [85.30925750600005, 25.07555961500009], [85.30458068900009, 25.068679810000106], [85.3027420040001, 25.062280655000052], [85.29438781700014, 25.052579881000156], [85.29149627600009, 25.045400619000134], [85.28794860800014, 25.041690826000092], [85.28685760400015, 25.0380306240001], [85.28359985400004, 25.033830642000055], [85.27974700800013, 25.0304508210001]]]}}, {"type": "Feature", "properties": {"GID_3": "IND.5.24.1_1", "GID_0": "IND", "COUNTRY": "India", "GID_1": "IND.5_1", "NAME_1": "Bihar", "NL_NAME_1": "NA", "GID_2": "IND.5.24_1", "NAME_2": "Nawada", "NL_NAME_2": "NA", "NAME_3": "Nawada", "VARNAME_3": "NA", "NL_NAME_3": "NA", "TYPE_3": "Taluk", "ENGTYPE_3": "Taluk", "CC_3": "NA", "HASC_3": "NA"}, "geometry": {"type": "Polygon", "coordinates": [[[85.38336944600013, 24.53519058200004], [85.38635253900014, 24.538248062000093], [85.39045715399999, 24.5421695710001], [85.38897705200009, 24.544618606000142], [85.37065124500003, 24.55332946900012], [85.36508178700018, 24.555299759000036], [85.35977935800014, 24.556102754000165], [85.34636688200004, 24.552259446000107], [85.34340667700019, 24.55206108200008], [85.33233642500011, 24.55459022500014], [85.31133270300006, 24.5620994570001], [85.31019592300015, 24.56529998700006], [85.31079101600011, 24.568620683000177], [85.31903839200004, 24.57058906500015], [85.32335662900016, 24.57728958200005], [85.32290649300006, 24.58090972900004], [85.32212066600016, 24.583061219000058], [85.3183898920002, 24.586811065000177], [85.31344604500015, 24.585630417000175], [85.30976867700014, 24.58658981300016], [85.3085021980001, 24.58869934100005], [85.30844879100005, 24.593118668000045], [85.3112258910001, 24.603572846000134], [85.30372619700006, 24.60461998000011], [85.30596160900012, 24.614440918000184], [85.30635070800008, 24.620019914000125], [85.29667663600003, 24.633369447000007], [85.29915618800004, 24.646970749000104], [85.3144226080002, 24.635599136000053], [85.31707000700015, 24.640060425000115], [85.31754302900003, 24.64501190200008], [85.31909179700011, 24.64842033500014], [85.31880188100007, 24.650049211000066], [85.30745696900004, 24.649040221000064], [85.30224609300018, 24.650190353000028], [85.30030822700007, 24.652261734999968], [85.30229950000006, 24.659151078000093], [85.29344177200011, 24.66225814800009], [85.28878021200006, 24.672319412000036], [85.29055786200007, 24.67405128600012], [85.29289245700005, 24.67356109600007], [85.2964096070001, 24.675800323000146], [85.30020904500003, 24.676460266000163], [85.3041915890002, 24.672121048000122], [85.30735015900007, 24.672319412000036], [85.319747925, 24.668371200000024], [85.32034301800013, 24.669361114000026], [85.31900024500015, 24.673440934000098], [85.31886291600006, 24.680009842000004], [85.31736755400016, 24.687709808000136], [85.31796264700012, 24.692590714000005], [85.32051849400011, 24.69589042700011], [85.32408905100004, 24.697540284000127], [85.32552337600015, 24.701490402000104], [85.32554626400008, 24.71241951100012], [85.31933593800011, 24.720979690000092], [85.31820678800011, 24.72966003400012], [85.3171005260001, 24.73118019000009], [85.31424713200005, 24.731281280000132], [85.3029708860002, 24.728811264000058], [85.29950714200015, 24.728679658000146], [85.29870605400009, 24.730890274000103], [85.29943084800004, 24.742120743000044], [85.29701995800002, 24.74338150000017], [85.29025268600003, 24.744960786000092], [85.29104614300002, 24.74809265300013], [85.29026031600011, 24.749671937000073], [85.28005981500019, 24.7490711210001], [85.2687759390002, 24.746681214000148], [85.26387786900011, 24.74834823700013], [85.26297760000011, 24.750471113999993], [85.2683410640002, 24.75904083300003], [85.26988220100003, 24.775148393000165], [85.2715606700001, 24.78207969800019], [85.27337646500018, 24.78514099100005], [85.27687835600011, 24.787040710000156], [85.28459167500012, 24.783760071000188], [85.29074859600018, 24.790502548000063], [85.29886627200005, 24.801820755000108], [85.30155182000004, 24.80820274400014], [85.30242919900007, 24.813430787000073], [85.30017089800015, 24.819522858000084], [85.30021667500012, 24.82208061200015], [85.31069946400015, 24.83739090000006], [85.31408691500008, 24.839902878000032], [85.31920623700012, 24.84171295200008], [85.32031249900018, 24.843330383000023], [85.31936645500008, 24.853120804000184], [85.32000732500018, 24.855560303000118], [85.32341766400015, 24.858142852000014], [85.33525848400006, 24.86240768500005], [85.3375167850001, 24.8669300090001], [85.32910156300017, 24.878280641000117], [85.3289184570001, 24.879970550000053], [85.33046722500018, 24.882921218000092], [85.33589172400019, 24.886472702000162], [85.33896637100014, 24.887479782000185], [85.34472656300017, 24.883680344000027], [85.34821319600007, 24.884521485000107], [85.36136627300004, 24.882890702000054], [85.36089325000012, 24.888391495000178], [85.36231231700003, 24.890890122000087], [85.36489105300001, 24.89355087400014], [85.3700714110002, 24.895071030000167], [85.37322998100007, 24.897859573000062], [85.375900269, 24.89847946200007], [85.37663269100005, 24.901000978000184], [85.37513732800005, 24.90178108200007], [85.37705993600014, 24.914529800000082], [85.37399292000003, 24.9176712040001], [85.37287902800006, 24.92033958400009], [85.37349700900012, 24.927659989000176], [85.37428283800006, 24.92937278700009], [85.38162231500007, 24.931592941000133], [85.38191223100006, 24.9413394930001], [85.37542724700012, 24.944400787000063], [85.37460327100018, 24.9477005010001], [85.38651275600012, 24.960170746000074], [85.38922119100016, 24.96628952000009], [85.39527130200008, 24.969579697000086], [85.40016174300013, 24.97380065900012], [85.40290069600019, 24.975160598000116], [85.41448974700012, 24.975301742000056], [85.4243621820001, 24.976789474000043], [85.4550628660001, 24.987728119000167], [85.48239135700004, 25.002201080000134], [85.48607635400003, 25.004518509000093], [85.49234008800016, 25.00626182500008], [85.5211868290001, 25.006650926000077], [85.52659607000015, 25.008100508999973], [85.52979278500004, 25.01358985900015], [85.53192901600016, 25.013839723000046], [85.53350830200009, 25.00262069700011], [85.53308868500005, 24.99909973199999], [85.53434753400006, 24.99814033500013], [85.53540802100014, 24.99472045900012], [85.5468368540001, 24.996410371000138], [85.54794311600017, 24.995492936000176], [85.54795837400019, 24.989919662000034], [85.55477905300012, 24.989620208000133], [85.55650329700012, 24.987421035000125], [85.55895233200016, 24.98688125700005], [85.5594863890002, 24.98795128000006], [85.55906677200005, 24.99370956500013], [85.56339264000019, 24.994569778000027], [85.56463623000008, 25.002651214000025], [85.56455230700016, 25.00424957300004], [85.5598373410001, 25.00457000800003], [85.55477905300012, 25.00786018299999], [85.54802703900009, 25.015239716000167], [85.54677581800001, 25.02028274500003], [85.54846191500019, 25.02542114300013], [85.55097198500005, 25.029569625000192], [85.5520858770002, 25.033870697000054], [85.55638122600004, 25.034639358000163], [85.55909729100017, 25.03647995100016], [85.56185150200002, 25.031520844000056], [85.563812257, 25.029890060000128], [85.57817840500013, 25.03097915600017], [85.5831985480001, 25.033271789000082], [85.58721923900015, 25.03378105200005], [85.59301757800017, 25.030290604000072], [85.60069275000018, 25.03330040000003], [85.60166168300015, 25.037450790000094], [85.60565948500016, 25.041650771000036], [85.6126480100001, 25.044460298000047], [85.61856842000003, 25.050790787000096], [85.6258468640001, 25.05660820000014], [85.62980651900006, 25.058879853000064], [85.63153839100016, 25.06171035900013], [85.63226318400018, 25.067079545000126], [85.6351089480001, 25.070102692000034], [85.63739776500006, 25.069271088000164], [85.64147186300016, 25.06471061700006], [85.64393615700016, 25.063180923000118], [85.64672851500006, 25.06256294300016], [85.65045165900011, 25.06273078900017], [85.65408325200013, 25.066488265000032], [85.64337921100008, 25.085151672000165], [85.63369750900011, 25.099300385000106], [85.64396667500017, 25.104700088000072], [85.65049743600008, 25.105430603000173], [85.65544891300004, 25.107360840000126], [85.65966033800004, 25.106950761000007], [85.66345214800009, 25.10554123000003], [85.66690063500005, 25.105710983000108], [85.6744003290001, 25.111600876000125], [85.67899322400007, 25.11316108700015], [85.69016265800019, 25.10790062000018], [85.69175720200013, 25.1039505010001], [85.69107055700005, 25.10021972600009], [85.69355010900006, 25.096639633000052], [85.69639587500012, 25.099189758000136], [85.70082092200005, 25.100677490000123], [85.70427703900015, 25.099382401000184], [85.7078094490002, 25.099000931000035], [85.71729278600014, 25.09309959500007], [85.72162628200005, 25.096281051000062], [85.72802734400017, 25.097381592999966], [85.73425292900004, 25.09747123700015], [85.73960876500013, 25.09894943300003], [85.74529266300004, 25.10670089700011], [85.74780273400017, 25.109010697000087], [85.751670837, 25.107641221000108], [85.75241088900015, 25.102390290000073], [85.75988769500009, 25.100320816000078], [85.76589202900004, 25.09729766900017], [85.7699127200001, 25.093521119000116], [85.76690673900015, 25.088449479000076], [85.76963043200016, 25.08233070500006], [85.76354217600004, 25.08115005500008], [85.76358795099998, 25.077222823000056], [85.7668914800002, 25.06755066000011], [85.76286315900006, 25.059579849000045], [85.76291656400014, 25.050020218000043], [85.76407623300008, 25.04486083900008], [85.76020050000011, 25.037160873000175], [85.76188659600018, 25.031900407000137], [85.76033782900004, 25.02853012100013], [85.76188659600018, 25.0264396660001], [85.76618957500011, 25.025531769000054], [85.76696777400014, 25.023181916000055], [85.76571655300006, 25.02004814100019], [85.76299285800008, 25.018579483000167], [85.75586700400004, 25.01802062900009], [85.74083709700017, 25.01843071100012], [85.73963928100017, 25.00859069900008], [85.74588012600009, 25.003610611000113], [85.74592590300006, 25.00246048000008], [85.74752807599998, 24.994329454000024], [85.75132751400014, 24.9920806880001], [85.75810241600004, 24.99096107600019], [85.76088714700018, 24.992799759000036], [85.76529693600008, 24.992790222000053], [85.76214599600013, 25.002540589000034], [85.76291656400014, 25.004920960000106], [85.76599884100017, 25.007759095000154], [85.76986694300012, 25.00776863100009], [85.77713775600012, 25.00618171700006], [85.77619171100014, 25.00252151500007], [85.78077697800018, 24.990600586000028], [85.78520965600012, 24.988821030000054], [85.78951263500005, 24.982521058000145], [85.78804779000012, 24.980039597000086], [85.79397583000014, 24.97727966299999], [85.79972076400014, 24.973148346000016], [85.80325317400019, 24.97688865700019], [85.80977630500018, 24.987119676000134], [85.81430816700015, 24.989999771000157], [85.82895660400004, 24.99423027100005], [85.83167266900017, 24.989810944000055], [85.83123779300007, 24.987581253000087], [85.83309173500015, 24.987079621000134], [85.83059692300014, 24.985490799000104], [85.83094787700009, 24.983070374000135], [85.83471679600007, 24.978219986000113], [85.84155273400006, 24.969390869999984], [85.84690857000004, 24.964189529000123], [85.84895324600006, 24.96026039200001], [85.8498077390002, 24.953350068000077], [85.85439300600007, 24.952241897000135], [85.8570480350001, 24.945930481000175], [85.85589599600007, 24.940731049000192], [85.84828949000007, 24.93798065300018], [85.84597015399999, 24.938829423000072], [85.84384155400011, 24.944660186000135], [85.8409194940001, 24.945800781999992], [85.82402801500001, 24.947280884000065], [85.82483673100018, 24.93214988800014], [85.82334137000015, 24.927930832000072], [85.8230972290001, 24.924449922000008], [85.82036590600018, 24.923618318000138], [85.8201904300002, 24.91996955900015], [85.82121276800007, 24.91776275600006], [85.83210754400017, 24.91703033400006], [85.84047698900014, 24.91749954300002], [85.84140014700017, 24.923870087000125], [85.84224700900006, 24.92506980800016], [85.84536743300015, 24.92554092500012], [85.85264587400007, 24.91983985800016], [85.85604858300019, 24.918350221000082], [85.85945892300009, 24.918069840000044], [85.86138153100018, 24.930160521999994], [85.862678529, 24.93351173399998], [85.86775207400012, 24.934080123000058], [85.86876678400006, 24.93162918100012], [85.8773880010001, 24.92897987400005], [85.87396240300018, 24.9067096710001], [85.87728118800004, 24.905349732000104], [85.87976074200003, 24.902772904000074], [85.88227081200006, 24.89810943700013], [85.8849411020002, 24.88975906400009], [85.88530731200012, 24.8830394740001], [85.88716888400018, 24.874679565000065], [85.89115905800008, 24.86821937700006], [85.89406585700016, 24.86783981400015], [85.9004287730001, 24.865112304000093], [85.91297912600015, 24.861661912000045], [85.93402862500017, 24.85671997100019], [85.94288635300012, 24.856479644000103], [85.94815063400006, 24.85711288400006], [85.94983673100006, 24.859199524000076], [85.95049285900012, 24.868940353000028], [85.95626068200016, 24.86812973000019], [85.96642303500016, 24.86466980000006], [85.97149658300003, 24.863872528000172], [85.97180175800014, 24.85988044800007], [85.97332000600016, 24.857259751000072], [85.98237609800003, 24.849121094000168], [85.99765014600013, 24.844150544000115], [86.00469207800012, 24.836381912000036], [86.01071929900007, 24.826011659000073], [86.02462005500007, 24.821081163000144], [86.03439330999998, 24.807561874000044], [86.04957580700005, 24.794200898000156], [86.05058288600014, 24.77954101600011], [86.04788208000019, 24.778289795000035], [86.04305267400008, 24.77740097100019], [86.03897857800013, 24.776670456999966], [86.03443908700018, 24.776170731000036], [86.03179168600002, 24.772752760999992], [86.02778625600013, 24.770290375000002], [86.02275848300002, 24.76938057000018], [86.01967620800019, 24.76776123200011], [86.01397705100015, 24.76899910000003], [86.0095672600001, 24.767999648000114], [86.00611114500003, 24.765680314000065], [85.99997711300017, 24.75138092200018], [85.977256775, 24.747631074000026], [85.97589111400009, 24.745969773000184], [85.9727172850001, 24.736289977000013], [85.97016906800002, 24.733579635000126], [85.96613311700014, 24.732290267000053], [85.96064758200004, 24.73170089700011], [85.95030212500018, 24.732118607000018], [85.94270324700011, 24.734420777000082], [85.92767334000007, 24.740499496999973], [85.92096710300018, 24.744560242000148], [85.91050720300018, 24.753669739000088], [85.90457153200015, 24.761280061000036], [85.90168762200011, 24.769861221000042], [85.88717651400009, 24.785589218000098], [85.88967895399998, 24.791650772000025], [85.87777709900013, 24.800291060999996], [85.86402893000007, 24.805429459000095], [85.85381317100013, 24.807640076000098], [85.84194183300019, 24.808059693000132], [85.82721710200019, 24.80964279200009], [85.82257843000008, 24.80895042500009], [85.81803131200007, 24.806961059000173], [85.81260681200013, 24.799360275000083], [85.81066131600011, 24.79449844500016], [85.78572845500014, 24.798681259000034], [85.77923583900008, 24.800489426000183], [85.77723693800016, 24.79895019600019], [85.76940155100016, 24.80287170500003], [85.76859283500005, 24.80404090900015], [85.76879882800012, 24.80881118800005], [85.7654495230002, 24.812509536000164], [85.76074981800008, 24.815071106000175], [85.7582778920002, 24.81508827199997], [85.74727630600012, 24.819919586000026], [85.73674011300011, 24.822650909000174], [85.73500823900014, 24.821382522000135], [85.7325210570001, 24.816482545000156], [85.72978973400012, 24.808490753000058], [85.72830963200005, 24.80066108600016], [85.72296905500002, 24.798908234000066], [85.72099304200003, 24.78696060200008], [85.7123107910001, 24.783332824000126], [85.70980072000003, 24.780990602000145], [85.70919799700016, 24.775638581000067], [85.70478057800011, 24.768831251999984], [85.70346832299998, 24.763492584000062], [85.70355987500011, 24.757450104000156], [85.7055358880001, 24.751621246000127], [85.70812988200015, 24.74769020100007], [85.70533752400002, 24.740051271000027], [85.70477295000006, 24.72872924799998], [85.70343780500014, 24.725370408000117], [85.69875335700016, 24.721069336000028], [85.69639587500012, 24.71725082500018], [85.69666290200013, 24.713472366000076], [85.68705749500003, 24.70089149600011], [85.6796569830002, 24.693767547000164], [85.64952850300011, 24.68704032900007], [85.64826202400019, 24.681880950000107], [85.65046692000004, 24.679241181000123], [85.6599731450001, 24.674730300000192], [85.65975952100018, 24.670312880999973], [85.66079711900005, 24.66757965000005], [85.66333007800012, 24.664712906000034], [85.66371917800018, 24.66098022600005], [85.66069793700001, 24.65060234200007], [85.66118621700008, 24.646640779000165], [85.66364288300014, 24.644470215000126], [85.6643295290001, 24.641040802000134], [85.66570281900005, 24.636260987000185], [85.66895294100004, 24.63052940400013], [85.67212677000003, 24.61940002500006], [85.67057800200013, 24.599430084000005], [85.67238617000015, 24.59818077100016], [85.67352295000006, 24.595630646000075], [85.67324829000006, 24.59294128500005], [85.67031097500012, 24.588092805000144], [85.66470336900016, 24.58193016100006], [85.6442794800002, 24.578290939000055], [85.63279724200015, 24.58056068500008], [85.62198639000007, 24.583858490000182], [85.61544799900008, 24.582929611000168], [85.6085205070001, 24.585039139999992], [85.60787963900003, 24.590789794000102], [85.59825134300007, 24.59757041900008], [85.59114074700005, 24.597059250000143], [85.58196258500004, 24.60009956300007], [85.57657623300008, 24.603010177000044], [85.56989288400013, 24.600219725999978], [85.56520080500013, 24.59666061400003], [85.56285095200013, 24.59127044700017], [85.56138610800008, 24.583669663000137], [85.56221771200018, 24.580989838000164], [85.56711578400007, 24.57822036800019], [85.56575775100004, 24.57166099500006], [85.568290709, 24.565200805000188], [85.56445312500011, 24.561849595000012], [85.55658721900011, 24.560640336000063], [85.55625915500019, 24.556819915000062], [85.55461120600017, 24.556129455000132], [85.55233001600004, 24.55941009600008], [85.54380798400013, 24.56447982900005], [85.53901672300009, 24.565870286000063], [85.53679657100008, 24.565240860000074], [85.5364608770002, 24.563800812000068], [85.53820037900005, 24.56145095900007], [85.53987121500012, 24.556140900000116], [85.54035186800019, 24.550348282000073], [85.5364608770002, 24.53601074200003], [85.5341873160001, 24.532190323000066], [85.51830291700009, 24.524549485000023], [85.51481628400018, 24.52782821600016], [85.50435638400012, 24.52972984300004], [85.50241851800001, 24.531429290000062], [85.5031967160001, 24.535722734000046], [85.50254821800013, 24.542879104000065], [85.49997711100008, 24.543889999000157], [85.49746704100005, 24.546880722000083], [85.4975204480001, 24.548500060000094], [85.4944610600001, 24.550619127000004], [85.48944091700014, 24.549150468000107], [85.48648071299999, 24.550750733000086], [85.48094940200019, 24.548120500000152], [85.47215270900006, 24.54779052700013], [85.45658874500015, 24.53921127300009], [85.44655609200004, 24.53997993600018], [85.44230651800012, 24.53944969100013], [85.4421310420002, 24.53938484300005], [85.43327331500012, 24.536079408000035], [85.42753601100009, 24.537290572000074], [85.4110260000001, 24.545112611000036], [85.4066162110002, 24.545661927000026], [85.40305328400001, 24.544940948000146], [85.39517211900011, 24.541280747000087], [85.38860321099997, 24.53708076500004], [85.38336944600013, 24.53519058200004]]]}}, {"type": "Feature", "properties": {"GID_3": "IND.5.25.1_1", "GID_0": "IND", "COUNTRY": "India", "GID_1": "IND.5_1", "NAME_1": "Bihar", "NL_NAME_1": "NA", "GID_2": "IND.5.25_1", "NAME_2": "Pashchim Champaran", "NL_NAME_2": "NA", "NAME_3": "Bettiah", "VARNAME_3": "NA", "NL_NAME_3": "NA", "TYPE_3": "Taluk", "ENGTYPE_3": "Taluk", "CC_3": "NA", "HASC_3": "NA"}, "geometry": {"type": "Polygon", "coordinates": [[[84.48343658400012, 26.6048107150001], [84.48076629600018, 26.607601166000165], [84.4776382450001, 26.612859727000114], [84.4596633920001, 26.623359681000068], [84.45414733900014, 26.62338066200016], [84.44930267400014, 26.627740859000028], [84.45033264200009, 26.633470535000185], [84.4160232550002, 26.60094833400018], [84.4127731320001, 26.59566116300016], [84.40986633400013, 26.58793067900001], [84.40670013500005, 26.58527183600006], [84.40081787200018, 26.590740203000166], [84.403099059, 26.595371247000173], [84.4095458990002, 26.605180740000094], [84.41574096700009, 26.609119416], [84.41770935100004, 26.614040375000116], [84.42088317800005, 26.61268043600012], [84.42440033000008, 26.616771698000093], [84.41998291000016, 26.621248245000174], [84.42073822100019, 26.626350403999993], [84.4198532100001, 26.637680055000146], [84.40737152200012, 26.63805961500009], [84.40479278600009, 26.642751695000186], [84.40223693900009, 26.671222687000068], [84.36675262400018, 26.678810120000037], [84.35484314000013, 26.678880691000074], [84.35012054400016, 26.681400299000188], [84.3448028570001, 26.68042945800005], [84.33706665000011, 26.68144035300014], [84.32566070600012, 26.684257508000087], [84.32334136900016, 26.688478470000064], [84.3185119630001, 26.716230393000103], [84.31101989700016, 26.733602525000038], [84.30561828600008, 26.737680436000005], [84.30664825500008, 26.739570617000027], [84.2980270380001, 26.75327110400019], [84.28675079200019, 26.751440048000006], [84.27861022900015, 26.751239776000148], [84.27130127000015, 26.744541168000126], [84.26677703900003, 26.74207115200005], [84.2593612660001, 26.740819930999976], [84.25528717000014, 26.73896026600005], [84.25448608300019, 26.734268189000034], [84.25234222500012, 26.731470108000053], [84.24738311800019, 26.72929000800019], [84.24227905300006, 26.730770112000073], [84.23398590000016, 26.739530563000073], [84.23320770300018, 26.745109559000184], [84.22460937500017, 26.757101059000092], [84.23548889199998, 26.766981123999983], [84.2411270140002, 26.775430680000113], [84.24848937900015, 26.792680741000027], [84.2493515020002, 26.80227279700017], [84.25229644800015, 26.808679580000103], [84.24680328300008, 26.814540863000047], [84.2485198980001, 26.820898056000146], [84.24283599900014, 26.82181930600018], [84.24646759000012, 26.827579498000148], [84.25102996800013, 26.830699920000086], [84.25041961699998, 26.837820053000087], [84.25211334200009, 26.84492111100019], [84.24563598600008, 26.85872268800017], [84.24109649600018, 26.862430571999994], [84.23538208000002, 26.864339829000187], [84.22863769400016, 26.86981010500017], [84.22196197600005, 26.870180130000108], [84.22109985300006, 26.872238159000176], [84.20922088700001, 26.87099075300017], [84.19655609099999, 26.861181260000023], [84.18955993600014, 26.85981941200015], [84.18531799400017, 26.86009025700008], [84.18080902000014, 26.85737991299999], [84.17646789500003, 26.853340148000143], [84.17694854700005, 26.84937858500001], [84.17533111600005, 26.84593963600014], [84.17740631100008, 26.842660905000002], [84.17471313500016, 26.83578109800004], [84.16892242400002, 26.834518433000085], [84.15727996800007, 26.836360932000048], [84.15054321200006, 26.83946991100015], [84.1316528320001, 26.855690003000177], [84.13183593800017, 26.87055969300019], [84.13929748500016, 26.874040603000083], [84.13752746500006, 26.876300812000125], [84.13861846900011, 26.883069991000013], [84.14073944000017, 26.88391113299997], [84.14083862300009, 26.887580872000115], [84.13024902400014, 26.885271071999966], [84.12301635700004, 26.88902092000012], [84.12201690800003, 26.892650605000142], [84.11164092900015, 26.89188957200014], [84.10941314700017, 26.894430161000116], [84.10640716600005, 26.895090104000076], [84.10063171300015, 26.90084075900012], [84.09922027500005, 26.895210265000173], [84.10106658900008, 26.893831253000087], [84.09986877500006, 26.887990952000166], [84.09683227500017, 26.886339187000146], [84.09262085000017, 26.87783050600001], [84.09002685600012, 26.877151489000084], [84.08651733400018, 26.87891960200011], [84.08789062400012, 26.882352830000116], [84.08550262400007, 26.885242462999997], [84.07625579900014, 26.878780365000182], [84.0715560910001, 26.88187027000015], [84.06008911100008, 26.886461258000054], [84.05905151500002, 26.890779495000004], [84.05200195200001, 26.891700745000037], [84.04898071300005, 26.899940492000155], [84.05079650800013, 26.901649475000056], [84.04737854000012, 26.906219483000143], [84.04514312800006, 26.904741287000093], [84.04239654500009, 26.909128190000047], [84.04408264100016, 26.909799576000182], [84.04924011300005, 26.914590836000116], [84.04766845700004, 26.931829453000148], [84.04521942200017, 26.930421830000114], [84.03846740799997, 26.930879594000146], [84.03655242800016, 26.93301963900018], [84.03866577200006, 26.938289644000065], [84.03630828900015, 26.941131591999977], [84.02980804499998, 26.939569474000052], [84.02880859300006, 26.941200257000105], [84.02490234400011, 26.942720414000178], [84.02636718800017, 26.9489612590001], [84.03169250500014, 26.94933128400004], [84.03514862000003, 26.948720933000118], [84.03909301700014, 26.954309464000175], [84.03861999500009, 26.95775985800003], [84.04086303700007, 26.957452774000046], [84.0441589350001, 26.960870742000054], [84.04666137700019, 26.96194076500001], [84.0459976200001, 26.968090058000143], [84.04125976600011, 26.96801185600009], [84.04345703199999, 26.980390549000163], [84.04250335700004, 26.981571197000108], [84.03643036, 26.984031677000132], [84.03901672400013, 26.988019943999973], [84.04596710200002, 26.987159729000155], [84.0495224010001, 26.99081039500004], [84.04432678200004, 26.997680664000143], [84.045166016, 26.99973106300007], [84.04270172100013, 27.00312042200011], [84.03993225100015, 27.00587272600012], [84.03044891400003, 27.011819839000054], [84.03572845500014, 27.019319534000147], [84.03595733500003, 27.029012680000164], [84.04030609100016, 27.035301209000068], [84.0408172610002, 27.044679642000062], [84.03563690300018, 27.046510697000144], [84.03125763000014, 27.046461105000105], [84.02426910500003, 27.044719696000186], [84.0121765130001, 27.05379104600007], [83.99489593600015, 27.061250686000164], [83.99076080300006, 27.06859016499999], [83.99109649600001, 27.071292876000086], [84.00559234700012, 27.07193946900003], [84.01194000200013, 27.081279754000036], [84.0168914790001, 27.083761215000095], [84.01831817600015, 27.087238311000192], [84.01609802200011, 27.09176063500007], [84.01892852700007, 27.09344100900006], [84.02072143600003, 27.09548187200005], [84.0142211920001, 27.10008049000004], [84.01162719800004, 27.104881287000183], [84.00531768700012, 27.104030610000052], [84.00251007000008, 27.100280762000125], [83.99751281600015, 27.09848022500006], [83.99265289300013, 27.100149156000043], [83.99017334000001, 27.098840714000175], [83.98123168900014, 27.093820572000084], [83.97786712600004, 27.092620850000117], [83.97120666600011, 27.091941834000068], [83.95494079600007, 27.08612060600018], [83.94777679500015, 27.086200715000132], [83.9440994260001, 27.08725166400012], [83.94082641500012, 27.089620590000038], [83.9394226070001, 27.092992783000057], [83.94034576500013, 27.10230064400008], [83.93856811400019, 27.10732078700005], [83.93839263900014, 27.111022950000006], [83.9395599360002, 27.116670608000163], [83.94143676800007, 27.119831086000147], [83.94766235300011, 27.123620988000027], [83.95081329300007, 27.12634086600019], [83.95247650099998, 27.12898254400011], [83.9536361700001, 27.131940843000166], [83.95079803500005, 27.139080048000153], [83.95091247500011, 27.14088058500016], [83.9586486820001, 27.148670197000058], [83.96658325200002, 27.16084289500003], [83.96830749500015, 27.16559982300015], [83.9797210700001, 27.173402786000167], [83.98419952500001, 27.178710937000176], [83.98512268100001, 27.18176269500003], [83.9787826540001, 27.200439453000115], [83.97660827700003, 27.20342064000016], [83.96457672100018, 27.21100997900004], [83.96167755200003, 27.213760377000085], [83.96031189000018, 27.216659546000074], [83.96328735300011, 27.221080780000136], [83.96411895700015, 27.22319030900013], [83.96376037700014, 27.225269319000006], [83.96153259300002, 27.227951050000115], [83.95501709000018, 27.23106956600003], [83.95585632400014, 27.23352050799997], [83.95448303200004, 27.235040664000167], [83.94814300500008, 27.238330841000163], [83.92531585800009, 27.24253082300004], [83.91175842300004, 27.246501924000086], [83.90762329100016, 27.248029708000047], [83.90190124600002, 27.25213050800005], [83.89795684900008, 27.259429932000046], [83.89549255300011, 27.268150331000072], [83.89615631200007, 27.277070999000102], [83.89804077200017, 27.278989791000072], [83.90406799300018, 27.281171799000163], [83.91050720200013, 27.285631180000053], [83.91883087200017, 27.292659759000117], [83.92188263000003, 27.296358108000163], [83.92565155100004, 27.30418968200013], [83.925346375, 27.309520722000173], [83.92359924300007, 27.316431046000105], [83.91668701100014, 27.32533073500008], [83.90804290900007, 27.330390930000135], [83.89758300800014, 27.33012962300012], [83.89356231800019, 27.329050064000057], [83.8879470820001, 27.326469421000127], [83.87240600600012, 27.316209792999985], [83.8590774540001, 27.311670303000085], [83.85463714600002, 27.311229707000052], [83.85051727300015, 27.312099457999977], [83.84797668400017, 27.31397056600008], [83.8474197380001, 27.31686019900019], [83.84523773100011, 27.319652557000097], [83.84252929600012, 27.32131195200003], [83.83625793500016, 27.319480896000186], [83.83058929399999, 27.321359634000032], [83.828956603, 27.32275962900013], [83.82849121100003, 27.32467079200012], [83.82833099400005, 27.325918198000124], [83.82933807300014, 27.327470780000112], [83.84934234600018, 27.335609437000187], [83.85498809800015, 27.34033012300017], [83.85624694900008, 27.34772110000017], [83.85640716600011, 27.34821129000005], [83.85850525000018, 27.350961686000062], [83.86479187000003, 27.346393585000044], [83.8735198980001, 27.35161590700011], [83.87574210300005, 27.35250929300014], [83.88989257800012, 27.358198166000193], [83.89272019900005, 27.36158269800012], [83.89352417100014, 27.362545014000148], [83.89421844600014, 27.36751556400003], [83.89945983900009, 27.37000465400007], [83.90130455800005, 27.37189583900016], [83.90551757800012, 27.376214982000192], [83.90840898900018, 27.384296055000107], [83.90804793000007, 27.385977666000088], [83.90728759800004, 27.389516831000094], [83.89962137900017, 27.38996136000003], [83.88827508200006, 27.390618996000057], [83.87523651100014, 27.39191246000013], [83.87681579600013, 27.40031623900012], [83.87758636400014, 27.405698776000065], [83.8735046380001, 27.412263871000107], [83.86938476500018, 27.42543029799998], [83.87024688800017, 27.42850685200017], [83.87448120100015, 27.43089485200005], [83.88282012899998, 27.434514998999987], [83.89759826700009, 27.43761062699997], [83.91548919700017, 27.441213608000112], [83.93313598700007, 27.44937896800019], [83.93326568600008, 27.44940567000009], [83.94432067900004, 27.447551727000075], [83.94526672300015, 27.44672584600005], [83.94631195000005, 27.4458122260001], [83.9453201300002, 27.443326950000028], [83.94805145300018, 27.440965654000024], [83.96470642100007, 27.443822860000182], [83.96630859400005, 27.445026399000028], [83.96818542500017, 27.446434020000027], [83.97472381600016, 27.441865921000158], [83.97481536800012, 27.44183921700011], [83.97982025200014, 27.44221496500012], [83.97961425800014, 27.439115525000147], [83.98609161399997, 27.44368171600007], [83.99366760300006, 27.44393158000014], [83.99826049900008, 27.445936204000077], [83.998832703, 27.44558906600014], [83.9989166270002, 27.445615769000085], [83.99894714300007, 27.44552230800008], [83.99950409000007, 27.445190429000093], [83.9998397830002, 27.44303131100014], [84.00024414100011, 27.440467835000163], [84.00063324000007, 27.441396714000177], [84.00086975100015, 27.441959381000117], [84.00191497800006, 27.4412765510001], [84.00411224300007, 27.44107055600017], [84.00447082500006, 27.441959381000117], [84.00583648600013, 27.441089630000135], [84.00757598800004, 27.441959381000117], [84.00745391900011, 27.440721512000096], [84.00874328500004, 27.44049262900006], [84.00968933200011, 27.440343857000187], [84.00978088400001, 27.44015502900004], [84.01103973500017, 27.437524795000172], [84.01401519700016, 27.438615799000047], [84.01791381700014, 27.43461608900003], [84.02101898300003, 27.435914994000086], [84.02348327600009, 27.4339904790001], [84.02510833700018, 27.43274688600019], [84.02941894600008, 27.433629990000043], [84.0294036860002, 27.433773042000155], [84.02796173100018, 27.4382305150001], [84.02897644100011, 27.438932419000082], [84.02994537400008, 27.439598085000114], [84.03077697700007, 27.43940734800003], [84.03318023700012, 27.43885231000013], [84.03347778400013, 27.440122604000067], [84.03379821700008, 27.441461564000008], [84.03778076100014, 27.440717697000025], [84.04100799500014, 27.442457199000046], [84.04129028300008, 27.44243240300017], [84.0453567510001, 27.442083359000037], [84.04557037300015, 27.44271469100005], [84.04573059100011, 27.443202973000155], [84.05354309199998, 27.442628862000163], [84.05419921800012, 27.442621231000146], [84.05683136100004, 27.44920158500014], [84.05894470200019, 27.451162339000007], [84.06390381000017, 27.455762862000086], [84.06064605700016, 27.460973739000053], [84.06182098400012, 27.461429595000084], [84.06288146900005, 27.46184349000015], [84.06412506000015, 27.466690064000034], [84.06871795600006, 27.469415665000042], [84.07059478800011, 27.473318100000085], [84.07111358700013, 27.479114534000075], [84.07231140100009, 27.480903625000053], [84.07269287200012, 27.48148155200016], [84.07604980400004, 27.480607986000166], [84.07804107700008, 27.482128143000125], [84.08031463600014, 27.48383331300016], [84.08612060600001, 27.483093263], [84.08856964100005, 27.484125138000024], [84.09292602500011, 27.485960007000074], [84.09317779600008, 27.48694038299999], [84.0936279300002, 27.488695145000065], [84.09754943900003, 27.489431382000134], [84.10079956099997, 27.502361298000096], [84.09928894000012, 27.504842759000155], [84.10012054400005, 27.505119325000123], [84.10191345300012, 27.51021575900006], [84.099830628, 27.516788482000095], [84.10961151200019, 27.521036148000178], [84.11071777300015, 27.521514893000074], [84.11100006200013, 27.521217347000174], [84.11296081600017, 27.51925850000015], [84.11880493200005, 27.519132614000057], [84.11958312900003, 27.514129640000192], [84.11967468300014, 27.513540267000167], [84.12588500900006, 27.510807037000177], [84.13201904400017, 27.51170921400012], [84.14092254600001, 27.51764297500017], [84.14589691200001, 27.516897201999996], [84.1480102540001, 27.51863670300014], [84.14871978700012, 27.517814637000185], [84.15285492000004, 27.516660691000084], [84.15296936099998, 27.516628267000044], [84.15198516900011, 27.512298584000177], [84.15335083100013, 27.51006126400017], [84.15231323300009, 27.509609223000155], [84.15145111000004, 27.505561828000054], [84.15148925900007, 27.504096985000047], [84.15101623500004, 27.503513337000072], [84.15201568600003, 27.500616074000106], [84.14751434300018, 27.49601554900005], [84.14838409400011, 27.495273591000114], [84.14753723100011, 27.492635727000163], [84.15099334799999, 27.488811493000128], [84.15099334799999, 27.486181260000023], [84.15099334799999, 27.485704423000072], [84.15397644000012, 27.48582840100005], [84.1549224850001, 27.484819412000093], [84.15583801300005, 27.483839035000074], [84.16581726000015, 27.483615875000112], [84.1692581170002, 27.48160362300007], [84.16943359500016, 27.48061752400008], [84.16963195900001, 27.479490281000153], [84.17322540300017, 27.478870392000147], [84.17372131300016, 27.47556114200006], [84.1746063220001, 27.4751472480001], [84.17767334100012, 27.47387123100009], [84.17820739799998, 27.473649978000026], [84.1782836920001, 27.473667146000025], [84.18206024200009, 27.47451972900012], [84.18456268400001, 27.47315216200002], [84.18611145100004, 27.47230529800015], [84.19089508000013, 27.47189903300017], [84.19325256300004, 27.469045640000104], [84.19660186800019, 27.4730281840001], [84.19731903100006, 27.47241592500012], [84.20171356200018, 27.47191619900019], [84.20791626000016, 27.469415665000042], [84.21101379300006, 27.465198516999976], [84.20604705800008, 27.459356308000054], [84.20950317500012, 27.456455232000167], [84.20989227300015, 27.456127167000147], [84.21038818400007, 27.452812194000046], [84.20881652800006, 27.446414947000164], [84.21057891800007, 27.442461014000116], [84.21063995300005, 27.442333223000105], [84.2217025760001, 27.44021987900004], [84.22242736800018, 27.441471100000115], [84.22306823800011, 27.447019577000106], [84.22306823800011, 27.4474277490001], [84.22605896100004, 27.450132371000052], [84.22752380400016, 27.45045661900008], [84.22911834700005, 27.450815200000193], [84.23254394500015, 27.45471763600011], [84.23375701900017, 27.456127167000147], [84.23728942900004, 27.454332353000098], [84.24133300900013, 27.45229911800004], [84.24146270800009, 27.45232963600006], [84.24618530400005, 27.454511643000046], [84.24724578900015, 27.45370102000004], [84.24829864500003, 27.452896118000012], [84.25276947000003, 27.45326805100018], [84.2562484730002, 27.451900481000166], [84.25691986200002, 27.449214934999986], [84.26030731300011, 27.446550370000068], [84.26158142000008, 27.44554519600007], [84.26087951700003, 27.439840316000186], [84.26072692800011, 27.43860435600004], [84.2640762320001, 27.435251236000056], [84.26830291800007, 27.43412971600003], [84.27020263700012, 27.431539535000184], [84.27476501500013, 27.42866134700006], [84.27574157700013, 27.421119691000115], [84.28031921300015, 27.415214539000033], [84.27973937900015, 27.409524918000102], [84.28122711100013, 27.406417847000114], [84.27762603700006, 27.400825500000053], [84.27873992900004, 27.395233154000096], [84.28458404600013, 27.396350861000144], [84.285621644, 27.395318985000188], [84.28657531700014, 27.39436340300017], [84.28750610300006, 27.391458511000167], [84.28759765699999, 27.391269685000168], [84.28794097800011, 27.390899658000023], [84.29341125400009, 27.385042191000025], [84.29589080800008, 27.3841724400001], [84.29750823900002, 27.38454437300004], [84.29974365300006, 27.38864708000017], [84.30272674600008, 27.390262603000167], [84.30683136000005, 27.387651443000095], [84.30789947600016, 27.387434005000046], [84.31291961600004, 27.386409760000106], [84.31835937600016, 27.382781982000154], [84.31963348300019, 27.381935120000094], [84.32116699200014, 27.381679536000092], [84.33081817700008, 27.380115510000167], [84.33320617700014, 27.37818908700001], [84.33429718000008, 27.377336502000105], [84.33921814100006, 27.37757873600009], [84.33992004400011, 27.377614975000142], [84.34121704200015, 27.377233504999992], [84.34867858900014, 27.375043870000127], [84.34911346400014, 27.374916076000034], [84.35907745400016, 27.373529434000034], [84.36064148000008, 27.373359681000125], [84.361457825, 27.3734664910001], [84.37442016500017, 27.375814438000077], [84.37493133500016, 27.37646675100018], [84.38971710200008, 27.372117997000032], [84.39001464900008, 27.37182617200017], [84.39394378700013, 27.368017198000132], [84.39916229200014, 27.370128632000046], [84.40000915500013, 27.369703291999997], [84.4082336420002, 27.370128632000046], [84.41246795600011, 27.36824989400003], [84.41621398900014, 27.370515823000176], [84.42253112700007, 27.36963272100013], [84.42638397300016, 27.371744155000044], [84.43434906100015, 27.370042801000125], [84.43740844700017, 27.369388580000077], [84.44331359900008, 27.370016099000054], [84.44601440500008, 27.368415832000096], [84.44676208500016, 27.364910125000165], [84.44771576000011, 27.36421203700013], [84.45433044499998, 27.36296844399999], [84.4595947270002, 27.361976625000125], [84.45993805000006, 27.361927033000086], [84.46402740400003, 27.35909652700019], [84.46689605600005, 27.359565735000103], [84.4672546380001, 27.3587818150001], [84.46823883100006, 27.35662651199999], [84.47172546500008, 27.354995728000063], [84.47492218000014, 27.357027053000024], [84.47509765600012, 27.358198166000193], [84.47810363900004, 27.362287522000145], [84.48802185099998, 27.358324051000068], [84.50454711800012, 27.355588913000076], [84.50509643600009, 27.35513877900013], [84.50521850700017, 27.35511589099997], [84.51216888500005, 27.35435295000019], [84.51251983700013, 27.35431480400007], [84.51673126200018, 27.35260772800001], [84.5229187010001, 27.35351562599999], [84.53570556600016, 27.349884033000023], [84.56718444800009, 27.34726333600014], [84.58867645300012, 27.341026306000117], [84.60372161800018, 27.33843994199998], [84.61091613700012, 27.335815429000036], [84.61192321700014, 27.33645057600006], [84.616607666, 27.33704566900019], [84.61776733400006, 27.337295533000088], [84.62201690700005, 27.338207246000138], [84.62074279800004, 27.337570191000054], [84.62447357200017, 27.336078644000054], [84.64521789500014, 27.30601501500007], [84.68412017800011, 27.236415864000094], [84.68785095200008, 27.22883033800008], [84.6876068110002, 27.22753906300005], [84.69168090900013, 27.22226524300015], [84.69161987400014, 27.218015671000103], [84.69306182900016, 27.21480178800016], [84.68941497800012, 27.213914872000146], [84.68933105400015, 27.21387863200016], [84.68897247300004, 27.21304702900005], [84.68704986500012, 27.212926865000043], [84.68946838300019, 27.208822251000072], [84.6827545160001, 27.200368882000078], [84.68571472200006, 27.19641494700005], [84.68401336700003, 27.18821525500016], [84.68251800500013, 27.185914993000097], [84.68259429900007, 27.18559265200014], [84.6836242670002, 27.185707093000076], [84.68301391600005, 27.183732986999985], [84.68473815900018, 27.184045792000063], [84.6851196290001, 27.18411445600003], [84.68529510500008, 27.18370628400004], [84.6861114510001, 27.18384361300008], [84.68585967900003, 27.182418823000148], [84.68648529100011, 27.180982589000166], [84.68735504200004, 27.180114746000015], [84.68364715600006, 27.179885865000188], [84.68586731000005, 27.177629471000046], [84.67791748000008, 27.170114517000115], [84.6818313600001, 27.170019150000144], [84.68201446600011, 27.170049667000114], [84.68312835600011, 27.16855812100016], [84.68278503500005, 27.167930602000183], [84.68238830600018, 27.16719055200008], [84.6795196540001, 27.166215897000143], [84.67919921900017, 27.16278839100005], [84.67912292600016, 27.162349700999982], [84.67924499400016, 27.16225624100008], [84.6836242670002, 27.15898895300012], [84.68648529100011, 27.160604476000117], [84.68868255600012, 27.15864181500018], [84.68881988500004, 27.158517838000137], [84.68857574400016, 27.158205032000183], [84.68449401800012, 27.154018403000066], [84.6845626830002, 27.15317916800018], [84.68462371900011, 27.152400972000066], [84.68251800500013, 27.15181541400011], [84.68537139900013, 27.14980507000007], [84.68563079800003, 27.145128251000074], [84.68571472200006, 27.143215179000094], [84.68225860600006, 27.135749817000033], [84.68169403100018, 27.13544655000004], [84.68064113399998, 27.134879951000187], [84.67952740400005, 27.13289091900009], [84.679937, 27.132809000000123], [84.68005048100008, 27.13278626400006], [84.68051147400013, 27.13269424400005], [84.68100658500015, 27.132595223000123], [84.68114036600008, 27.132568466000123], [84.68138885500014, 27.132518768000125], [84.68115182100007, 27.13191215100011], [84.68075947600005, 27.130908056000067], [84.68051910400004, 27.130292893000046], [84.68002319300012, 27.129037857000128], [84.6804920310002, 27.128163295000093], [84.68051811200013, 27.128114645000153], [84.6805306120001, 27.128091017000145], [84.68090777800006, 27.12737714700006], [84.6810148890001, 27.127174211000124], [84.68022956300013, 27.126136830000178], [84.67966641100008, 27.125392928999986], [84.67870330900018, 27.12412071200015], [84.6775360110002, 27.122575759000142], [84.67750609600012, 27.12205830000005], [84.67741401500007, 27.120464257000037], [84.67821183600012, 27.1197231540001], [84.67902400100007, 27.11896900000005], [84.67909712400018, 27.11890097700001], [84.6791534420002, 27.11884880000008], [84.67911529600008, 27.11501503000011], [84.67819894100018, 27.114772896000147], [84.67483805300009, 27.113884657000085], [84.67482800000005, 27.11388200000016], [84.67321227600013, 27.111526626000114], [84.6721040000001, 27.109910999000135], [84.67320295000007, 27.10705013000012], [84.67492684200005, 27.1077961470001], [84.67602198300017, 27.10827007100005], [84.67691774300005, 27.108656886000176], [84.67691469800008, 27.108645341000056], [84.67689878500005, 27.108584345000168], [84.67688829200017, 27.108544122000126], [84.67760300000015, 27.10884200000004], [84.67801700000012, 27.10901500000017], [84.67592516900015, 27.105190278000066], [84.67591857800005, 27.105178834000185], [84.67778778100006, 27.10292434600018], [84.67693328800016, 27.09995460500005], [84.67642211900005, 27.095483780000052], [84.67231750500008, 27.098014831000114], [84.66970825200013, 27.093372346000137], [84.66846466100014, 27.093805314000065], [84.66684722800017, 27.09436607500004], [84.66660308900015, 27.092252731000144], [84.66857910200014, 27.09286117700003], [84.67256927400007, 27.090887070000008], [84.67173004200009, 27.090290069000105], [84.67082977199999, 27.089643479000074], [84.66886901800012, 27.090221406000182], [84.6687088010001, 27.09021759100017], [84.66822052000015, 27.087406159000068], [84.66696167100014, 27.088062287000184], [84.66535949600018, 27.08889770600007], [84.66629791300011, 27.08731460700011], [84.66697692900016, 27.086164475000146], [84.66546630900007, 27.086566925000056], [84.66361999500003, 27.084915162000073], [84.66041564900013, 27.083316802000184], [84.66001892100019, 27.082311630000163], [84.65727996800013, 27.084051132000184], [84.65702056800018, 27.083442688000105], [84.65628814600012, 27.08168983600001], [84.66088867200011, 27.0803222670001], [84.65865325900018, 27.078939437000088], [84.65846252500017, 27.079034806000095], [84.65556335400004, 27.08027839700003], [84.65522003100011, 27.079158782000036], [84.65529632500005, 27.077465058000087], [84.65481567400013, 27.077821732000075], [84.65429687500011, 27.078210831000035], [84.652008056, 27.077066422000144], [84.65183258000008, 27.07698440500019], [84.65081787200012, 27.07451439000016], [84.64970398000014, 27.076347351000038], [84.64846038900004, 27.07535171600017], [84.64958953900003, 27.070907593000072], [84.64651489300019, 27.06481552200006], [84.64746093700012, 27.063671112000065], [84.64514923100018, 27.059520722000002], [84.6451187130001, 27.059415817000115], [84.64796447800012, 27.05832672100007], [84.64733123900004, 27.057125092000035], [84.6483688350001, 27.051378250000084], [84.64846038900004, 27.051118851000183], [84.64534759600014, 27.050718307000125], [84.64659118700007, 27.048755645000085], [84.64485168500005, 27.047246934000043], [84.65419006300016, 27.043117523000035], [84.66123199499998, 27.04003906200012], [84.66150665300017, 27.039934159000097], [84.66590118400006, 27.038215636000075], [84.6751861570001, 27.034606934000124], [84.67539978100001, 27.034528733000116], [84.6841278080002, 27.031358720000128], [84.70363617000015, 27.02676200899998], [84.70800781200018, 27.023735047000002], [84.70809936600011, 27.023672105000117], [84.71171569800003, 27.021215440000162], [84.71195220900017, 27.021175385000163], [84.71618652300003, 27.02129364100017], [84.71649932800005, 27.020420075000175], [84.7187194820001, 27.01955413900015], [84.71878814700017, 27.019529343000045], [84.72052764900019, 27.017992020999998], [84.72061920100015, 27.01791572500008], [84.72082519500015, 27.01730155900009], [84.72103119000002, 27.017316819000087], [84.72152710000006, 27.015203476000124], [84.72513580200018, 27.013463974000103], [84.72543334900001, 27.013446808000083], [84.72973632800017, 27.013216020000186], [84.73081970100003, 27.014015197000106], [84.73184204100005, 27.014707565000037], [84.74017333900014, 27.01122665400004], [84.75446319600007, 27.00469780000003], [84.75376892100007, 27.002540588999977], [84.73944854800015, 26.984001161000094], [84.73990631200019, 26.977449417000173], [84.74285125700004, 26.972291947000087], [84.74099731500013, 26.964500427000075], [84.73470306300015, 26.96344185000015], [84.73346710200013, 26.958641052000132], [84.72873687800006, 26.955190658000106], [84.72078704800009, 26.956569673000047], [84.71364593600003, 26.95501136700011], [84.70873260600013, 26.952770233000138], [84.70709228400011, 26.945730210000193], [84.70263671800006, 26.948150636000094], [84.69869995100004, 26.941141130000062], [84.69248199500015, 26.943170548000126], [84.68988037000008, 26.939420700000028], [84.6919174200001, 26.925899506000178], [84.68885803200004, 26.918527603000143], [84.68245697000015, 26.914760589000025], [84.67835235500007, 26.922748566000053], [84.6717758170002, 26.916851044000055], [84.67369079600013, 26.910680770000056], [84.67529296900005, 26.893091201000175], [84.67949676600017, 26.89147949300002], [84.68109893800005, 26.881521226000075], [84.68762206900004, 26.87935829200012], [84.70977020200019, 26.859199525000122], [84.70762634200008, 26.85330009400002], [84.71132660000018, 26.846940994000022], [84.72158050500008, 26.84679031400003], [84.72641754200004, 26.84431076000004], [84.72682189900019, 26.83667183000017], [84.71975708000014, 26.834989548000067], [84.71350097700002, 26.828750611000146], [84.71813964900014, 26.825531005000073], [84.7256317130001, 26.825769424000157], [84.73642730600011, 26.819469451000145], [84.73622131400009, 26.812580108000077], [84.72727966300005, 26.797721862000117], [84.72247314500004, 26.80196952800003], [84.71888732900004, 26.79811859100016], [84.71376800500013, 26.789791108000088], [84.71174621500018, 26.783050537000065], [84.71277618300013, 26.76499939100006], [84.71148681700004, 26.758630752999977], [84.716041566, 26.755020141000045], [84.71524810900019, 26.7448711400001], [84.69915771500007, 26.73875808700012], [84.69550323600009, 26.734159471000112], [84.69624328600008, 26.727540971000167], [84.69462585500008, 26.718320846000097], [84.68717956600011, 26.720949174000168], [84.68694305500014, 26.717319489000147], [84.67327880900007, 26.702568055000143], [84.66355133100006, 26.70195961000013], [84.6546783450001, 26.68931961000004], [84.64752197300004, 26.68182945400008], [84.63957977300015, 26.68131065400013], [84.63083648600013, 26.683780670000033], [84.6318206790001, 26.69370078999998], [84.6196060170002, 26.695121764000135], [84.60877227700018, 26.694520951000072], [84.60251617400007, 26.690460206000125], [84.59572601300005, 26.69543075600012], [84.59033203100012, 26.689420700000085], [84.5935897830002, 26.683691026000076], [84.59205627400007, 26.678421021000077], [84.58434295700005, 26.675189973000045], [84.58319091800018, 26.67090034400013], [84.56453704900014, 26.669702530000166], [84.56021118100017, 26.665958405000083], [84.55259704700006, 26.661581039999987], [84.54180145300018, 26.65838050800005], [84.51390075600011, 26.627941131000114], [84.51418304399999, 26.619319917000155], [84.5188827520002, 26.61087989900011], [84.51825714100005, 26.603290558000026], [84.5023727410001, 26.60073089600013], [84.49608612100002, 26.603910447000032], [84.48343658400012, 26.6048107150001]]]}}, {"type": "Feature", "properties": {"GID_3": "IND.5.26.1_1", "GID_0": "IND", "COUNTRY": "India", "GID_1": "IND.5_1", "NAME_1": "Bihar", "NL_NAME_1": "NA", "GID_2": "IND.5.26_1", "NAME_2": "Patna", "NL_NAME_2": "NA", "NAME_3": "Barh", "VARNAME_3": "NA", "NL_NAME_3": "NA", "TYPE_3": "Taluk", "ENGTYPE_3": "Taluk", "CC_3": "NA", "HASC_3": "NA"}, "geometry": {"type": "Polygon", "coordinates": [[[85.72836303700012, 25.527240753000115], [85.73921203600008, 25.538990021000075], [85.74872589200015, 25.5445613870001], [85.7636566160001, 25.546871185000043], [85.77121734600018, 25.550109864000035], [85.79747009300013, 25.547491074000106], [85.80214691200013, 25.545219421000184], [85.80986022899998, 25.53960991000008], [85.82618713400007, 25.529939652000053], [85.82810974200015, 25.520990373000075], [85.83116912800017, 25.518909455000028], [85.85546875100016, 25.509822847000123], [85.86692047000008, 25.507350921000068], [85.87872314400016, 25.502410889000032], [85.88301849400011, 25.48661995000009], [85.887207031, 25.47458076500004], [85.89512634200008, 25.468490600000052], [85.897087097, 25.462278366000078], [85.8922271730001, 25.461250306000125], [85.89055633500004, 25.462198258000058], [85.88741302500017, 25.46118164000012], [85.88114929199998, 25.468498230000137], [85.87313079900008, 25.47612953300012], [85.86878204300018, 25.469089508000025], [85.86866760200002, 25.462190628000144], [85.86997985900018, 25.455099104999988], [85.86537170500009, 25.44175911000019], [85.88027191100014, 25.423440934000098], [85.88240051300005, 25.423219681000035], [85.88197326600016, 25.425001145000124], [85.88519287100019, 25.42741966300008], [85.89082336500007, 25.423500062000187], [85.89234161400003, 25.423999788000174], [85.89617157100014, 25.43144035400013], [85.89826202400013, 25.433120728000063], [85.90067291200018, 25.43190956100011], [85.90413665700015, 25.426149369000143], [85.90838623100018, 25.42237281900009], [85.91265106300011, 25.41969108600017], [85.92510223400012, 25.414560318000042], [85.92974090600006, 25.411930085000108], [85.94216156100003, 25.410480499000073], [85.94432067900016, 25.415330887000096], [85.94859314000007, 25.415508270000146], [85.94848632800012, 25.41165161200007], [85.95066070700017, 25.40859985400016], [85.95992279100005, 25.4045009620001], [85.98388671900005, 25.389720917000147], [85.9920959480001, 25.384189605000074], [86.00522613600009, 25.373521805000053], [86.00885009800004, 25.368921279999995], [86.00459289600008, 25.366920471000128], [86.01191711500007, 25.358379365000076], [86.01460266100008, 25.358531952000135], [86.01673126300017, 25.359590530000162], [86.0214767450002, 25.359300614000176], [86.0279312130001, 25.360429764000173], [86.02902221600004, 25.366191864000143], [86.02871704200004, 25.374450684000124], [86.03022766000015, 25.375129700000173], [86.03067779600008, 25.380691528000114], [86.03206634600019, 25.388418198000068], [86.04473114000007, 25.391130448000126], [86.04753112800006, 25.375129700000173], [86.05111694400011, 25.366489410000042], [86.05626678500016, 25.356540679000148], [86.06018066400009, 25.35490989800013], [86.06024169900007, 25.336620331000063], [86.0595626830002, 25.33529853900012], [86.05734252899998, 25.33431053200013], [86.05384826700009, 25.333652497000173], [86.0491714480001, 25.334869386000037], [86.04704284600018, 25.340801239000086], [86.04326629600018, 25.338901520000036], [86.04132843000008, 25.33700942900009], [86.03321075500014, 25.333251953000058], [86.03510284400011, 25.330528259999994], [86.03040313600007, 25.31707954500007], [86.03011322000009, 25.30678939800015], [86.02343750000017, 25.303819656000087], [86.021896362, 25.298789978000173], [86.02202606100019, 25.293310166000083], [86.01612854000012, 25.293060302000185], [86.0101470940001, 25.294099808000055], [86.01062774700017, 25.29864120600007], [86.00762939400016, 25.299940109000033], [86.00602722100018, 25.297901154000158], [86.00493621800007, 25.29875946100003], [86.00434112500011, 25.303159713000127], [85.9903411860002, 25.310148240000046], [85.98348999000018, 25.313272476999998], [85.95359802200011, 25.31948089500014], [85.94262695300017, 25.3234596260001], [85.93585968100018, 25.32407951300013], [85.92514801100009, 25.323511124000106], [85.92357635500008, 25.318201065000153], [85.92547607400013, 25.31283950900007], [85.92294311500007, 25.30738830600012], [85.9229660040001, 25.302789688000132], [85.91699981700003, 25.30170059200009], [85.91069030900007, 25.30154037500006], [85.90522766100014, 25.29663276700012], [85.89951324500004, 25.298521042999994], [85.8983078010001, 25.293872833000023], [85.89245605400009, 25.29374122600001], [85.88780975400005, 25.297662735000074], [85.88553619300018, 25.29536056500018], [85.88198089600007, 25.289688111000146], [85.88121032700019, 25.284580230000188], [85.87365722600003, 25.280281068000136], [85.867599487, 25.282690049000053], [85.85846710200019, 25.283390046000136], [85.85629272500012, 25.297349929999996], [85.84951019200014, 25.295450211000116], [85.8380279540001, 25.295049668000104], [85.82977295000012, 25.29157066500011], [85.81159210300012, 25.29046058800003], [85.8036270140002, 25.29201126100014], [85.79959106500013, 25.3091812130001], [85.7938766480001, 25.311399459000143], [85.78901672500007, 25.309850694000147], [85.78121948199998, 25.312530517000084], [85.77893066500008, 25.30952835100004], [85.77526855500014, 25.311920166000107], [85.7755889880001, 25.31549263100004], [85.76975250200013, 25.318700791000083], [85.76155853300014, 25.316141129000073], [85.755722047, 25.31981086799999], [85.7537231440001, 25.31725120600015], [85.75180053800017, 25.317071915000156], [85.74735260000006, 25.317871094999987], [85.74054718100018, 25.322130204000075], [85.73795318700013, 25.325080872000115], [85.73615265000007, 25.32882118300006], [85.73446655300012, 25.334510804000047], [85.72680664000006, 25.33585930000004], [85.72592926100003, 25.342151642000033], [85.72374725400005, 25.347930908000023], [85.71846771200018, 25.347650528000088], [85.71572113000013, 25.351762773000075], [85.71833801300005, 25.356599807000066], [85.71408081100003, 25.364830018000077], [85.70902252100018, 25.365190507000136], [85.70781707700013, 25.36065864500017], [85.7080459600001, 25.356109618999994], [85.69948577899999, 25.362770081000065], [85.69729614200008, 25.353420258000142], [85.6946563730001, 25.352970124000024], [85.68450927800012, 25.35512924300008], [85.68144226100009, 25.3465995790001], [85.67325591999997, 25.345371246000127], [85.66671752899998, 25.345531463000157], [85.66384124700005, 25.34426116900005], [85.66240692200012, 25.34073066800005], [85.65959167500017, 25.33895111000004], [85.65631103600003, 25.337360383000146], [85.6530609140001, 25.336971282000036], [85.65184784000007, 25.333080292000147], [85.65410614000007, 25.329349518000186], [85.6541290290001, 25.322532653000053], [85.6533126830002, 25.31707954500007], [85.65078735300017, 25.314540864000094], [85.64642334000013, 25.312908172000164], [85.6445388800002, 25.314809799000045], [85.63633728000013, 25.316379547000054], [85.63684082100013, 25.323350905999973], [85.63249206500006, 25.322540282999967], [85.62692260699998, 25.322620392000147], [85.62317657400013, 25.32500839200003], [85.62471008300008, 25.334430695000037], [85.63471221900005, 25.334470750000094], [85.64330291700014, 25.340499878000116], [85.63607025100015, 25.35242843700007], [85.63079834100006, 25.35248947200006], [85.63043975900007, 25.34883117800007], [85.62869262700008, 25.348520279000184], [85.62782287600015, 25.352001191000056], [85.62844848600002, 25.35573005600014], [85.63199615400015, 25.364990235000107], [85.62895965500013, 25.368230820000065], [85.62352752700014, 25.369461060000106], [85.62119293300003, 25.373149872000113], [85.62107086200018, 25.381629945000043], [85.60842132500005, 25.38454055900013], [85.60069275000018, 25.385120391000157], [85.59497833200004, 25.391321182000127], [85.59233093300014, 25.391950608000172], [85.58972930900018, 25.38918113600016], [85.59079742400019, 25.38587951700009], [85.59007263200004, 25.382432938000136], [85.58753204300007, 25.382789612000124], [85.583366393, 25.385419845000058], [85.57585906900005, 25.39679145800011], [85.56980133000002, 25.4004516600001], [85.5736160290001, 25.404100417999985], [85.57390594500009, 25.406690597000193], [85.57286071800002, 25.41825103800005], [85.57109832800006, 25.425149917], [85.56156158400006, 25.424800873000095], [85.55882263299998, 25.42319107000003], [85.55526733400006, 25.418781281000122], [85.5519332880001, 25.418331147000174], [85.55310058500015, 25.425519943999973], [85.55013275100004, 25.425891876000037], [85.54350280800014, 25.421541215000047], [85.53942108100017, 25.422210694000114], [85.53569030700004, 25.42552948000008], [85.52733612000009, 25.422561645000087], [85.52700805700005, 25.42860984900011], [85.52407836999998, 25.428850175000093], [85.52021026600005, 25.43090057400002], [85.5179595960002, 25.428140640000095], [85.51415252700002, 25.426950456000043], [85.50988769500015, 25.427110671000094], [85.50393676800007, 25.430820465000068], [85.4957275390002, 25.428590775000146], [85.49083709700005, 25.429281235000076], [85.48602294900013, 25.44548988500003], [85.48362731900016, 25.44824028100004], [85.4783325190001, 25.44594955400015], [85.47587585400015, 25.443180084000176], [85.46993255500018, 25.441421509000065], [85.46465301500018, 25.441650390000063], [85.45838928200016, 25.44565010000008], [85.44905090400005, 25.446550369000192], [85.4424819940001, 25.445270539000035], [85.43637085000017, 25.447660446000157], [85.43122100900013, 25.447200775], [85.42192840600018, 25.455770492000056], [85.41250610400004, 25.46082115100006], [85.39859008700012, 25.461740494000026], [85.39998626700003, 25.464080811000088], [85.40299224800015, 25.466369628000052], [85.40464782600014, 25.469280241999968], [85.40355682500001, 25.47587013300017], [85.40164947500011, 25.48225975000014], [85.39898681599999, 25.487800598000092], [85.3945922850001, 25.492340088000162], [85.38936615000017, 25.49516868500018], [85.3871917730001, 25.498790742000097], [85.38587951700003, 25.50659942600015], [85.3923797610002, 25.507440568000106], [85.39972686800013, 25.505479813000136], [85.41324615400015, 25.501262666000173], [85.42254638700007, 25.49724006700012], [85.43004608100011, 25.51552009600016], [85.45197296100014, 25.50245094400009], [85.4585418690001, 25.501489639000056], [85.46156311100015, 25.499691010000163], [85.46768188500016, 25.49870109600016], [85.47116851800007, 25.497051239000143], [85.48892974800003, 25.495201112000075], [85.49231719900013, 25.489009857000042], [85.49481201100014, 25.486009598000066], [85.49846649200009, 25.48534965500005], [85.50316619800009, 25.49504280200017], [85.50461578300019, 25.500259399000186], [85.50869750900006, 25.50443267900016], [85.51315307600004, 25.503009795000025], [85.51950073300009, 25.506490708], [85.52559661900011, 25.506811143000164], [85.53119659400011, 25.506162643000152], [85.53190612700013, 25.501731872999983], [85.53230285600017, 25.489522933000046], [85.53865814300013, 25.487859725000078], [85.54722595200013, 25.489849091000053], [85.56385040300017, 25.490020752000135], [85.57518768300008, 25.491031646000067], [85.58422088600014, 25.493698121000023], [85.59313201800006, 25.493368148000116], [85.60478210400015, 25.488651275000052], [85.58487701400003, 25.479499816000043], [85.60855102600004, 25.472019196000133], [85.60826110700015, 25.46804046699998], [85.62101745500007, 25.465080261000026], [85.63182830900018, 25.464021683], [85.6402969360002, 25.465070725000146], [85.64216613800016, 25.46640968300005], [85.64102935800003, 25.48040962300007], [85.63417816200018, 25.502599716000134], [85.64878845100014, 25.503578187000187], [85.64907074000013, 25.500152589000095], [85.64643096900016, 25.497829437000064], [85.6488265980002, 25.494060516000047], [85.65233612000014, 25.49360084600005], [85.67082977400014, 25.497579575000145], [85.67321777400002, 25.484220505000053], [85.67292022700019, 25.479450225999983], [85.67510223400018, 25.479700088000072], [85.69351959200009, 25.498050690000127], [85.70465850900007, 25.506288529000074], [85.70700836200007, 25.50934982200016], [85.7083892820001, 25.517021179000096], [85.71202087400002, 25.52620124900011], [85.71589660600006, 25.52620124900011], [85.72255706800013, 25.522230148000062], [85.72836303700012, 25.527240753000115]]]}}, {"type": "Feature", "properties": {"GID_3": "IND.5.26.2_1", "GID_0": "IND", "COUNTRY": "India", "GID_1": "IND.5_1", "NAME_1": "Bihar", "NL_NAME_1": "NA", "GID_2": "IND.5.26_1", "NAME_2": "Patna", "NL_NAME_2": "NA", "NAME_3": "Danapur", "VARNAME_3": "NA", "NL_NAME_3": "NA", "TYPE_3": "Taluk", "ENGTYPE_3": "Taluk", "CC_3": "NA", "HASC_3": "NA"}, "geometry": {"type": "Polygon", "coordinates": [[[84.85675048899998, 25.21701049799998], [84.85386657700013, 25.222721101000104], [84.85160064800016, 25.22377014200009], [84.84900665200007, 25.22879028300008], [84.83896636900005, 25.230302811000172], [84.83867645300006, 25.233209610000074], [84.82961273300009, 25.23447990400018], [84.82698059199998, 25.22867965800009], [84.81944274900007, 25.229070664000062], [84.81254577600009, 25.223640442000033], [84.80388641500008, 25.219640732000187], [84.80214691100008, 25.21605110100012], [84.7954330440001, 25.217428208000115], [84.7938766480001, 25.21953964200003], [84.7851028450001, 25.222200394000083], [84.77596282900004, 25.222040177000054], [84.76580810500002, 25.222930908000137], [84.76142883300008, 25.221460342000114], [84.75827026500019, 25.219451905000142], [84.74571990900006, 25.218860627000026], [84.7439575190001, 25.214178086000118], [84.7391128540001, 25.213190079000185], [84.7376327520002, 25.20970916900012], [84.73448181200007, 25.2098808290001], [84.7300262460002, 25.208131790000095], [84.72512054400016, 25.202350617000036], [84.72130584800004, 25.202579499000137], [84.71701049900014, 25.205089570000098], [84.71810913000019, 25.21334075900006], [84.71269226100009, 25.214990616000023], [84.7239761350001, 25.22304153400006], [84.72847747899999, 25.22270965600012], [84.73515319900008, 25.226539612000124], [84.74018859800009, 25.230512619000137], [84.74153900099998, 25.23649978700007], [84.7476806640002, 25.237920761000055], [84.75376892100007, 25.231149674000164], [84.76180267300009, 25.230550766000135], [84.76463317800005, 25.23248100300009], [84.76741790800008, 25.236810684000147], [84.77832794200003, 25.237829209000097], [84.78061676000004, 25.24353027400008], [84.78102111800013, 25.248830795000174], [84.7803726200001, 25.253940582000098], [84.77787017800017, 25.256509782000023], [84.77278137200011, 25.25844001700017], [84.76682281500013, 25.256999970000095], [84.76310729900001, 25.257049560000098], [84.75705719000013, 25.25897026000007], [84.75414276100014, 25.262489319000167], [84.74978637700008, 25.26246070800005], [84.74429321200006, 25.26371002200017], [84.73486328100012, 25.268831254000077], [84.72836303800005, 25.26378059500007], [84.72764587500012, 25.253032684000118], [84.71356201200001, 25.258020400000134], [84.71318817200017, 25.2610607150001], [84.70816039900012, 25.261800767000068], [84.70494842599999, 25.26177024800012], [84.69315338100012, 25.259122849000164], [84.69381713900015, 25.256940842000176], [84.69262695400016, 25.255100251000044], [84.68689727800017, 25.25509071300013], [84.68241119499999, 25.256740570000147], [84.67836761500013, 25.261262894000026], [84.67929077100013, 25.266572953000036], [84.68190765400016, 25.272018433000085], [84.68739318900009, 25.271181107000075], [84.69728088400012, 25.27330970900016], [84.69893646200012, 25.282051086000024], [84.70094299300018, 25.284181596000053], [84.705810547, 25.2835998540001], [84.70961761500007, 25.284999846999995], [84.71550750800009, 25.285629274000144], [84.71679687400018, 25.289600372000052], [84.717041015, 25.294269561000135], [84.71563720700004, 25.295900345000064], [84.70915222100012, 25.29714965900007], [84.70329284600018, 25.300569534000147], [84.69715118300013, 25.316471099000182], [84.70681762600015, 25.321502685000098], [84.71765136700009, 25.33583068900009], [84.72474670400015, 25.354932786000063], [84.72556305000018, 25.361530303000166], [84.7326812730002, 25.375841141000137], [84.73754119800009, 25.38277244600016], [84.74463653600003, 25.39679145800011], [84.74545288100018, 25.40616989199998], [84.75605773900008, 25.416971206000028], [84.7702484130001, 25.44812965400007], [84.76597595300007, 25.458101273000068], [84.75546264600018, 25.472698212000182], [84.7480087290001, 25.49215126100006], [84.751579284, 25.511569975999976], [84.75728607100012, 25.52289962700013], [84.76280975300011, 25.53845024100019], [84.78769683900015, 25.560810089000142], [84.7908859260001, 25.5647201540001], [84.80264282200017, 25.568920136000145], [84.81089019800004, 25.576269149999973], [84.81520843500005, 25.588720322000086], [84.80783081000004, 25.591821672000037], [84.81153869600007, 25.608118058000116], [84.82080841000004, 25.617010117000177], [84.82437133700006, 25.621940613000106], [84.81488800000011, 25.620241166000085], [84.81691742000015, 25.6305999760001], [84.81527709900001, 25.634080887000096], [84.81849670400004, 25.637849808000055], [84.82151031500013, 25.647140504000163], [84.83497619700012, 25.65701103200007], [84.82678985600006, 25.65866088900009], [84.81719970600005, 25.66617012100005], [84.81723022500017, 25.671808243000044], [84.82187652500005, 25.67670059200009], [84.82749176100009, 25.679149629000165], [84.8422012330002, 25.679399491000027], [84.845611572, 25.69679069600005], [84.85119628900014, 25.69938087500003], [84.84976959200014, 25.702278138000054], [84.8519287110002, 25.708690643000125], [84.85534667900004, 25.710567474000072], [84.85984802200005, 25.711719513000105], [84.86296081500012, 25.71680259800013], [84.86486816500019, 25.71837043700009], [84.87171173100012, 25.71843910200016], [84.87535858100006, 25.71289062500017], [84.88741302400013, 25.714168550000124], [84.89099121100014, 25.716999055000088], [84.89850616400014, 25.718879700000002], [84.90032196099997, 25.709901810000076], [84.90286254800014, 25.708740235000164], [84.91290283299998, 25.70915031500016], [84.91588592500011, 25.70652008100012], [84.92016601600011, 25.707542419000163], [84.92159271300011, 25.706172943000183], [84.9218826290001, 25.703002929000093], [84.9331817630001, 25.701061248000087], [84.93309784000019, 25.70522117600001], [84.93488311800013, 25.706872940000096], [84.93916320900013, 25.70462036200007], [84.94534301800013, 25.702909470000066], [84.95060730000012, 25.70787811300005], [84.95630645700015, 25.711370469000144], [84.96105957000003, 25.709062576000065], [84.96206665000005, 25.714969635000045], [84.96383667000015, 25.71916961700009], [84.96684265100009, 25.72173118700016], [84.97070312400018, 25.722461700999986], [84.97380828899998, 25.725179673000184], [84.97689819400011, 25.726528169000005], [84.98174285900012, 25.727010727000163], [84.98327636800008, 25.72657012900015], [84.99584198000008, 25.732210160000022], [84.99907684400006, 25.732809066000016], [85.01259613000008, 25.73199081500013], [85.02272033700012, 25.732799530000136], [85.02767181400009, 25.731319428000063], [85.0352172850001, 25.725679397000135], [85.0517807010001, 25.71831130900017], [85.06181335400004, 25.715049744000055], [85.06778717100019, 25.712158203000172], [85.08001708900014, 25.712392807000185], [85.08304595900006, 25.70384025600015], [85.09661102400008, 25.67996025200017], [85.1026000970001, 25.658990859000028], [85.1070861820001, 25.65356064000008], [85.10927581800007, 25.648559571000078], [85.10690307600004, 25.64900016900009], [85.09541320800008, 25.65458107000012], [85.08914947500006, 25.656520844000056], [85.07351684500014, 25.65402984700006], [85.07068634000018, 25.651210785000046], [85.06894683800016, 25.64355850300018], [85.06875610400016, 25.627420425000025], [85.07124328600008, 25.60816002000007], [85.07238006600016, 25.58887290900003], [85.07061004600007, 25.57920074499998], [85.05724334700017, 25.57989120500008], [85.05606842000003, 25.56999969400016], [85.05356597899998, 25.567970276999972], [85.05153656000005, 25.56955909800007], [85.04807281500007, 25.56847190800005], [85.04437255900018, 25.571599961000118], [85.03888702400008, 25.569860458000164], [85.03643798900004, 25.57122039900014], [85.02503204300007, 25.57147026100006], [85.01905059700005, 25.57242965800009], [85.01145172100013, 25.57646942200006], [85.00750732400019, 25.57711029000012], [84.98594665600007, 25.559860229000094], [84.9868392950001, 25.50311088500007], [85.01197814900019, 25.51580047699997], [85.02205658000014, 25.514429093000047], [85.0278167730001, 25.515029908000088], [85.03098297100001, 25.514400482000042], [85.03968048100006, 25.51044273400015], [85.0377731320001, 25.505622865000078], [85.03624725300006, 25.503971100000115], [85.03513336100008, 25.503892899000107], [85.03009033200016, 25.506120681000027], [85.02680206300016, 25.506170273000066], [85.02449035700016, 25.504701614000112], [85.0205307010001, 25.49778938300011], [85.01567840700011, 25.485059739000064], [85.02105712900016, 25.47203254600015], [85.0219421380001, 25.46734046900019], [85.02073669399999, 25.464431762999993], [85.01898193400012, 25.4512081150001], [85.01550292900015, 25.44235038800008], [85.01284790100004, 25.439529418000063], [85.00995636100004, 25.43971061700006], [85.00596618700013, 25.4388198850001], [85.00541687100014, 25.431699752999975], [85.00390625000011, 25.428739548000124], [84.99485015800008, 25.42767143200018], [84.98808288600009, 25.424768449000055], [84.97764587400019, 25.425321580000116], [84.9687957770002, 25.42118072600016], [84.96730804500004, 25.419261933000087], [84.96653747600016, 25.416282654000042], [84.9647903450001, 25.41512107900013], [84.96330261200018, 25.415269851000005], [84.96163177400013, 25.417171478000057], [84.95979309100017, 25.417770386000086], [84.95761108300007, 25.41527938900009], [84.95516967900005, 25.41407966600002], [84.93676757900016, 25.41634178200019], [84.93461608800004, 25.41463279700008], [84.93370056100008, 25.413110733000053], [84.93383789100005, 25.406150819000118], [84.93213653500015, 25.396539688000075], [84.93226623600015, 25.390850067000144], [84.92816162100007, 25.38262939400005], [84.92153167800012, 25.374330520000115], [84.91976928700007, 25.368909836000114], [84.91925048800005, 25.363540650000175], [84.91596221900016, 25.35788917499997], [84.91587066700009, 25.35421943800003], [84.91851043600008, 25.350610734000043], [84.9248428350001, 25.348960877000025], [84.92619323800017, 25.337320328000146], [84.91822052000009, 25.336399078000113], [84.91387176600017, 25.322690963000184], [84.91028595000012, 25.317888260000075], [84.90571594200014, 25.31517982600019], [84.9053192130001, 25.31101989800004], [84.90972900400004, 25.309999466000193], [84.90796661400003, 25.30546188300019], [84.90307617300016, 25.30321121300011], [84.89930725100004, 25.297700882000072], [84.898773194, 25.29417991700018], [84.89866638100017, 25.290420532999974], [84.89565277000014, 25.284730912000043], [84.8895187380001, 25.282531739000092], [84.88529968200004, 25.277469634], [84.88099670300011, 25.270360946000153], [84.88240051400015, 25.265960694000057], [84.88508606000016, 25.261960983000165], [84.88188934300007, 25.255428314000085], [84.87399292000015, 25.251960754000095], [84.86831665100004, 25.251781463000043], [84.86666107100001, 25.248710632000098], [84.8690490730001, 25.244609834000073], [84.86148071300005, 25.234331130000157], [84.860687256, 25.23159980700018], [84.86100769100017, 25.22405052300013], [84.85954284800005, 25.216960906000168], [84.85675048899998, 25.21701049799998]]]}}, {"type": "Feature", "properties": {"GID_3": "IND.5.26.3_1", "GID_0": "IND", "COUNTRY": "India", "GID_1": "IND.5_1", "NAME_1": "Bihar", "NL_NAME_1": "NA", "GID_2": "IND.5.26_1", "NAME_2": "Patna", "NL_NAME_2": "NA", "NAME_3": "Masaurhi", "VARNAME_3": "NA", "NL_NAME_3": "NA", "TYPE_3": "Taluk", "ENGTYPE_3": "Taluk", "CC_3": "NA", "HASC_3": "NA"}, "geometry": {"type": "Polygon", "coordinates": [[[85.17370605400004, 25.30961990300011], [85.16722869800003, 25.309200286000134], [85.1650619510001, 25.30844116300011], [85.16340637200011, 25.306642533000172], [85.16039276100008, 25.305940628000087], [85.1517868050002, 25.311719894000078], [85.1433563220001, 25.314310075000094], [85.12931823700006, 25.316850662000036], [85.12462615900017, 25.316669464000142], [85.12510681200007, 25.309389115000045], [85.12200164900008, 25.30208015500017], [85.11711883500004, 25.297508240000127], [85.11167144700016, 25.297220230000107], [85.1106567380001, 25.293369294000172], [85.11216735800008, 25.284940719000076], [85.11814117500006, 25.281579972000088], [85.1198196420001, 25.279701233000026], [85.11926269600002, 25.27693939200003], [85.11421203600014, 25.273241043000155], [85.11154937700019, 25.27439117500012], [85.10912323000008, 25.273340225000027], [85.10578918400006, 25.27336120600006], [85.1052627570001, 25.276130676000093], [85.1060028070001, 25.280160905000002], [85.0946426390002, 25.289270402000113], [85.08870697100002, 25.28874969500015], [85.08902740399998, 25.283729553000057], [85.08474731300015, 25.28416061500019], [85.07847595200008, 25.275590895999983], [85.07713317900004, 25.276950837000186], [85.07752990700004, 25.279758454000046], [85.07588958800011, 25.282100678000006], [85.07077789400012, 25.283649444000105], [85.0622406010001, 25.29010963400009], [85.05816650300017, 25.28448105000018], [85.05310058500004, 25.285160064000024], [85.05001068100017, 25.284589768000103], [85.04612731900005, 25.282321931000126], [85.04305267400008, 25.281740189000118], [85.04048919700017, 25.27942276000016], [85.03627777200018, 25.278301240000076], [85.03481292800012, 25.273370742000168], [85.03337097100007, 25.27254104600007], [85.0256958010001, 25.272050858], [85.02099609300006, 25.26741981600003], [85.01756286500006, 25.267549514000052], [85.01297760000017, 25.273571014000026], [85.01905059700005, 25.27449035700016], [85.0234375, 25.286350250000112], [85.01898193400012, 25.292789459000062], [85.01169586200018, 25.29346084600013], [85.00849914500009, 25.29496955900015], [85.00859069700005, 25.30570984000019], [85.00614166200018, 25.30760955900007], [85.007232666, 25.318437576000065], [85.00459289500003, 25.320510864000028], [84.99796295200008, 25.321502685000098], [84.98963928200004, 25.320999146000077], [84.98593902600015, 25.321439744000145], [84.97860717700001, 25.30986976700001], [84.97289276200019, 25.307960510000044], [84.97290039000012, 25.30274963400001], [84.97141265800013, 25.291732788000104], [84.96275329700012, 25.29661941600017], [84.95786285500014, 25.289630891], [84.95510101300005, 25.287940980000087], [84.94911956800013, 25.288177491000056], [84.94055938700018, 25.28993988100018], [84.93618011400014, 25.286891938000167], [84.93115997400008, 25.278970719000142], [84.93428802500017, 25.274070740000184], [84.92983245900012, 25.27322006200012], [84.92961883600009, 25.268890382000166], [84.92349243200016, 25.26920127900007], [84.91921234100016, 25.27187919700009], [84.91512298500004, 25.278041841000004], [84.92005920400015, 25.286291122000023], [84.92073059000012, 25.28970909200018], [84.91716003500017, 25.29308128300005], [84.91430664100017, 25.292930603000002], [84.91042327899999, 25.291349412000045], [84.89866638100017, 25.290420532999974], [84.898773194, 25.29417991700018], [84.89930725100004, 25.297700882000072], [84.90307617300016, 25.30321121300011], [84.90796661400003, 25.30546188300019], [84.90972900400004, 25.309999466000193], [84.9053192130001, 25.31101989800004], [84.90571594200014, 25.31517982600019], [84.91028595000012, 25.317888260000075], [84.91387176600017, 25.322690963000184], [84.91822052000009, 25.336399078000113], [84.92619323800017, 25.337320328000146], [84.9248428350001, 25.348960877000025], [84.91851043600008, 25.350610734000043], [84.91587066700009, 25.35421943800003], [84.91596221900016, 25.35788917499997], [84.91925048800005, 25.363540650000175], [84.91976928700007, 25.368909836000114], [84.92153167800012, 25.374330520000115], [84.92816162100007, 25.38262939400005], [84.93226623600015, 25.390850067000144], [84.93213653500015, 25.396539688000075], [84.93383789100005, 25.406150819000118], [84.93370056100008, 25.413110733000053], [84.93461608800004, 25.41463279700008], [84.93676757900016, 25.41634178200019], [84.95516967900005, 25.41407966600002], [84.95761108300007, 25.41527938900009], [84.95979309100017, 25.417770386000086], [84.96163177400013, 25.417171478000057], [84.96330261200018, 25.415269851000005], [84.9647903450001, 25.41512107900013], [84.96653747600016, 25.416282654000042], [84.96730804500004, 25.419261933000087], [84.9687957770002, 25.42118072600016], [84.97764587400019, 25.425321580000116], [84.98808288600009, 25.424768449000055], [84.99485015800008, 25.42767143200018], [85.00390625000011, 25.428739548000124], [85.00541687100014, 25.431699752999975], [85.00596618700013, 25.4388198850001], [85.00995636100004, 25.43971061700006], [85.01284790100004, 25.439529418000063], [85.01550292900015, 25.44235038800008], [85.01898193400012, 25.4512081150001], [85.02073669399999, 25.464431762999993], [85.0219421380001, 25.46734046900019], [85.02105712900016, 25.47203254600015], [85.01567840700011, 25.485059739000064], [85.0205307010001, 25.49778938300011], [85.02449035700016, 25.504701614000112], [85.02680206300016, 25.506170273000066], [85.03009033200016, 25.506120681000027], [85.03513336100008, 25.503892899000107], [85.03624725300006, 25.503971100000115], [85.0377731320001, 25.505622865000078], [85.03968048100006, 25.51044273400015], [85.046897887, 25.505271910999966], [85.04914856000016, 25.502799988000163], [85.05253601100003, 25.502080917000114], [85.05732727100019, 25.50324058600006], [85.06001281700014, 25.50514984099999], [85.064453125, 25.504230500000062], [85.07325744700017, 25.504198074000044], [85.07962036100014, 25.503320695000184], [85.08389282300016, 25.501720429000102], [85.08908081100009, 25.501720429000102], [85.09983062800018, 25.503519059000098], [85.10234832800012, 25.501462937000156], [85.10694885300018, 25.502841950000118], [85.11331939700005, 25.50727272000006], [85.11789703400018, 25.507410049000157], [85.12333679200015, 25.506309510000108], [85.1277771, 25.50478172300012], [85.13294982899998, 25.501731872999983], [85.13942718499999, 25.50476074200003], [85.1425476070001, 25.501531601000124], [85.14037323000002, 25.494888307000053], [85.14095306400003, 25.492160797000167], [85.14772033700018, 25.48719024600001], [85.15544891400003, 25.486789703], [85.15965271100015, 25.48473930400013], [85.16764831500018, 25.485841751000123], [85.17346954300012, 25.484460831000092], [85.1760101320001, 25.485719680000045], [85.18112945500008, 25.490631103000055], [85.18383026100008, 25.491609573000005], [85.18817901500017, 25.491760253000052], [85.18622589100005, 25.484819413000082], [85.18562316800018, 25.47537994300012], [85.18698883100012, 25.470161438000048], [85.18934631400003, 25.469020845000102], [85.2019729610002, 25.46822929300015], [85.20237732000015, 25.461601257000098], [85.20179748600015, 25.458831787000122], [85.19769287100007, 25.45350074800018], [85.19268035900012, 25.443000793000124], [85.19042968800017, 25.441022873000122], [85.1835403450001, 25.43972969000015], [85.18139648500016, 25.43441963100014], [85.18058013900009, 25.424869538000166], [85.17913055400015, 25.42200088400017], [85.17652893100012, 25.420610429000135], [85.1736297610002, 25.416931152000075], [85.17233276299999, 25.412002563000044], [85.17698669500015, 25.40797805700015], [85.18090057400008, 25.402990341000077], [85.17903137100001, 25.396409988000187], [85.17590332000015, 25.392719269000054], [85.17513275100004, 25.38906288100003], [85.17742919900019, 25.3864612590001], [85.18505096400008, 25.382432938000136], [85.1858901980001, 25.37886047500018], [85.18501281700003, 25.372520448000103], [85.18477630600012, 25.358400344000074], [85.18682861400009, 25.353229524000028], [85.18698120100004, 25.34982109200007], [85.1853866570001, 25.347021103000145], [85.1861190790001, 25.33963012700019], [85.18270874100017, 25.33341026300019], [85.18150329700012, 25.325611115000072], [85.17555236800001, 25.319269180000163], [85.17433166600011, 25.31674957200005], [85.17370605400004, 25.30961990300011]]]}}, {"type": "Feature", "properties": {"GID_3": "IND.5.26.4_1", "GID_0": "IND", "COUNTRY": "India", "GID_1": "IND.5_1", "NAME_1": "Bihar", "NL_NAME_1": "NA", "GID_2": "IND.5.26_1", "NAME_2": "Patna", "NL_NAME_2": "NA", "NAME_3": "n.a. ( 652)", "VARNAME_3": "NA", "NL_NAME_3": "NA", "TYPE_3": "Taluk", "ENGTYPE_3": "Taluk", "CC_3": "NA", "HASC_3": "NA"}, "geometry": {"type": "Polygon", "coordinates": [[[85.39859008700012, 25.461740494000026], [85.39605712900016, 25.453849792000142], [85.39589691100008, 25.436941147000084], [85.39508819600019, 25.434490204000042], [85.39048004200015, 25.433961869000086], [85.38314819400011, 25.430940628000144], [85.37893676800019, 25.43128013600017], [85.37715149000007, 25.426990510000167], [85.37120819100011, 25.431159973000092], [85.36773681600005, 25.428239822000137], [85.36611175500013, 25.424360275000083], [85.36312866300005, 25.42044067400019], [85.36242675800014, 25.41452026400009], [85.35772705000016, 25.406150819000118], [85.35624694800009, 25.40094185000015], [85.35399627700008, 25.40347099300004], [85.34442138600019, 25.40522956799998], [85.34509277300009, 25.408500672000116], [85.34426879900013, 25.41163826100012], [85.34081268200003, 25.412929534000114], [85.33664703400018, 25.40731048600003], [85.3323974610002, 25.40463066000018], [85.32625579800015, 25.40315246600011], [85.32305145300018, 25.405189514000085], [85.31996154800004, 25.40554046600016], [85.3119125360002, 25.405431748000012], [85.30782318100012, 25.404308320000155], [85.30612182700003, 25.406721116000142], [85.30229187000015, 25.407369614000118], [85.29994964500008, 25.403102876000048], [85.30149078400012, 25.398210527000003], [85.29992675900013, 25.39623069900017], [85.28971099800015, 25.39207077100008], [85.2884521490002, 25.395282745000088], [85.28425598200016, 25.397260667000126], [85.27934265200008, 25.39808082600001], [85.27893829300007, 25.40118980400007], [85.274398803, 25.405149460000132], [85.27205658000008, 25.401800155000046], [85.27214050200013, 25.3983306880001], [85.269927978, 25.39902115000001], [85.26625823900008, 25.40199279900014], [85.26235961900005, 25.402349473000186], [85.25740814200009, 25.40176963900018], [85.25266265900012, 25.39875984200006], [85.25054168700012, 25.402330400000096], [85.2509460440001, 25.40641021800019], [85.2496719360002, 25.41324043300017], [85.24369811900004, 25.415330887000096], [85.23847198400006, 25.40851974499998], [85.23185729900013, 25.404220581000118], [85.22808838000014, 25.405109405000076], [85.2257080080002, 25.412250520000043], [85.22115326000011, 25.415239334999967], [85.21531677200016, 25.415130615000066], [85.210151672, 25.41657066400012], [85.20488739000018, 25.416500091000046], [85.20295715300011, 25.41498947100007], [85.19995880200008, 25.409170151000183], [85.19384002800007, 25.408960343000047], [85.19190979000007, 25.40824127200017], [85.19039154100011, 25.40499115000017], [85.18878173800005, 25.404100417999985], [85.18090057400008, 25.402990341000077], [85.17698669500015, 25.40797805700015], [85.17233276299999, 25.412002563000044], [85.1736297610002, 25.416931152000075], [85.17652893100012, 25.420610429000135], [85.17913055400015, 25.42200088400017], [85.18058013900009, 25.424869538000166], [85.18139648500016, 25.43441963100014], [85.1835403450001, 25.43972969000015], [85.19042968800017, 25.441022873000122], [85.19268035900012, 25.443000793000124], [85.19769287100007, 25.45350074800018], [85.20179748600015, 25.458831787000122], [85.20237732000015, 25.461601257000098], [85.2019729610002, 25.46822929300015], [85.18934631400003, 25.469020845000102], [85.18698883100012, 25.470161438000048], [85.18562316800018, 25.47537994300012], [85.18622589100005, 25.484819413000082], [85.18817901500017, 25.491760253000052], [85.18383026100008, 25.491609573000005], [85.18112945500008, 25.490631103000055], [85.1760101320001, 25.485719680000045], [85.17346954300012, 25.484460831000092], [85.16764831500018, 25.485841751000123], [85.15965271100015, 25.48473930400013], [85.15544891400003, 25.486789703], [85.14772033700018, 25.48719024600001], [85.14095306400003, 25.492160797000167], [85.14037323000002, 25.494888307000053], [85.1425476070001, 25.501531601000124], [85.13942718499999, 25.50476074200003], [85.13294982899998, 25.501731872999983], [85.1277771, 25.50478172300012], [85.12333679200015, 25.506309510000108], [85.11789703400018, 25.507410049000157], [85.11331939700005, 25.50727272000006], [85.10694885300018, 25.502841950000118], [85.10234832800012, 25.501462937000156], [85.09983062800018, 25.503519059000098], [85.08908081100009, 25.501720429000102], [85.08389282300016, 25.501720429000102], [85.07962036100014, 25.503320695000184], [85.07325744700017, 25.504198074000044], [85.064453125, 25.504230500000062], [85.06001281700014, 25.50514984099999], [85.05732727100019, 25.50324058600006], [85.05253601100003, 25.502080917000114], [85.04914856000016, 25.502799988000163], [85.046897887, 25.505271910999966], [85.03968048100006, 25.51044273400015], [85.03098297100001, 25.514400482000042], [85.0278167730001, 25.515029908000088], [85.02205658000014, 25.514429093000047], [85.01197814900019, 25.51580047699997], [84.9868392950001, 25.50311088500007], [84.98594665600007, 25.559860229000094], [85.00750732400019, 25.57711029000012], [85.01145172100013, 25.57646942200006], [85.01905059700005, 25.57242965800009], [85.02503204300007, 25.57147026100006], [85.03643798900004, 25.57122039900014], [85.03888702400008, 25.569860458000164], [85.04437255900018, 25.571599961000118], [85.04807281500007, 25.56847190800005], [85.05153656000005, 25.56955909800007], [85.05356597899998, 25.567970276999972], [85.05606842000003, 25.56999969400016], [85.05724334700017, 25.57989120500008], [85.07061004600007, 25.57920074499998], [85.07238006600016, 25.58887290900003], [85.07124328600008, 25.60816002000007], [85.06875610400016, 25.627420425000025], [85.06894683800016, 25.64355850300018], [85.07068634000018, 25.651210785000046], [85.07351684500014, 25.65402984700006], [85.08914947500006, 25.656520844000056], [85.09541320800008, 25.65458107000012], [85.10690307600004, 25.64900016900009], [85.10927581800007, 25.648559571000078], [85.11412048400018, 25.644020080000075], [85.11956024200015, 25.63689994900011], [85.12564849800009, 25.631500244000165], [85.13366699300019, 25.627450944000145], [85.1441192630001, 25.62611007600003], [85.15448760900017, 25.626697541000055], [85.17173767200006, 25.626230239000108], [85.18308258100001, 25.625629426000046], [85.18704986500018, 25.62502098000016], [85.21241760300018, 25.61458015600016], [85.22531128000003, 25.608369827000104], [85.23645019500003, 25.602300645000128], [85.24369811900004, 25.597080231000177], [85.25535583500005, 25.581659318000106], [85.26831817500016, 25.567480088000025], [85.29483795100009, 25.525341034000064], [85.29910278300014, 25.520109176000062], [85.30371093800017, 25.516330719000166], [85.3114929210002, 25.51390266500016], [85.32064819300007, 25.512729645000093], [85.33570098800004, 25.512729645000093], [85.3424911510001, 25.510908128000096], [85.37441253700001, 25.50720024100019], [85.38587951700003, 25.50659942600015], [85.3871917730001, 25.498790742000097], [85.38936615000017, 25.49516868500018], [85.3945922850001, 25.492340088000162], [85.39898681599999, 25.487800598000092], [85.40164947500011, 25.48225975000014], [85.40355682500001, 25.47587013300017], [85.40464782600014, 25.469280241999968], [85.40299224800015, 25.466369628000052], [85.39998626700003, 25.464080811000088], [85.39859008700012, 25.461740494000026]]]}}, {"type": "Feature", "properties": {"GID_3": "IND.5.27.1_1", "GID_0": "IND", "COUNTRY": "India", "GID_1": "IND.5_1", "NAME_1": "Bihar", "NL_NAME_1": "NA", "GID_2": "IND.5.27_1", "NAME_2": "Purba Champaran", "NL_NAME_2": "NA", "NAME_3": "Dhaka", "VARNAME_3": "Sikarahana", "NL_NAME_3": "NA", "TYPE_3": "Taluk", "ENGTYPE_3": "Taluk", "CC_3": "NA", "HASC_3": "NA"}, "geometry": {"type": "Polygon", "coordinates": [[[85.27458953900015, 26.350820541000076], [85.26837158300015, 26.350210188999995], [85.2633666980002, 26.35262108000012], [85.2577590950001, 26.353828431000068], [85.25469207700019, 26.350980758000105], [85.24849700900006, 26.351118086999975], [85.2465362550002, 26.35494041400017], [85.241355897, 26.35904121300007], [85.24147033700007, 26.361570359000098], [85.23660278400013, 26.368980409000187], [85.23574829100005, 26.371540069000048], [85.22901916600006, 26.36993980400007], [85.21804809500014, 26.37162017800017], [85.21569824200009, 26.369449616000168], [85.21386718800011, 26.366310119000048], [85.21376037599998, 26.355649949000167], [85.21485900800013, 26.353099822000104], [85.21943664500009, 26.352130889000136], [85.22204589900014, 26.354980468000065], [85.22556304900019, 26.355461120000086], [85.23211669900013, 26.35234069900008], [85.23348236000004, 26.35036087100002], [85.23406982500006, 26.347539902000165], [85.23876953100006, 26.342348099000162], [85.24143981800012, 26.341289521000192], [85.2422561640002, 26.344102860000135], [85.24695587200017, 26.342838287000063], [85.25164794900019, 26.345029831000033], [85.25617980900017, 26.34399986300008], [85.2588272100001, 26.342470169000137], [85.2635421760001, 26.336999893000154], [85.26542663500015, 26.335901261000004], [85.26709747300004, 26.336450577000164], [85.26477050900007, 26.329679490000103], [85.25889587400007, 26.330720901000063], [85.25560760500008, 26.33344841100012], [85.2502288820001, 26.33254814200012], [85.24871826200018, 26.310270310000192], [85.25007629300018, 26.30583191000011], [85.25152587800011, 26.304889678000166], [85.25485229399999, 26.30491065900003], [85.2541427610002, 26.299381257000107], [85.2517929080002, 26.30039024500013], [85.25093841600017, 26.29919242900013], [85.24691009500003, 26.299409866000076], [85.24405670100003, 26.30042076100017], [85.24220275900012, 26.30331039400005], [85.23175048900004, 26.30177116400006], [85.23158264100016, 26.306568147000007], [85.22969055200019, 26.308259964000115], [85.22637939500004, 26.3092212680001], [85.2235031130001, 26.308670045000042], [85.22379302900009, 26.306880951000153], [85.2272567760001, 26.303962707000096], [85.22698974600019, 26.302360535000048], [85.22580719100011, 26.3019104010001], [85.21850585900017, 26.303911210000024], [85.21620941100002, 26.30385971000004], [85.21459961000016, 26.295520782000153], [85.20485687200016, 26.29811096300017], [85.20228576600005, 26.297098160000132], [85.19603729300007, 26.286510467000085], [85.19426727300015, 26.28681945900007], [85.19397735700016, 26.288841248000153], [85.20066833500005, 26.299020768000048], [85.2016067510001, 26.301998137999988], [85.20053100600018, 26.302890777000073], [85.19377899200015, 26.295988082999997], [85.19204711900011, 26.295709610000188], [85.18856811600011, 26.297250748000124], [85.18422699000013, 26.30201911900008], [85.18389129700017, 26.30491065900003], [85.18791198700012, 26.30410957400011], [85.1956558230001, 26.305580140000075], [85.19740295500009, 26.306890487000032], [85.1978530880001, 26.31678962800015], [85.1964263910001, 26.320390702000168], [85.19426727300015, 26.322429657000043], [85.19386291400019, 26.31222915700016], [85.19319915800014, 26.310621262000097], [85.19117736800018, 26.311971664999987], [85.19056701700003, 26.322059632000048], [85.1895523070001, 26.32635116600005], [85.18862152100019, 26.327960969000117], [85.18649292100014, 26.32913971000005], [85.18551635800003, 26.3258094790001], [85.18678283700012, 26.316921234000176], [85.18589782800018, 26.314620972000114], [85.18443298400013, 26.31400108300005], [85.18435668900014, 26.320400238000104], [85.18322753800004, 26.32277107300007], [85.18332672000008, 26.332750321000105], [85.18016815200019, 26.33451080400016], [85.17870330800014, 26.338670731000036], [85.17579651000017, 26.341711044000135], [85.17167663600014, 26.342269897000108], [85.16980743400006, 26.34056091200017], [85.16718292300004, 26.341279983000106], [85.16407013000014, 26.33462905900012], [85.1670913690001, 26.332300187000158], [85.16262054500004, 26.330890656000122], [85.15857696500012, 26.33164024399997], [85.15682983400006, 26.330669404000105], [85.155426025, 26.32929992700008], [85.15260315000012, 26.320569992999992], [85.15011596600004, 26.31870079000015], [85.14379882800017, 26.316980362000095], [85.14232635399998, 26.31768036000011], [85.1392059330002, 26.32269287200006], [85.1359558100001, 26.323060990000158], [85.13497161900011, 26.32105064300015], [85.13123321600017, 26.318727494000086], [85.12979888900009, 26.31395912300013], [85.12652587900016, 26.31290054400006], [85.12410736000015, 26.31685066300014], [85.12194824200003, 26.317609787000038], [85.11926269600002, 26.31771278400015], [85.11987304700017, 26.316259384000148], [85.11844635000017, 26.315748215000042], [85.11392974800003, 26.31689071800014], [85.10669708200004, 26.31506919800006], [85.10278320300012, 26.318220138000186], [85.09790039000018, 26.32422065700007], [85.09591674900008, 26.325330734000033], [85.08966827400008, 26.32217025799997], [85.08538055500014, 26.32517051600007], [85.08146667500017, 26.32510185300015], [85.07969665400014, 26.325759888000164], [85.0747528070001, 26.324201583000104], [85.07038879300018, 26.33238983199999], [85.06555938700006, 26.330562591000103], [85.06252288900004, 26.3357429510001], [85.05552673400013, 26.343441010000106], [85.05258178600019, 26.34394836400014], [85.03816986100014, 26.341840745000127], [85.03824615400015, 26.34353065600004], [85.04563903800005, 26.34852028000006], [85.04395294200015, 26.351118086999975], [85.04489898600008, 26.354997636000064], [85.04833221400014, 26.361169815000153], [85.04725646900005, 26.36635017300017], [85.04825592100013, 26.36818122900013], [85.05301666200012, 26.366292953000027], [85.05484008700012, 26.367990495000186], [85.07144928000008, 26.362260819000028], [85.0797271730001, 26.379970550999985], [85.07991027900016, 26.383769989000143], [85.07559967000009, 26.38542938200004], [85.07446289100011, 26.38285255400018], [85.07206726100014, 26.38194084100013], [85.06340789800015, 26.38285255400018], [85.06170654300013, 26.381151199000158], [85.06156921400009, 26.376310350000097], [85.0541305540001, 26.378290177000054], [85.05105590700015, 26.382581711000057], [85.04907226600005, 26.382650375000026], [85.04664611800007, 26.37882804800006], [85.04563140800013, 26.374702454000158], [85.0429763790001, 26.374490737000087], [85.03858184800004, 26.375511170000095], [85.03626251100007, 26.381059647000086], [85.02268982000015, 26.392219543000067], [85.01925659200015, 26.392879486000083], [85.01049041800007, 26.397369384000115], [85.01471710200002, 26.40216064400005], [85.01383209300008, 26.406240463000017], [85.01203918400017, 26.409009934000153], [85.012351991, 26.41370964000015], [85.01409912000008, 26.415990829000123], [85.01750946000016, 26.416200639000124], [85.01770782400007, 26.421318054000096], [85.01380157400013, 26.429670335000083], [85.00579071099997, 26.432359696000105], [85.00109100300017, 26.432970047000083], [84.99825286800007, 26.42729949900007], [84.99223327600009, 26.430891037000038], [84.99205017200006, 26.528890610000076], [85.00918579000017, 26.530731201000094], [85.01222992000015, 26.53190040600009], [85.01534271300005, 26.53425979600007], [85.01711273200004, 26.537952424000082], [85.01750183200005, 26.541809082000157], [85.01951599100016, 26.548280716000022], [85.02765655500014, 26.55014991800016], [85.0321197520002, 26.5485916130001], [85.0345230100001, 26.55136108500011], [85.04435730000006, 26.554981232000046], [85.04624176100009, 26.56183052099999], [85.04685974100005, 26.571830749000185], [85.0435562130001, 26.57450294500012], [85.03909301700014, 26.574340820000145], [85.03829956100003, 26.577409745000125], [85.04167175200007, 26.580232620000174], [85.04229736400015, 26.584848404000184], [85.04736328100017, 26.58933067400011], [85.04736328100017, 26.592050552000103], [85.03630828800004, 26.593860627000026], [85.03279876699997, 26.59596061700006], [85.03382110700005, 26.59913063100015], [85.03733825700004, 26.60310173000005], [85.0398406990002, 26.60741043100012], [85.03972625600005, 26.612159729000155], [85.03727722100018, 26.616210939000155], [85.03298950300012, 26.619770051000103], [85.02803802600016, 26.621881485000188], [85.02774047900016, 26.624942780000083], [85.03308868500017, 26.63462066700015], [85.03186798000019, 26.637790680000137], [85.02362060600007, 26.642131806000123], [85.01596069300018, 26.643550873000038], [85.01818847700014, 26.64759254500018], [85.01230621400003, 26.655391693000126], [85.00382232600009, 26.663000107000073], [85.00327301000016, 26.66794967600009], [85.00463104200003, 26.672239304000072], [85.002326966, 26.675092698000128], [84.993667603, 26.677740097000026], [84.99302673300014, 26.68182945400008], [85.00168609600013, 26.685560226000064], [84.99488830500013, 26.691089630000135], [84.99173736500018, 26.69429969800018], [84.99170684800009, 26.714881897000055], [84.99621582000009, 26.71935844500007], [84.99723053000002, 26.726430894000032], [84.99478149499998, 26.732559204000154], [84.99167633000019, 26.733489990000066], [84.9912948610002, 26.913360596000132], [84.99678039600008, 26.912612916000057], [85.00179290800008, 26.911893844000076], [85.00388336200018, 26.90957069300015], [85.00334167400013, 26.909090043000162], [85.00276184100005, 26.908576966000112], [85.00291442900004, 26.90621566800013], [85.00438690200008, 26.903129579000108], [84.99803924500009, 26.90633964600005], [84.99530792200011, 26.905345916999977], [84.99518585200013, 26.90391922100008], [84.99505615300018, 26.902486801000066], [85.00611877400007, 26.89478302000009], [85.0219192510001, 26.892814636000082], [85.02513122500011, 26.891427993000036], [85.0319671630001, 26.891548156000113], [85.04411315900018, 26.891164779999997], [85.0458147560002, 26.89111512900007], [85.05429077100013, 26.888996124000187], [85.0543669610002, 26.888984435000168], [85.05462646400008, 26.888944626000182], [85.05545044000007, 26.88881683300019], [85.05473327700014, 26.888336183000035], [85.05358886800002, 26.887575150000032], [85.05358886800002, 26.886083603000145], [85.05506134000018, 26.886404038000137], [85.05644989000012, 26.886705399000107], [85.05895995999998, 26.88579940900007], [85.06125640800013, 26.88597297700005], [85.06166839700018, 26.887077332000047], [85.06241607700008, 26.886705399000107], [85.06204223700001, 26.885089874000073], [85.05741882300009, 26.88111495999999], [85.05607605000012, 26.884468079000044], [85.05572509800004, 26.88449287500015], [85.05469513000008, 26.884567261000086], [85.0543365480001, 26.88459205700019], [85.0528411860002, 26.882976532000043], [85.05060577400013, 26.88496589700003], [85.05197143500004, 26.882106781000118], [85.0534362790001, 26.88226127600018], [85.0543365480001, 26.882354737000185], [85.05445861900017, 26.88098907400007], [85.0482330320001, 26.878305435000186], [85.04813385000006, 26.87823104900002], [85.04538726900012, 26.87937545800014], [85.04351806600005, 26.87711525000003], [85.04426574600012, 26.87490844700011], [85.04211425800008, 26.87461471500012], [85.04005432100007, 26.877281190000076], [85.03967285100015, 26.87775802699997], [85.03966522300004, 26.877555848000043], [85.03955078100017, 26.875520707000135], [85.03830719000001, 26.874774933000083], [85.03160858100011, 26.875017166000134], [85.03151702900016, 26.875020981000034], [85.03010559000018, 26.870300293000014], [85.0323104860002, 26.86742210300008], [85.0288543690001, 26.866228104000186], [85.02889251600016, 26.86602592500003], [85.02960205100015, 26.862596512000096], [85.03043365500008, 26.862319946000127], [85.03109741200018, 26.86209869400011], [85.03098297100001, 26.859188080000138], [85.03101348800016, 26.859014511000055], [85.0246353140002, 26.85625839200003], [85.02444458000019, 26.855432511000174], [85.02586364700011, 26.855100633000063], [85.04617309600019, 26.85071182300004], [85.05967712400019, 26.848926543999994], [85.06022643900008, 26.849405289000117], [85.05894470200013, 26.852308275000155], [85.05896759000012, 26.85239219600004], [85.05980682400008, 26.855636596000124], [85.06056976300005, 26.854745864000108], [85.06061554000019, 26.854814530000112], [85.06342315700005, 26.853786469000056], [85.06465148900008, 26.85526275600006], [85.06315612900016, 26.856134414000053], [85.06365966800018, 26.856878281000093], [85.06526947000015, 26.85799789400005], [85.06465148900008, 26.856134414000053], [85.06713867299999, 26.85625839200003], [85.06378173800016, 26.853523254000038], [85.06562042200005, 26.849315644000058], [85.068138122, 26.85071182300004], [85.06861877500006, 26.853614808000145], [85.06887817400013, 26.853693009000153], [85.0776062010001, 26.856311798000036], [85.07853698700006, 26.85659217800014], [85.07856750400015, 26.856754303000116], [85.07866668600019, 26.856687545000113], [85.07914733799998, 26.857336045000125], [85.07894134600019, 26.85762405400004], [85.0799179070001, 26.858383179000043], [85.08001708900014, 26.858514786000057], [85.08096313600015, 26.85782814100014], [85.0827941890002, 26.856496811000113], [85.0837860110002, 26.856878281000093], [85.08353424100017, 26.856065751000187], [85.08451080200007, 26.855840682999997], [85.08565521300017, 26.856382371000052], [85.08572387700013, 26.855558395000116], [85.08589935200018, 26.853523254000038], [85.0896835320001, 26.853332520000038], [85.0865478520002, 26.855148315000122], [85.08963012700002, 26.85650634900003], [85.08926391500012, 26.8574829100001], [85.08888244700017, 26.858493804999966], [85.09161377000015, 26.85971450900007], [85.09155273500016, 26.859830857000134], [85.0877685550002, 26.865081788000168], [85.08836364800015, 26.866140366000025], [85.08888244700017, 26.867069244000106], [85.08997345000012, 26.867069244000106], [85.09095764200003, 26.867637635000165], [85.090744019, 26.86806297300018], [85.0913696290001, 26.867876054000078], [85.09161377000015, 26.86801528900014], [85.09198761000016, 26.867948533000117], [85.09198761000016, 26.868560791000164], [85.09832000700015, 26.866815567000174], [85.09971855000015, 26.86847098600009], [85.10168479200013, 26.870798125000192], [85.11251831000015, 26.871416093000164], [85.11336517400002, 26.87216568000008], [85.12291717500017, 26.87131691000002], [85.12318420400015, 26.871315003000177], [85.126853944, 26.8702697760001], [85.13633728100012, 26.867595673000096], [85.14331817600015, 26.870798111], [85.15601348800004, 26.870315551000033], [85.16767120400004, 26.868322373000183], [85.17861175400003, 26.868934631000002], [85.18689727700018, 26.869508743000097], [85.19131469700011, 26.86981582700008], [85.19770812900009, 26.86659431400011], [85.19509124700011, 26.86330604500006], [85.195014953, 26.863214493000157], [85.19313049200014, 26.849714278000192], [85.19361877500012, 26.843814849000125], [85.19600677400013, 26.841718674000163], [85.19262695300017, 26.82954406800019], [85.18854522700013, 26.824451447000058], [85.18842315600006, 26.821212768000066], [85.1792297360002, 26.814888001000156], [85.17911529500003, 26.81191444400008], [85.17985534700017, 26.808038713000087], [85.18430328300013, 26.799451828000088], [85.1817169200001, 26.798097610000127], [85.18258667000015, 26.795488357000124], [85.19117736800018, 26.793792725000174], [85.19141387900015, 26.793714523999995], [85.19509887700002, 26.790796280000166], [85.19701385400015, 26.78491592400013], [85.195014953, 26.779333115000156], [85.19971466100003, 26.76931572100017], [85.20154571600011, 26.768888473000175], [85.20272064200014, 26.768615723000153], [85.20829773000008, 26.761051178000173], [85.21253967400008, 26.76168632600013], [85.21249389700012, 26.761108399000022], [85.21228790200018, 26.75870323100014], [85.21614837600004, 26.757923127000083], [85.23041534400011, 26.76131439300019], [85.23411560000005, 26.763216020000073], [85.24198150600017, 26.761592866000058], [85.25051879900019, 26.759830476000047], [85.25516509900007, 26.760940551000147], [85.2591171270002, 26.758914948000154], [85.25962829600013, 26.75603103600008], [85.25550842300004, 26.75647163400015], [85.2517929080002, 26.757440567000117], [85.24948120000005, 26.75752067600007], [85.24858856300017, 26.758029937000003], [85.24848938100013, 26.756692887000042], [85.25141906800019, 26.74887275800006], [85.24568176200012, 26.735710144000052], [85.25186157200017, 26.73265075800009], [85.25012207000015, 26.720800400000087], [85.2505722040001, 26.713939666000158], [85.25408172600004, 26.695989610000026], [85.2523727410001, 26.69145965500013], [85.24890136800002, 26.694601060000082], [85.24581909099999, 26.688190460000044], [85.23287963899998, 26.67999267500005], [85.23253631600011, 26.67555046200016], [85.23069763200004, 26.669069291000085], [85.23944854700011, 26.65958976700017], [85.24479675300017, 26.66960907100014], [85.24719238300014, 26.666812897000057], [85.25103759800004, 26.666368483999975], [85.25316619800014, 26.660007476000033], [85.2603378290001, 26.655830382999966], [85.25998687700002, 26.651350020999985], [85.26106262300004, 26.64908981400015], [85.26043701100014, 26.643629074000046], [85.25998687700002, 26.639480592000155], [85.26200103700006, 26.637268066000047], [85.26904296900005, 26.632761002000166], [85.26962280400016, 26.629980087000035], [85.26719665500008, 26.630252839000036], [85.26554107700002, 26.623180390000073], [85.26322174100017, 26.61837005700005], [85.26523590100004, 26.617080689000147], [85.26000213600014, 26.610631943000044], [85.25641632000008, 26.611360549000096], [85.25551605300012, 26.61073112500003], [85.25627899100004, 26.60202980000014], [85.2550659170002, 26.591510774000028], [85.25187683200005, 26.585790634000148], [85.2415618890002, 26.577890395999987], [85.2407989510001, 26.573589324000125], [85.23763275200008, 26.57149124100016], [85.23406219500015, 26.57308006300019], [85.22614288400013, 26.57057952800011], [85.22814178500005, 26.567390441000157], [85.23210144100011, 26.563381196000137], [85.23188018800016, 26.561759950000123], [85.22862243700018, 26.561040879000018], [85.22612762500017, 26.557390213000133], [85.22756958100013, 26.552431108000064], [85.22570037800011, 26.55136108500011], [85.22307586700009, 26.551887512000064], [85.21608734000017, 26.551509857000156], [85.21459198000008, 26.549751282000045], [85.21380615300012, 26.544910431000176], [85.21158599900014, 26.538900376000186], [85.21452331500018, 26.533220292000067], [85.21630859300006, 26.53325271600005], [85.2181930540001, 26.52407264699997], [85.21321106000005, 26.521312714000146], [85.21483612100008, 26.515460968000014], [85.21821594200009, 26.51089096100003], [85.2162780770002, 26.50532913300009], [85.21134948800017, 26.504739761000167], [85.20951843200004, 26.502809525000146], [85.19534301800007, 26.500488281000116], [85.17767334000018, 26.500160218000076], [85.17476654100011, 26.498920440000177], [85.17433166600011, 26.496389389000058], [85.17566680900018, 26.49512291000019], [85.17278289800004, 26.490140916000087], [85.1747360230001, 26.485731124999973], [85.18105316100014, 26.479450226000154], [85.17996978800016, 26.476350785000136], [85.18385315000012, 26.47451972900012], [85.18461608800015, 26.470819473000063], [85.19284057600015, 26.469181062000132], [85.1954269420001, 26.46029091000014], [85.20488739000018, 26.455749512000068], [85.20770263700018, 26.453010559000006], [85.207595825, 26.44943809400013], [85.20040893600003, 26.448989868000126], [85.20066070500013, 26.4479599], [85.20870971699998, 26.44044113200016], [85.2111282350001, 26.43470954900016], [85.20262909000002, 26.43531990000008], [85.2021331790001, 26.428350449000163], [85.2164077750001, 26.42589950600012], [85.21846771200012, 26.426910400999986], [85.21959686200012, 26.422340394000173], [85.22222137500012, 26.418109894000054], [85.22482299700005, 26.417100906000087], [85.22673797700003, 26.424470902000053], [85.23108673100018, 26.42422866800007], [85.23314666700009, 26.422189712000147], [85.23731231700015, 26.422708512000042], [85.23919677800018, 26.419759751000072], [85.23726654000018, 26.41563987800015], [85.23790741000005, 26.41159248300005], [85.24542236300005, 26.417100906000087], [85.24883270200002, 26.418558122000036], [85.25382232600003, 26.414649964000148], [85.25299835200008, 26.412290573000064], [85.25270080600018, 26.413219452000078], [85.24463653600014, 26.409919740000078], [85.24508666900016, 26.405530929000122], [85.24695587200017, 26.40279960600003], [85.25061798100006, 26.39994049200004], [85.25659179600007, 26.40154075700019], [85.25856781100003, 26.400770188000138], [85.2584228520002, 26.395069122000052], [85.26985168499999, 26.388879776000067], [85.26956176800007, 26.393100739000147], [85.27455139200009, 26.3974208840001], [85.2795333860002, 26.396890641000027], [85.27732849200004, 26.390300751000154], [85.27896881200002, 26.38948059200004], [85.2807312020002, 26.381910325000092], [85.28428649900013, 26.38002967900013], [85.28380584600006, 26.377901077000047], [85.28645324700017, 26.37232971300017], [85.2750396730001, 26.370450973000175], [85.27262878500011, 26.36759948700012], [85.27477264500004, 26.36521911699998], [85.287055968, 26.362710953000146], [85.28940582300004, 26.358659745000125], [85.27944183400012, 26.358598710000138], [85.27568817100013, 26.35593032800017], [85.27458953900015, 26.350820541000076]]]}}, {"type": "Feature", "properties": {"GID_3": "IND.5.27.2_1", "GID_0": "IND", "COUNTRY": "India", "GID_1": "IND.5_1", "NAME_1": "Bihar", "NL_NAME_1": "NA", "GID_2": "IND.5.27_1", "NAME_2": "Purba Champaran", "NL_NAME_2": "NA", "NAME_3": "Motihari", "VARNAME_3": "NA", "NL_NAME_3": "NA", "TYPE_3": "Taluk", "ENGTYPE_3": "Taluk", "CC_3": "NA", "HASC_3": "NA"}, "geometry": {"type": "Polygon", "coordinates": [[[84.8681488040001, 26.257009507000078], [84.86312103300003, 26.256799697000133], [84.85489654500009, 26.266599656000153], [84.8417129520002, 26.276039124000135], [84.8296890260001, 26.28310012899999], [84.82842254700006, 26.287269592000143], [84.82097625800003, 26.284048081000094], [84.80152130100015, 26.289182662000144], [84.80387878400012, 26.298400879000155], [84.8026123050002, 26.31958007900016], [84.80097198600009, 26.324949265000157], [84.79554748600015, 26.32186126800019], [84.79466247500005, 26.325210571000127], [84.78971862800017, 26.33177948100007], [84.76982116600016, 26.343271256000094], [84.75974273600008, 26.343458176000127], [84.75630951000005, 26.347940445000177], [84.74681854300019, 26.35398292600013], [84.74186706600005, 26.36493110700013], [84.73195648199999, 26.37281990100007], [84.72165679900019, 26.38496971100011], [84.71710968100018, 26.402099611000097], [84.71393585200008, 26.403978349000113], [84.70569610600006, 26.41661834600012], [84.70730590900013, 26.417970657000183], [84.70877075300018, 26.42185974199998], [84.7060928350001, 26.426889420000123], [84.70358276399998, 26.429460525000138], [84.69162750200007, 26.438062668000043], [84.68810272200011, 26.436462403000064], [84.65245056100014, 26.464790344000107], [84.64711761400002, 26.466880799000137], [84.6398391730001, 26.467550278000033], [84.62837982100018, 26.465118409000127], [84.62000274600007, 26.46041107100001], [84.61512756400015, 26.45438003600009], [84.60884094300019, 26.451988221000192], [84.60360717700019, 26.44849968000011], [84.58489990300012, 26.439310074000048], [84.5800628670001, 26.440980911000167], [84.58293151900011, 26.445880890000126], [84.58194732700002, 26.44779014700009], [84.58352661100014, 26.451959610000188], [84.57952117900004, 26.453010559000006], [84.57988739100011, 26.462299347000112], [84.56781005800013, 26.47130012600013], [84.57182312000003, 26.487449645000083], [84.56790924000018, 26.488599777000047], [84.55935668900014, 26.49520111099997], [84.5549774160001, 26.49645042500015], [84.5499267570001, 26.491872788000023], [84.54611969100006, 26.48427009600016], [84.53434753400006, 26.487871170000062], [84.53795623800005, 26.500770568999997], [84.5349960320001, 26.509241104000182], [84.50382232700014, 26.535539626000116], [84.50476837100007, 26.544830321999996], [84.50811004700017, 26.55788993900012], [84.50608062700007, 26.56727981600011], [84.50119781600011, 26.57245063800002], [84.48918151800012, 26.57254028300008], [84.47808837800011, 26.59634971600019], [84.48343658400012, 26.6048107150001], [84.49608612100002, 26.603910447000032], [84.5023727410001, 26.60073089600013], [84.51825714100005, 26.603290558000026], [84.5188827520002, 26.61087989900011], [84.51418304399999, 26.619319917000155], [84.51390075600011, 26.627941131000114], [84.54180145300018, 26.65838050800005], [84.55259704700006, 26.661581039999987], [84.56021118100017, 26.665958405000083], [84.56453704900014, 26.669702530000166], [84.58319091800018, 26.67090034400013], [84.58434295700005, 26.675189973000045], [84.59205627400007, 26.678421021000077], [84.5935897830002, 26.683691026000076], [84.59033203100012, 26.689420700000085], [84.59572601300005, 26.69543075600012], [84.60251617400007, 26.690460206000125], [84.60877227700018, 26.694520951000072], [84.6196060170002, 26.695121764000135], [84.6318206790001, 26.69370078999998], [84.63083648600013, 26.683780670000033], [84.63957977300015, 26.68131065400013], [84.64752197300004, 26.68182945400008], [84.6546783450001, 26.68931961000004], [84.66355133100006, 26.70195961000013], [84.67327880900007, 26.702568055000143], [84.68694305500014, 26.717319489000147], [84.68717956600011, 26.720949174000168], [84.69462585500008, 26.718320846000097], [84.69624328600008, 26.727540971000167], [84.69550323600009, 26.734159471000112], [84.69915771500007, 26.73875808700012], [84.71524810900019, 26.7448711400001], [84.716041566, 26.755020141000045], [84.71148681700004, 26.758630752999977], [84.71277618300013, 26.76499939100006], [84.71174621500018, 26.783050537000065], [84.71376800500013, 26.789791108000088], [84.71888732900004, 26.79811859100016], [84.72247314500004, 26.80196952800003], [84.72727966300005, 26.797721862000117], [84.73622131400009, 26.812580108000077], [84.73642730600011, 26.819469451000145], [84.7256317130001, 26.825769424000157], [84.71813964900014, 26.825531005000073], [84.71350097700002, 26.828750611000146], [84.71975708000014, 26.834989548000067], [84.72682189900019, 26.83667183000017], [84.72641754200004, 26.84431076000004], [84.72158050500008, 26.84679031400003], [84.71132660000018, 26.846940994000022], [84.70762634200008, 26.85330009400002], [84.70977020200019, 26.859199525000122], [84.68762206900004, 26.87935829200012], [84.68109893800005, 26.881521226000075], [84.67949676600017, 26.89147949300002], [84.67529296900005, 26.893091201000175], [84.67369079600013, 26.910680770000056], [84.6717758170002, 26.916851044000055], [84.67835235500007, 26.922748566000053], [84.68245697000015, 26.914760589000025], [84.68885803200004, 26.918527603000143], [84.6919174200001, 26.925899506000178], [84.68988037000008, 26.939420700000028], [84.69248199500015, 26.943170548000126], [84.69869995100004, 26.941141130000062], [84.70263671800006, 26.948150636000094], [84.70709228400011, 26.945730210000193], [84.70873260600013, 26.952770233000138], [84.71364593600003, 26.95501136700011], [84.72078704800009, 26.956569673000047], [84.72873687800006, 26.955190658000106], [84.73346710200013, 26.958641052000132], [84.73470306300015, 26.96344185000015], [84.74099731500013, 26.964500427000075], [84.74285125700004, 26.972291947000087], [84.73990631200019, 26.977449417000173], [84.73944854800015, 26.984001161000094], [84.75376892100007, 27.002540588999977], [84.75446319600007, 27.00469780000003], [84.75893402100007, 27.00265121500007], [84.76277923600014, 27.004907608000167], [84.76284790000017, 27.005039214000078], [84.76440429700006, 27.008741380000117], [84.76408386200012, 27.00970649800007], [84.76622009200008, 27.013114930000143], [84.77309417700019, 27.016635895000093], [84.77482605, 27.01753234900019], [84.78466033900008, 27.01396179200009], [84.78472900400016, 27.013702393000187], [84.78759002600009, 27.00832557800004], [84.78839111400009, 27.01073074300018], [84.78900909500015, 27.008617402000027], [84.79100036600016, 27.008617402000027], [84.79067230300012, 27.007852554000124], [84.79091644200014, 27.00781440700007], [84.79077899900005, 27.007421000000136], [84.79065510600003, 27.00705722200007], [84.78961944600013, 27.00401496900014], [84.78960418800011, 27.00393867500003], [84.7896548490001, 27.003808676000006], [84.79000854500009, 27.00290107700016], [84.78861325800017, 26.998610215000042], [84.78851318400007, 26.99830246100015], [84.79062668300008, 26.998550120000118], [84.7906269990001, 26.997610001000055], [84.7909160000001, 26.997514999000032], [84.7922598620001, 26.998679721000144], [84.79311379200004, 26.99942003000018], [84.79410549600004, 26.997804699000028], [84.79387677800014, 26.99770072000001], [84.79339599600013, 26.99748230000006], [84.79299069600017, 26.997298501000046], [84.79274018800004, 26.997184899000047], [84.79453937700015, 26.996210212000165], [84.79572296200013, 26.995569230000058], [84.79582977200005, 26.99580764900014], [84.79718194000003, 26.998937117000082], [84.79932403599997, 27.003894806000062], [84.79965010300009, 27.00378697200017], [84.80029296900017, 27.00357437100007], [84.80036163200003, 27.00355148400007], [84.80119323600013, 27.003273011000033], [84.80242913000006, 27.000415962000147], [84.80281829699999, 27.001173020000067], [84.80467224200004, 27.004764556000055], [84.80549621500006, 27.00514984200015], [84.80971527100013, 27.007514953000168], [84.8096923820001, 27.007797241000105], [84.8091430660001, 27.007995605000133], [84.80889129700012, 27.010232925000025], [84.80941772400007, 27.011016847000008], [84.80989074600012, 27.011724472000026], [84.81095886100013, 27.011121748999983], [84.81224060100016, 27.011209488000077], [84.81237030000011, 27.011425018000125], [84.81265258800005, 27.012605666000127], [84.81274414000018, 27.014581681000095], [84.80912017800017, 27.013715743000034], [84.8109130860002, 27.017799377000074], [84.81274414000018, 27.018062592000092], [84.81341552700019, 27.018115997000166], [84.81394195600012, 27.019275666000112], [84.81386566200007, 27.020299912000098], [84.81445312500006, 27.020233154000096], [84.8149871830002, 27.020174026000177], [84.81562042200011, 27.01791572500008], [84.81578064000007, 27.018041611000058], [84.81983184700016, 27.020423890000075], [84.82218933000007, 27.020425797000144], [84.82479858500005, 27.021043777000102], [84.83188629200004, 27.01930427500008], [84.83934021100009, 27.014457703000176], [84.84434509300013, 27.012537003000034], [84.84841918900008, 27.011016847000008], [84.84973144600019, 27.010513306000178], [84.85686493000014, 27.007995605000133], [84.8570327750001, 27.007724762000066], [84.85748291100003, 27.007001876000118], [84.85546875000006, 27.006172180000192], [84.85540008600009, 27.006143571000052], [84.8542175280001, 27.00221443200013], [84.85419464199998, 27.002101899000138], [84.85487365700016, 27.00153350800008], [84.854003906, 26.999172212000076], [84.85348510699998, 26.99884033100011], [84.85341644300019, 26.998516083000084], [84.85620117100018, 26.998516083000084], [84.85649109000013, 26.998516083000084], [84.85997009300013, 26.997432710000055], [84.859260559, 26.99654197600006], [84.85897827100013, 26.996189117000085], [84.85971832300004, 26.995450975000153], [84.86022186200006, 26.994947434000153], [84.85984802200005, 26.99233818100015], [84.85971832300004, 26.99233245900001], [84.85971832300004, 26.99180221600011], [84.85971832300004, 26.99131584100013], [84.85934448300003, 26.990535737000073], [84.85959625300006, 26.990348816000107], [84.85887145900017, 26.98954010000017], [84.85748291100003, 26.987987518000182], [84.85798645000006, 26.986495973000103], [84.85997772300004, 26.98795127900007], [84.86121368400006, 26.988857269000107], [84.86115264800014, 26.98829841700001], [84.86109161299999, 26.98773956300016], [84.86842346200012, 26.983514786000114], [84.86865997300004, 26.983987808000165], [84.86933135900017, 26.983596802000136], [84.87115478500004, 26.98376274200018], [84.87115478500004, 26.982717513000125], [84.87115478500004, 26.98251914900004], [84.87318420400004, 26.981809616000078], [84.87364196800007, 26.981649398000116], [84.89079284700006, 26.977176666000048], [84.89091491800014, 26.976314545000037], [84.89103698600013, 26.97543716500013], [84.89278411800007, 26.97441863900019], [84.89241027800006, 26.971086503000038], [84.89364624100011, 26.96959495600015], [84.89501953000013, 26.96934699900015], [84.89462280200019, 26.97080993700007], [84.89427185000005, 26.972080230000074], [84.89691925000011, 26.972616195000114], [84.89866638100017, 26.971630096000126], [84.90085601900012, 26.970464707000076], [84.91038513300003, 26.96818351700017], [84.9127883910001, 26.967607498000007], [84.91937255900007, 26.968725205000055], [84.92620849700012, 26.967357636000145], [84.93156433000013, 26.968500137000092], [84.94571685800014, 26.96361541800013], [84.95553588900015, 26.9594039910001], [84.95851898100005, 26.96064949100014], [84.9588775630001, 26.96080017100013], [84.96448516800018, 26.960275649000096], [84.96498107900004, 26.959445953], [84.96511840800014, 26.959415436000086], [84.96665191700009, 26.95825386200005], [84.9680862420002, 26.95803832900009], [84.96802520800014, 26.957216263000078], [84.97177887000004, 26.95186615000017], [84.97229960500005, 26.95115986100012], [84.98051446400018, 26.940017786000055], [84.97705841000004, 26.939277650000065], [84.97977404200003, 26.936787052000057], [84.97990417500006, 26.93652534600011], [84.98001861600005, 26.936414719000084], [84.98039245600006, 26.93554496800016], [84.97877502500006, 26.931816101000095], [84.97731018100018, 26.93174934500007], [84.97604370200014, 26.93169212400005], [84.97232055700016, 26.92871475300018], [84.9740524290001, 26.925851821000094], [84.97282409600018, 26.925296783000135], [84.9715728750001, 26.92473220800008], [84.97303009100011, 26.922979354000176], [84.9740524290001, 26.92174911600017], [84.9732055660001, 26.920965195000065], [84.9728851320001, 26.91705322300004], [84.97293853700018, 26.91677856600012], [84.97286224300007, 26.916759492000153], [84.96982574500015, 26.916032791000134], [84.98061370900012, 26.91481590400008], [84.9912948610002, 26.913360596000132], [84.99167633000019, 26.733489990000066], [84.99478149499998, 26.732559204000154], [84.99723053000002, 26.726430894000032], [84.99621582000009, 26.71935844500007], [84.99170684800009, 26.714881897000055], [84.99173736500018, 26.69429969800018], [84.99488830500013, 26.691089630000135], [85.00168609600013, 26.685560226000064], [84.99302673300014, 26.68182945400008], [84.993667603, 26.677740097000026], [85.002326966, 26.675092698000128], [85.00463104200003, 26.672239304000072], [85.00327301000016, 26.66794967600009], [85.00382232600009, 26.663000107000073], [85.01230621400003, 26.655391693000126], [85.01818847700014, 26.64759254500018], [85.01596069300018, 26.643550873000038], [85.02362060600007, 26.642131806000123], [85.03186798000019, 26.637790680000137], [85.03308868500017, 26.63462066700015], [85.02774047900016, 26.624942780000083], [85.02803802600016, 26.621881485000188], [85.03298950300012, 26.619770051000103], [85.03727722100018, 26.616210939000155], [85.03972625600005, 26.612159729000155], [85.0398406990002, 26.60741043100012], [85.03733825700004, 26.60310173000005], [85.03382110700005, 26.59913063100015], [85.03279876699997, 26.59596061700006], [85.03630828800004, 26.593860627000026], [85.04736328100017, 26.592050552000103], [85.04736328100017, 26.58933067400011], [85.04229736400015, 26.584848404000184], [85.04167175200007, 26.580232620000174], [85.03829956100003, 26.577409745000125], [85.03909301700014, 26.574340820000145], [85.0435562130001, 26.57450294500012], [85.04685974100005, 26.571830749000185], [85.04624176100009, 26.56183052099999], [85.04435730000006, 26.554981232000046], [85.0345230100001, 26.55136108500011], [85.0321197520002, 26.5485916130001], [85.02765655500014, 26.55014991800016], [85.01951599100016, 26.548280716000022], [85.01750183200005, 26.541809082000157], [85.01711273200004, 26.537952424000082], [85.01534271300005, 26.53425979600007], [85.01222992000015, 26.53190040600009], [85.00918579000017, 26.530731201000094], [84.99205017200006, 26.528890610000076], [84.99223327600009, 26.430891037000038], [84.99825286800007, 26.42729949900007], [85.00109100300017, 26.432970047000083], [85.00579071099997, 26.432359696000105], [85.01380157400013, 26.429670335000083], [85.01770782400007, 26.421318054000096], [85.01750946000016, 26.416200639000124], [85.01409912000008, 26.415990829000123], [85.012351991, 26.41370964000015], [85.01203918400017, 26.409009934000153], [85.01383209300008, 26.406240463000017], [85.01471710200002, 26.40216064400005], [85.01049041800007, 26.397369384000115], [85.01925659200015, 26.392879486000083], [85.02268982000015, 26.392219543000067], [85.03626251100007, 26.381059647000086], [85.03858184800004, 26.375511170000095], [85.0429763790001, 26.374490737000087], [85.04563140800013, 26.374702454000158], [85.04664611800007, 26.37882804800006], [85.04907226600005, 26.382650375000026], [85.05105590700015, 26.382581711000057], [85.0541305540001, 26.378290177000054], [85.06156921400009, 26.376310350000097], [85.06170654300013, 26.381151199000158], [85.06340789800015, 26.38285255400018], [85.07206726100014, 26.38194084100013], [85.07446289100011, 26.38285255400018], [85.07559967000009, 26.38542938200004], [85.07991027900016, 26.383769989000143], [85.0797271730001, 26.379970550999985], [85.07144928000008, 26.362260819000028], [85.05484008700012, 26.367990495000186], [85.05301666200012, 26.366292953000027], [85.04825592100013, 26.36818122900013], [85.04725646900005, 26.36635017300017], [85.04833221400014, 26.361169815000153], [85.04489898600008, 26.354997636000064], [85.04395294200015, 26.351118086999975], [85.04563903800005, 26.34852028000006], [85.03824615400015, 26.34353065600004], [85.03816986100014, 26.341840745000127], [85.03681945800002, 26.336669922000112], [85.02789306700015, 26.333192825000083], [85.02581024200003, 26.33168983400003], [85.02597045900006, 26.329679490000103], [85.01856994700006, 26.32048988400004], [85.01579284700017, 26.318960190000155], [85.01296997000009, 26.31922149700017], [85.00875854500003, 26.32423973000016], [85.00708770700004, 26.32805824400009], [85.00187683000007, 26.331630706000112], [84.99238586500019, 26.33352089000016], [84.98506164500009, 26.33324050900012], [84.97447967600004, 26.32471084700012], [84.96759796100002, 26.324401855000133], [84.94911193800004, 26.32654953100007], [84.91414642400014, 26.326259612000115], [84.90172576900017, 26.32069015600007], [84.89650726300005, 26.323190688000068], [84.89533996500006, 26.319179535000046], [84.8898315420002, 26.309310913000104], [84.88485717700013, 26.294300079000152], [84.87597656300005, 26.275730134000128], [84.8735961910001, 26.261880875000088], [84.8681488040001, 26.257009507000078]]]}}, {"type": "Feature", "properties": {"GID_3": "IND.5.28.1_1", "GID_0": "IND", "COUNTRY": "India", "GID_1": "IND.5_1", "NAME_1": "Bihar", "NL_NAME_1": "NA", "GID_2": "IND.5.28_1", "NAME_2": "Purnia", "NL_NAME_2": "NA", "NAME_3": "Purnia", "VARNAME_3": "NA", "NL_NAME_3": "NA", "TYPE_3": "Taluk", "ENGTYPE_3": "Taluk", "CC_3": "NA", "HASC_3": "NA"}, "geometry": {"type": "Polygon", "coordinates": [[[87.07479858300013, 25.960620881000068], [87.07672119100005, 25.962200165000183], [87.08426666200006, 25.96644973700006], [87.09648895200007, 25.969020844000113], [87.10134124700016, 25.967260362000104], [87.10359192000016, 25.96491050700007], [87.10838317900016, 25.95581817600015], [87.11091613800005, 25.959720611000023], [87.11416626000005, 25.95635032600012], [87.11691284200009, 25.955101013000046], [87.11814117400013, 25.950380326000186], [87.11994171100014, 25.952932358000112], [87.12432861400009, 25.955249787000128], [87.12742614700016, 25.95453262300009], [87.13127136200006, 25.952480317000152], [87.13358306800006, 25.94811058000016], [87.13597870000018, 25.94844246000008], [87.1374206550002, 25.950960160000022], [87.14066314700011, 25.950399399000105], [87.15402221800008, 25.945539474000043], [87.15741729700005, 25.942399979000072], [87.1700057990002, 25.942432403999987], [87.17119598300008, 25.944459916000085], [87.17755126999998, 25.946060181000064], [87.17899322500006, 25.95062065200017], [87.18302154500009, 25.94936943100015], [87.18978881900011, 25.950330733999976], [87.19130706800007, 25.95160102800014], [87.19357299900003, 25.95614051800004], [87.2072677610002, 25.958000183000138], [87.21005249100006, 25.957082748000175], [87.21289825400004, 25.95506858800013], [87.21488189700011, 25.952119828000036], [87.21708679300014, 25.942981720000148], [87.2235260000001, 25.943889617000025], [87.2229080210002, 25.947380066000107], [87.2233963010001, 25.95145034899997], [87.22654724100005, 25.95601082000013], [87.22654724100005, 25.960340500000086], [87.23515319700016, 25.961750031000065], [87.23512268100012, 25.964809417000083], [87.23861694400011, 25.96461105300017], [87.24562835800009, 25.96758270200013], [87.2521133420002, 25.972700119000137], [87.26106262100018, 25.984189988000026], [87.26854705700003, 25.98085021899999], [87.27227020200013, 25.981349945000147], [87.27472686700014, 25.977979660000074], [87.27397918700007, 25.964107513999977], [87.2786331170002, 25.959720611000023], [87.28291320800002, 25.959791184000096], [87.28922271800019, 25.96186065700016], [87.29512786800012, 25.965908051000042], [87.29843139700017, 25.968660355000054], [87.30253601000004, 25.97947120700013], [87.30840301500012, 25.97751045200016], [87.3246917730001, 25.979511261000084], [87.33979797300015, 25.97645950300017], [87.34249878000008, 25.977111816000047], [87.34279632599998, 25.97957992700009], [87.34496307300014, 25.980770110000037], [87.34851074200014, 25.978958130000024], [87.35119629000013, 25.976261139000087], [87.36508178800005, 25.97154045000019], [87.36818695100004, 25.9684295670001], [87.37213897600009, 25.9667282100001], [87.37346649100004, 25.962310790000004], [87.3776931760001, 25.962310790000004], [87.37883758499999, 25.958290099000124], [87.38218689000013, 25.95632171699998], [87.38154602000003, 25.954788208000025], [87.38511657700013, 25.954650879000155], [87.3868179320001, 25.955570222000063], [87.38154602000003, 25.957380294000075], [87.37961578400018, 25.959939957000074], [87.37921905500014, 25.962142945000096], [87.3812484730002, 25.9633903510001], [87.38948821900016, 25.960660935000192], [87.39279174900014, 25.961690903000147], [87.39277648800004, 25.966989517000172], [87.39585876500007, 25.974468232000163], [87.39747619600001, 25.976089478000176], [87.39994811899999, 25.981359483000062], [87.39985656800019, 25.982099533000167], [87.39662170400004, 25.982681275000175], [87.3952560420002, 25.98504829300009], [87.39679717900009, 25.986370087000182], [87.4045791640001, 25.986141203999978], [87.40505218599998, 25.990039825000053], [87.40791320800008, 25.98768234200014], [87.40878295800013, 25.9887409210001], [87.41322326600016, 25.987939834000144], [87.41866302400013, 25.990802765000126], [87.42357635400003, 25.987962722000077], [87.44036102300015, 25.98188972500003], [87.44467163000002, 25.982179641000073], [87.45527648900003, 25.987300874000027], [87.46067047200006, 25.986391068000046], [87.46613311800013, 25.983169555000075], [87.46936798000007, 25.979061127000136], [87.47444152800011, 25.9759712230001], [87.47780609000012, 25.974319458000082], [87.48227691700015, 25.973730088000025], [87.48842620800008, 25.98303985600006], [87.48858642500011, 25.985851288000163], [87.49067688100007, 25.984361649000107], [87.4962310790001, 25.98718071000002], [87.50839996399998, 25.97212028500013], [87.51085662900016, 25.970840455000086], [87.5108871450002, 25.973979950000057], [87.50778198200004, 25.97741127000012], [87.51917266900006, 25.976869583000166], [87.52144622800012, 25.979160310000054], [87.52075195300017, 25.98158836400006], [87.5220565790001, 25.982841492000034], [87.52440643400013, 25.981769562000125], [87.52551269600013, 25.979881286000023], [87.5288772580002, 25.97773170500011], [87.53050995000012, 25.98093032800017], [87.53301239000001, 25.98163986300017], [87.54396057000014, 25.981861114000083], [87.55399322500006, 25.985759736000034], [87.55288696300016, 25.993080139000085], [87.55464172300003, 26.000820160000046], [87.57041931200013, 26.009981156000038], [87.57689666800013, 26.012319566000087], [87.58769226200008, 26.01485061699998], [87.59358978300014, 26.017400742000063], [87.59503936800007, 26.022190093999995], [87.60830688500016, 26.02100944600005], [87.61183166500012, 26.02333259700015], [87.61564636200018, 26.023939133000056], [87.61872863900004, 26.026201249000167], [87.61866760300012, 26.028707504000124], [87.61692810000017, 26.03134155200013], [87.62130737200016, 26.042472839000027], [87.61995697100008, 26.046079636000115], [87.611907959, 26.051519395000128], [87.61171722500006, 26.055561065000063], [87.6090011600001, 26.057199479000076], [87.60945129400005, 26.059709549000104], [87.61276245200014, 26.06015968300005], [87.61424255400004, 26.061571121000156], [87.6162872320001, 26.066230775000008], [87.62171173100012, 26.067010879000122], [87.6210021980001, 26.072290421000105], [87.62359619200015, 26.072771073000126], [87.6241226190001, 26.075351715000124], [87.63051605100009, 26.074430466000024], [87.63080597000004, 26.076219558000048], [87.62201690800003, 26.08144950800005], [87.62264251700003, 26.084331513000052], [87.62657928400006, 26.085510253000052], [87.63202667200011, 26.085029603000066], [87.6368179320001, 26.08595085100012], [87.64200592000014, 26.08541107100018], [87.64267730600011, 26.08879089400017], [87.6455001830002, 26.088520049000067], [87.64853668300009, 26.087120056000117], [87.65167999300007, 26.084529877000136], [87.6604309080002, 26.082479476000003], [87.66475677500006, 26.083061218000182], [87.6662673940001, 26.090740203000053], [87.66577911400003, 26.09544944900017], [87.66980743500017, 26.09579086300016], [87.67581176800002, 26.101089478000063], [87.67276763900014, 26.10469818200005], [87.66871643100012, 26.10790062000018], [87.67096717400011, 26.11094297400018], [87.68490986600017, 26.11215355600018], [87.68524900000017, 26.112183001000005], [87.68769970800008, 26.11433960200003], [87.68985700100012, 26.116238000000067], [87.6940067500002, 26.116549777000046], [87.69496501200013, 26.116621865000127], [87.69573974500014, 26.11668014600008], [87.69993593100008, 26.125640866000026], [87.70318491200004, 26.12476297100011], [87.70383266800019, 26.12458794300005], [87.70475006200007, 26.12434005800003], [87.70638275100004, 26.121759414000053], [87.7102564270001, 26.1225073600001], [87.71209157000015, 26.122861698000122], [87.71261596600004, 26.122962951000034], [87.71562957700007, 26.12022972000011], [87.71577261200008, 26.118112807000045], [87.71590939000004, 26.116088483000055], [87.71604919400005, 26.114019394000024], [87.71960029600007, 26.114985733000083], [87.7205267870001, 26.115237853000167], [87.72380816200007, 26.116130796000107], [87.72664623400004, 26.112550973999987], [87.74803173700013, 26.11016102900004], [87.74936676000004, 26.112350464000087], [87.74825294900018, 26.115510933000053], [87.75018016700011, 26.11529695100012], [87.75092792300018, 26.115213927000184], [87.7614974990002, 26.11404037500006], [87.76527481200014, 26.112073279000185], [87.76618200100017, 26.11160100000012], [87.76591618300006, 26.10723575800006], [87.76590000000004, 26.10697000099998], [87.76675746300003, 26.10002397700009], [87.7669529580001, 26.09844034000008], [87.76881604500016, 26.099147465000044], [87.77043684900013, 26.099762633000182], [87.77114584200012, 26.10003180200016], [87.77748099900015, 26.100033001000156], [87.78065503600016, 26.102624362000086], [87.78224182100007, 26.103919983000083], [87.78321693000004, 26.1042964830001], [87.78557977900005, 26.105208806000007], [87.78636169400016, 26.105510713000058], [87.7910003660001, 26.10905075100004], [87.80482483700007, 26.10707179200017], [87.80663921500008, 26.106812066000145], [87.8068695070001, 26.106779100000097], [87.81170654400006, 26.107311250000066], [87.81738281300011, 26.110830307000185], [87.81872792400014, 26.1103438830001], [87.82053713000005, 26.10968963100015], [87.82565243900012, 26.107839815000034], [87.82096114600017, 26.10629086600005], [87.82608800000014, 26.101580000000183], [87.8291640000001, 26.101512000000014], [87.82953470400008, 26.101503795000156], [87.833366394, 26.101419449000105], [87.84345245399999, 26.10417938300003], [87.84651947000009, 26.102100373000155], [87.8481132230001, 26.102315045000125], [87.85009239600015, 26.102582014999996], [87.85015893700006, 26.10259099200016], [87.85022991600016, 26.10271513700019], [87.8506681510001, 26.10348163900005], [87.85627746500006, 26.113292694999984], [87.8594128790001, 26.11354062800018], [87.85774230900012, 26.10841941900003], [87.85491943400007, 26.104240418000188], [87.8546601600001, 26.101753547000044], [87.85446200000001, 26.099850001000107], [87.85446875500014, 26.099842197000157], [87.85971571100015, 26.093780557000116], [87.86020821200015, 26.09321165000017], [87.86025238100012, 26.093160629000124], [87.85558319000006, 26.088359834000187], [87.85483887700002, 26.087009670000043], [87.85341352600017, 26.084424118000186], [87.85331726100009, 26.08424947300017], [87.85341644300013, 26.080318452000085], [87.85550826100018, 26.08016640300002], [87.85710052400003, 26.080050666000147], [87.85861199300012, 26.07994080100019], [87.85854339600002, 26.078001024000002], [87.84252195500005, 26.066932876000124], [87.83949300100005, 26.058768999000108], [87.83943557999999, 26.0586778440001], [87.83772800000014, 26.05596700000018], [87.83752531200003, 26.055645249000122], [87.83664705500013, 26.054250754000122], [87.83859252900015, 26.048889160000044], [87.83721160900012, 26.045610427999975], [87.83704995800014, 26.041627867999978], [87.83694428700005, 26.039024492000067], [87.83672332900005, 26.033580780000136], [87.83549926500018, 26.02991967700018], [87.83500314300016, 26.028435807000164], [87.83461761500007, 26.027282715000126], [87.83241273100009, 26.021829631000116], [87.81710815500014, 26.001092910000068], [87.81755828800016, 25.989089965000176], [87.81741448400015, 25.981224972000177], [87.81740096500005, 25.980485569000052], [87.817359044, 25.978240459000062], [87.81730720399997, 25.978210525000065], [87.81445312500017, 25.976562500000057], [87.81321795100013, 25.973806122999974], [87.81230384700018, 25.971766235000132], [87.81207286000017, 25.97125077000004], [87.80467224200015, 25.972650527000155], [87.80459926200012, 25.971793943000137], [87.80452000000014, 25.970860000000016], [87.80870639500006, 25.968160119000004], [87.81127929700011, 25.96650123600017], [87.81174017600017, 25.96474642100003], [87.8119522660001, 25.963938882000093], [87.8122406010001, 25.96284103500011], [87.81179135600013, 25.96262821000016], [87.81093335600019, 25.962221741000008], [87.80860900900018, 25.961120607000055], [87.80687710500007, 25.95905111800016], [87.80685336200014, 25.959039654000094], [87.80662737800009, 25.95893054100003], [87.80509948700006, 25.958192825000083], [87.80710278500004, 25.952905936000093], [87.80898564100005, 25.947936904000187], [87.80922700000008, 25.94730000000004], [87.81271369800004, 25.945040989999995], [87.81568406100007, 25.943116536000105], [87.81606293400006, 25.942871069000148], [87.81631713100006, 25.94148612200007], [87.81728011600006, 25.936239469000157], [87.8178710300001, 25.933019991000037], [87.80696105900006, 25.929918290000046], [87.80573272700002, 25.928430558000002], [87.8035812380001, 25.920721054000012], [87.80745697000015, 25.918270111000027], [87.80747985800008, 25.915830612000036], [87.80355835000017, 25.913948059000177], [87.80375671400003, 25.912149430000113], [87.80780029300007, 25.90899085900014], [87.81066131500017, 25.91399955900016], [87.81186675900005, 25.913179398000068], [87.81646728500004, 25.912708283000086], [87.81726074200003, 25.90918922400016], [87.816802978, 25.90487098600005], [87.81365966800018, 25.899951935000104], [87.8145904540001, 25.898841858000026], [87.81891632200006, 25.897159577000025], [87.82026672299997, 25.893760681000174], [87.81796264700012, 25.888450622000164], [87.81552124000018, 25.88796043400015], [87.81550598200016, 25.885540008000078], [87.81706237800017, 25.88334083500007], [87.81828308200011, 25.881481170000143], [87.80803680400015, 25.880870819000165], [87.80206298700017, 25.881481170000143], [87.79563903800005, 25.875400543000183], [87.79598999000012, 25.872520447000056], [87.79785919200003, 25.870599747000142], [87.80943298300014, 25.867399215000034], [87.81037139900013, 25.861892700000112], [87.81484222400013, 25.855949401000146], [87.81001281700014, 25.845100403000117], [87.81047058100017, 25.84394073600015], [87.79972076500019, 25.842880249000075], [87.79342651300004, 25.844009399000072], [87.78898620700016, 25.842399596000178], [87.80976104799998, 25.829160691000027], [87.81529998700012, 25.81114006100006], [87.82081604100017, 25.797899246000043], [87.82234191999999, 25.786371231000032], [87.80349731400008, 25.77720069900016], [87.80062866200007, 25.776678086000175], [87.79792022800012, 25.76769828800019], [87.80111694300007, 25.767171861000065], [87.7981796270002, 25.76527977000012], [87.78782653800005, 25.763231279000024], [87.7832717890002, 25.760370255000055], [87.77812957800012, 25.758680343000037], [87.77725219700005, 25.757400512999993], [87.78531646700009, 25.74738121100006], [87.77411651500012, 25.743480683000087], [87.77271270700015, 25.748252869000055], [87.76962280200001, 25.752649308000116], [87.76719665600018, 25.753850937000152], [87.76309967100008, 25.753730774000076], [87.74871826200018, 25.75069046100009], [87.74031066900011, 25.759099960000015], [87.73738098100017, 25.76124954300019], [87.73264312700019, 25.762870789000033], [87.725547791, 25.763460160000022], [87.72117614700016, 25.760587693000105], [87.71402740400009, 25.7633495340001], [87.70612335200019, 25.76222992000004], [87.70500183100017, 25.756071091000138], [87.70336151200007, 25.754421234000176], [87.70347595200013, 25.75285911500015], [87.70105743400006, 25.752721787000155], [87.69725799600013, 25.755239487000097], [87.69407653700006, 25.75070762700011], [87.69790649400011, 25.747331619000192], [87.69653320200018, 25.744922638000105], [87.68604278600014, 25.747869492000007], [87.68134307800011, 25.745010375000163], [87.68065643300008, 25.73012924300008], [87.6774215690001, 25.723230362000095], [87.67933654900008, 25.71912956200009], [87.67584991500007, 25.71650123700016], [87.67704010100016, 25.708208084999967], [87.67814636300005, 25.70593070900003], [87.6789169320001, 25.698240280999983], [87.67690277200006, 25.69716835100013], [87.6679000850001, 25.700479508000114], [87.66530609100005, 25.69666099500006], [87.66284179600018, 25.6884212490001], [87.65850830000011, 25.684850693000044], [87.64848327599998, 25.68371009800012], [87.64414215200014, 25.68032073900008], [87.63613128700018, 25.68611908000014], [87.63580322400014, 25.689760209000042], [87.63301849300001, 25.691539765000186], [87.62351226800013, 25.68525123700016], [87.61151886100015, 25.680561065000063], [87.6052169800002, 25.680641174000186], [87.60018921000005, 25.68406105100007], [87.59755706700014, 25.683250428000065], [87.59535980100003, 25.686340333000032], [87.59205627400019, 25.687320709000176], [87.5891418450002, 25.687280655000052], [87.57801055800013, 25.68415069600013], [87.56920623800016, 25.685319901000184], [87.56803894100011, 25.68461036700006], [87.56813049300001, 25.68224906900008], [87.56520843600009, 25.68224906900008], [87.5649185170002, 25.68151283200018], [87.55626678400012, 25.68560981700017], [87.55374908400017, 25.685930252000105], [87.54975891200007, 25.68437004100008], [87.55570221000016, 25.682811737999998], [87.54942321800019, 25.68098068200004], [87.54910278400013, 25.679670333000047], [87.56595611600017, 25.67346954300001], [87.56980895900017, 25.670890809000184], [87.57086181600016, 25.661640168000133], [87.56974792599999, 25.657070159000114], [87.56775665300017, 25.65612030000011], [87.56505584600012, 25.659280778000152], [87.56005859400017, 25.65891265800002], [87.55570983800004, 25.659490585000185], [87.54783630400016, 25.66390037499997], [87.54846954400017, 25.667259217000094], [87.5448532100001, 25.66942024299999], [87.54041290400005, 25.66937065100018], [87.53694915700004, 25.66669082700014], [87.53421783400012, 25.666450501000156], [87.53225707900015, 25.66906166100017], [87.53450775200014, 25.674140929000146], [87.53282928400017, 25.679292678000024], [87.53556060900013, 25.68511009300005], [87.5313491820001, 25.685382843000014], [87.52770996100014, 25.681680680000056], [87.5248260510001, 25.681161881000037], [87.52581024200009, 25.678928376000044], [87.52571868800015, 25.67277908300008], [87.52321624800004, 25.671850204000066], [87.51782226500006, 25.67270088200013], [87.51638031000005, 25.674419402000183], [87.50596618700018, 25.676401138000188], [87.50055694600013, 25.678270340000154], [87.502380372, 25.670890809000184], [87.50142669700006, 25.668172836999986], [87.48649597200006, 25.66755294800015], [87.48388671800018, 25.6701908120001], [87.48338317899999, 25.673080445000153], [87.48107147300004, 25.671678544000088], [87.47711944600019, 25.681800843000133], [87.47126007100002, 25.681970596000042], [87.45024871900006, 25.679870605000133], [87.4292984000001, 25.68057060300015], [87.42549896200012, 25.676290512000094], [87.40899658100011, 25.674591065000072], [87.40770721500019, 25.678308487000038], [87.39655304000001, 25.677431106000142], [87.38656616200007, 25.682132721000073], [87.38298797700003, 25.680850983000084], [87.37635040300012, 25.6827697760001], [87.37335968100007, 25.680629731000067], [87.37004852300004, 25.68002128700016], [87.36045074400005, 25.685689926000123], [87.3554763800002, 25.686681747000023], [87.3516082770002, 25.686429978000092], [87.34690094100006, 25.68241119400011], [87.33769989000001, 25.6827697760001], [87.33333587600009, 25.681610107000154], [87.33143615700004, 25.68461990300017], [87.32791900700016, 25.686309814000083], [87.31838226200006, 25.68650054900013], [87.31083679100004, 25.689041138000107], [87.30842590300006, 25.693000793000124], [87.29859924300018, 25.69222068900001], [87.29763794000013, 25.696519853000098], [87.29447174199998, 25.699350358000117], [87.2889328, 25.701120376000176], [87.27350616400008, 25.701309205000086], [87.27047729500003, 25.70446968100009], [87.26921844600008, 25.710680009000043], [87.27126312200016, 25.713720321000096], [87.26857757600015, 25.714611053000056], [87.26628112800006, 25.714010240000164], [87.26328277500005, 25.714532852000048], [87.254898072, 25.71688270700008], [87.24875640900018, 25.70828819200011], [87.24574279800015, 25.708339692000152], [87.23985290500013, 25.703681946000017], [87.23705291800019, 25.698310852000077], [87.23719024700011, 25.696300507000103], [87.2405929570001, 25.688341142000127], [87.24762725900018, 25.678569794000055], [87.25181579600007, 25.674850465000077], [87.25554657000004, 25.668951033999974], [87.2519760130001, 25.66677093600009], [87.25721740600011, 25.652870178000114], [87.26550292900004, 25.64875984200006], [87.27202606200001, 25.64320755000017], [87.26770019500015, 25.641300203000185], [87.26159667900015, 25.640560151000045], [87.2560272230001, 25.63881111100011], [87.25055694600019, 25.635049820000063], [87.24616241500013, 25.625089646000163], [87.24614715500013, 25.620540619999986], [87.25166320800008, 25.62038993800013], [87.25108337400007, 25.6149997710001], [87.2492523200001, 25.610412598000096], [87.24794006400003, 25.59766960100012], [87.25270843500016, 25.596918105999976], [87.2537231450001, 25.591060639000034], [87.25746154800004, 25.588148117000117], [87.25469970800015, 25.578071594999983], [87.26062011800008, 25.570590972000048], [87.25710296600005, 25.567792893000046], [87.2647476190001, 25.565139771000077], [87.26175689600018, 25.557710648000125], [87.25650787300009, 25.55704116900006], [87.25377655000011, 25.55519104000018], [87.25112915100004, 25.549190522000004], [87.24539947500006, 25.548601151000184], [87.24162292500006, 25.546909332000098], [87.2402191170001, 25.54564094500006], [87.23877716000004, 25.539819718000047], [87.2290725700002, 25.53718948400001], [87.22274017300015, 25.536581041000034], [87.22030639600013, 25.534299851000128], [87.22297668400012, 25.53029060400013], [87.22306823800005, 25.523710250000136], [87.21942901600005, 25.519372940000096], [87.21707153300008, 25.50748062200006], [87.20952606100019, 25.506210328000066], [87.20289611800007, 25.506059648000075], [87.2023086550002, 25.50435066300014], [87.20394897500006, 25.50284958000003], [87.20391082800018, 25.500669480000113], [87.20854187000003, 25.49951934900008], [87.20633697500011, 25.483711243000016], [87.20755767900005, 25.48343276999998], [87.20802307100018, 25.48110961900005], [87.22270965600006, 25.473360061000164], [87.22557830800008, 25.469909669000117], [87.22725677500011, 25.461839676000068], [87.22872161800007, 25.46063041700006], [87.22529602000014, 25.45127105800009], [87.20967865099999, 25.45619964700012], [87.2068328850001, 25.45108032200011], [87.20324707000015, 25.44728088400018], [87.19608306900005, 25.445720673000153], [87.19046783400006, 25.448459626000158], [87.18612671000005, 25.444139481000036], [87.18415069500008, 25.443349839000064], [87.18522644000018, 25.440710068000044], [87.18328857400007, 25.439809799000102], [87.18084716800001, 25.44147109900007], [87.18131256200019, 25.44351005499999], [87.17771911600005, 25.447969436000108], [87.16613769600013, 25.44972991900005], [87.16040802000015, 25.446720123000034], [87.15809631400003, 25.44416046200007], [87.15463256900006, 25.437789917000146], [87.14997100800008, 25.43629837100019], [87.12650299100017, 25.436201097000094], [87.12281799300007, 25.43680954000007], [87.12045288000007, 25.43539047200011], [87.11824798600009, 25.43772125300012], [87.11142730700016, 25.435729980000133], [87.11115264900019, 25.43464088400009], [87.10459899900007, 25.4331703200001], [87.09541320900013, 25.438919067000086], [87.09554290800008, 25.442600250000112], [87.08775329500014, 25.44560051000002], [87.08393859900019, 25.44112014800004], [87.08088684100011, 25.447969436000108], [87.08336639400017, 25.45071029700017], [87.08207702700014, 25.45416069099997], [87.07881927400018, 25.455020904000037], [87.07981109600018, 25.473939896000047], [87.08386993300019, 25.47641944900016], [87.09105682500012, 25.479152680000084], [87.0949783330002, 25.48430061300013], [87.09763336100013, 25.48977852000013], [87.09551239100017, 25.50062942600016], [87.0963821420001, 25.504169464000142], [87.09601593000019, 25.514329911000175], [87.09549713100012, 25.51956939600018], [87.09410858100017, 25.52248001000015], [87.09082031200018, 25.52441024800015], [87.07869720600019, 25.52568054200009], [87.0746383660001, 25.520860672000083], [87.071662903, 25.51908111600011], [87.06838226299999, 25.519809723000094], [87.06201171900011, 25.526140214000122], [87.05945587200011, 25.52589988800014], [87.05487823499999, 25.523189546000026], [87.05185699500015, 25.525091171999975], [87.05014801000004, 25.527490617000183], [87.05171203600014, 25.53152275100001], [87.0497512820001, 25.533849716000077], [87.04920196600011, 25.537200927000185], [87.05722045900018, 25.56509971700018], [87.05480957100019, 25.576930999000126], [87.05536651500006, 25.579830170000093], [87.05142212000015, 25.584558487000095], [87.04091644300013, 25.593259811999985], [87.03849029400004, 25.598400115000118], [87.03911590600012, 25.607900620000066], [87.04087066600016, 25.614320756000154], [87.04120635900017, 25.62326049800015], [87.03436279300001, 25.629091263000078], [87.02984619200015, 25.63511085500005], [87.027740478, 25.64316177500001], [87.02327728400002, 25.650739670000064], [87.0249023450001, 25.658670427000175], [87.02379608100006, 25.66372108600018], [87.0250930790001, 25.666208267000172], [87.03466796800018, 25.66678237900004], [87.03823089700018, 25.670980454000073], [87.04054260300012, 25.675849914000082], [87.04464721700009, 25.68176078900018], [87.04573822100014, 25.687791824000158], [87.04151153600009, 25.69954109200006], [87.0351181040001, 25.709699631000092], [87.03462219300019, 25.713808060000133], [87.0300216670002, 25.714370727000073], [87.02580261200006, 25.713012696000078], [87.02142334000013, 25.71643829400017], [87.01711273200016, 25.720811844000025], [87.01287841900017, 25.729610443000126], [87.01268768300002, 25.734817505000024], [87.00907897900004, 25.73602294900013], [87.00702667200017, 25.73789024399997], [87.00380706900012, 25.744289399000024], [87.0069808950002, 25.75961112900012], [87.00686645500014, 25.761390685000094], [87.00800323500005, 25.779991149000068], [87.0131530770002, 25.7870006550001], [87.0147094720001, 25.791530610000166], [87.01439666800013, 25.79730033800007], [87.01706695500019, 25.800701142000094], [87.01348114000007, 25.809259416000145], [87.01361846900016, 25.813751221000075], [87.01560974200015, 25.816749572000106], [87.01819610600006, 25.81664276200013], [87.02231597900015, 25.813810348999993], [87.02546691900011, 25.812889099000188], [87.02749633900015, 25.814491273000044], [87.02812957800006, 25.816949844000135], [87.02736663800016, 25.821178437000185], [87.03260803100017, 25.82673072900002], [87.0326232920001, 25.831720353000037], [87.03439331000015, 25.835390090000033], [87.03398132300009, 25.84478950600004], [87.03269195500019, 25.849779129000126], [87.02942657500017, 25.854999541999973], [87.02445220900017, 25.86057281500007], [87.02442932100007, 25.862831116000166], [87.02223205500013, 25.86578941400012], [87.01918029700005, 25.86820983800004], [87.0250930790001, 25.870510101000036], [87.02758789100011, 25.87393951399997], [87.02835845900006, 25.877260207000006], [87.02678680300005, 25.88947105400007], [87.02377319400006, 25.896060943000066], [87.02162933400012, 25.89789962700013], [87.01706695500019, 25.893341066000175], [87.01386261000016, 25.892379761000143], [87.01317596500013, 25.896310807000134], [87.01143646200018, 25.89491271999998], [87.00554657000009, 25.901979446000098], [87.00295257600004, 25.90588188100014], [86.9988021850001, 25.912490845000036], [86.99666595399998, 25.918060304000164], [86.9927597040001, 25.922109604000184], [86.98591613800016, 25.934009552000134], [86.98385620100015, 25.94176292500015], [86.99279022300004, 25.94314956700009], [86.99636078000015, 25.943309785000054], [87.00238800000005, 25.94232940600017], [87.006126403, 25.944032668999967], [87.01136779800015, 25.945381164000082], [87.01364898700018, 25.94738960300009], [87.0199279790001, 25.949230195000155], [87.01931762600015, 25.951740265000183], [87.02202606300017, 25.95630836400005], [87.02395629800009, 25.958419800000115], [87.02707672200017, 25.959800719999976], [87.03173065200014, 25.95768928600006], [87.03215789800015, 25.952789307000103], [87.0344924920002, 25.953729629999998], [87.03813934300007, 25.953691484000046], [87.04113006500006, 25.95314979599999], [87.04496002200011, 25.951259612000115], [87.0478591910001, 25.951721191000047], [87.04959869500016, 25.953468323000152], [87.05146789500009, 25.95727920500019], [87.05103302000009, 25.961481094000135], [87.05177307200006, 25.963251114000002], [87.05291748000002, 25.965250015000095], [87.05473327599998, 25.966188432000024], [87.06608581500006, 25.96138000400009], [87.07479858300013, 25.960620881000068]]]}}, {"type": "Feature", "properties": {"GID_3": "IND.5.29.1_1", "GID_0": "IND", "COUNTRY": "India", "GID_1": "IND.5_1", "NAME_1": "Bihar", "NL_NAME_1": "NA", "GID_2": "IND.5.29_1", "NAME_2": "Rohtas", "NL_NAME_2": "NA", "NAME_3": "Sasaram", "VARNAME_3": "NA", "NL_NAME_3": "NA", "TYPE_3": "Taluk", "ENGTYPE_3": "Taluk", "CC_3": "NA", "HASC_3": "NA"}, "geometry": {"type": "Polygon", "coordinates": [[[84.45775604300013, 25.16241073700013], [84.45646667500017, 25.160140991000105], [84.45272064200014, 25.154661179000186], [84.44792938200015, 25.14229011500015], [84.44261169300012, 25.135040283000137], [84.44016265900012, 25.129592895000087], [84.43218994200015, 25.115039825000167], [84.42735290600012, 25.10025024500004], [84.41758728100007, 25.07961082500009], [84.40830230800003, 25.07274055500011], [84.37745666500001, 25.055940628000144], [84.36705017000008, 25.051490785000112], [84.36255645700015, 25.048561097000174], [84.35190582300015, 25.045629502000168], [84.3369369510001, 25.038900375000026], [84.31379699700005, 25.02384948700012], [84.30674743700013, 25.017288207000092], [84.30206298700017, 25.0031700130001], [84.25016784600007, 24.945600510000133], [84.23516082700013, 24.933372497000107], [84.16374206600005, 24.850919724000107], [84.1415328980001, 24.832101822000084], [84.12548828100012, 24.813800812000068], [84.09736633300014, 24.78913116600006], [84.08174896300005, 24.77133941700015], [84.05539703400012, 24.73294067500001], [84.02970123200015, 24.694509507000078], [83.99221038799999, 24.638032913000075], [83.97924041700003, 24.61512947200015], [83.97235107500006, 24.59662818999999], [83.96488189700005, 24.58764076200015], [83.9575805670001, 24.57632827900005], [83.94818115200013, 24.56651115400018], [83.93649291899999, 24.5559196480001], [83.93300628600008, 24.551742554000157], [83.92845916800007, 24.547910690000037], [83.92407226500012, 24.546209335000185], [83.91793060200007, 24.545789718000037], [83.90274810800014, 24.542440413999998], [83.87885284400011, 24.536500930000102], [83.86804199200003, 24.532880783000167], [83.8576889040001, 24.537559510000108], [83.84807586599999, 24.53631019600016], [83.84149170000006, 24.53450012200011], [83.82740020700004, 24.533149718000118], [83.81623077400019, 24.531259537000153], [83.80895233100006, 24.528949739000154], [83.79901123000008, 24.529880525000067], [83.79448700000017, 24.529449462000002], [83.7880325320001, 24.527170180999974], [83.78174591099997, 24.523580552000055], [83.74865722700014, 24.510530471000095], [83.73073577800011, 24.508790969000188], [83.71669006400003, 24.504949569000132], [83.70236969100011, 24.507339478999995], [83.6956787100001, 24.510610580000048], [83.68245696999998, 24.5155811300001], [83.67080688500016, 24.514770507000037], [83.66252899200015, 24.515680312000086], [83.64483642500005, 24.516180038000073], [83.60015869100016, 24.51324081500013], [83.59240722599998, 24.51489067000017], [83.57121276800018, 24.517009735000045], [83.54725647000004, 24.524030686000003], [83.54244232200017, 24.526180267000143], [83.53504181000017, 24.525579452999978], [83.5238418580002, 24.525920867000025], [83.50950622600016, 24.52754020800012], [83.49816894500009, 24.52705955500005], [83.4976196290001, 24.52897071800004], [83.4932022100001, 24.536079408000035], [83.49341583200004, 24.54207038900006], [83.50495910600011, 24.544389725000087], [83.51718139600013, 24.54916954099997], [83.52229309000012, 24.544469834000097], [83.52629089300007, 24.542900085000156], [83.54891967800017, 24.54465103200016], [83.5755767820001, 24.54359245300003], [83.60029602000009, 24.541740418000188], [83.62159729100017, 24.542499542000144], [83.63150787300003, 24.543430328000056], [83.63771820100015, 24.54519271800018], [83.65123748800005, 24.554452896000043], [83.65310669000019, 24.557090759999994], [83.65618896500001, 24.555570604000025], [83.6597061170001, 24.54887008700007], [83.66371154699999, 24.545280457000104], [83.67433166500012, 24.5421695710001], [83.68562316900005, 24.542110443000183], [83.68917083800005, 24.542320253000128], [83.69085693400012, 24.543170930000088], [83.69544219900013, 24.542690278000066], [83.70112609800015, 24.54329109100013], [83.70635986300005, 24.545690536000166], [83.71009063800005, 24.5526275630001], [83.71066284200015, 24.555799485000023], [83.7101898200001, 24.55845260600006], [83.71232605000012, 24.560169219999977], [83.72801971500019, 24.56283950900007], [83.7331619260001, 24.56603050199999], [83.73725128100017, 24.569879532000186], [83.74127197200005, 24.57792091400006], [83.73945617600009, 24.581390381000176], [83.73255920300005, 24.58962058999998], [83.7325210570001, 24.592489244000035], [83.7331008910001, 24.596469880000086], [83.73738861200007, 24.609582902000056], [83.7397766110002, 24.613029481000183], [83.74127960200013, 24.613359452000054], [83.74356079100016, 24.616109848000065], [83.74653625500014, 24.622030258000166], [83.74603271500001, 24.628890992000095], [83.74492645300018, 24.63265037600013], [83.7354278570001, 24.63908958500008], [83.73414611800018, 24.643140792000167], [83.73133850100015, 24.645111085000053], [83.7249679570001, 24.647800446000076], [83.72663116500001, 24.65262985200019], [83.72425079400017, 24.655580520000058], [83.72263336100019, 24.65611076300013], [83.72434234600013, 24.658929825000143], [83.72603607200011, 24.660181046000048], [83.72608184700005, 24.66686058100015], [83.73348236100009, 24.674371721000114], [83.73842620800013, 24.68523979200006], [83.75300598100006, 24.710960388000103], [83.75460815399998, 24.708129883000083], [83.75505066000005, 24.705129624000108], [83.7580261240002, 24.70365905800014], [83.75894165000011, 24.70615005500008], [83.75698089500014, 24.712781905999975], [83.75417327900016, 24.71608924800006], [83.75350952200006, 24.718280793000133], [83.75463104200014, 24.720872880000115], [83.75736999600008, 24.721651077000104], [83.76049041700009, 24.721349717000066], [83.759597778, 24.723829271000056], [83.75756073000008, 24.725521088000107], [83.75782776000011, 24.728790282999967], [83.76529693700002, 24.737051010000016], [83.76722717300004, 24.738300324000193], [83.77484893700006, 24.739641189000054], [83.77456665100016, 24.74574279800015], [83.77220153800016, 24.750722886000062], [83.77025604200009, 24.75839996300016], [83.77079773000014, 24.76163292000018], [83.7778015130001, 24.76041984599999], [83.77439117400013, 24.76793098500019], [83.77054595800013, 24.783060074000105], [83.76805877700014, 24.786012650000146], [83.76725769100011, 24.78895950300017], [83.76891326900011, 24.792011261000084], [83.76905822800012, 24.795280457000047], [83.7649917600001, 24.79870987000004], [83.75589752200011, 24.79986000100007], [83.7524108880001, 24.801839829000073], [83.7497787480001, 24.804439545000093], [83.74613189700005, 24.803829194000116], [83.7395477300002, 24.80410957300012], [83.73184204200015, 24.806741714000054], [83.72431945700009, 24.80788040200008], [83.72270202600009, 24.809852600000056], [83.72074127200005, 24.817520141000045], [83.72200775100015, 24.820690155000136], [83.72183990600018, 24.82431030200007], [83.72017669800005, 24.827379228000154], [83.71154785100009, 24.833650589000115], [83.71163940500003, 24.83716011100006], [83.71710967900003, 24.840419769000107], [83.71784210100009, 24.84595108100018], [83.72091674799998, 24.84760093800014], [83.72171020500019, 24.85086822600016], [83.72854614300002, 24.85309028600011], [83.73211670000012, 24.858482361000142], [83.73494720500014, 24.859840394000173], [83.73654937800006, 24.86382293800017], [83.73999023400006, 24.863969803000145], [83.74286651600016, 24.869541169000172], [83.7466659540001, 24.866979599000103], [83.7499160770002, 24.867019653000057], [83.74938201900005, 24.87059021000016], [83.75475311299999, 24.874021531000153], [83.74868011400014, 24.877981187000046], [83.74774932800005, 24.8806896210001], [83.74851989800004, 24.884479524000085], [83.75012969900007, 24.88667106600002], [83.75244903500015, 24.88821029600001], [83.75448608300013, 24.891309739000064], [83.75332641600016, 24.898349761000077], [83.75656128000014, 24.899829865000186], [83.75737762400018, 24.902700424999978], [83.75672149600007, 24.90685272200011], [83.75779724100016, 24.909830094000085], [83.75739288400018, 24.913761138999973], [83.75876617400013, 24.915649413999972], [83.765701294, 24.917449951000037], [83.76908111500018, 24.925460816000168], [83.77377319400017, 24.929109573000176], [83.77136993400006, 24.931310653000025], [83.77790069500014, 24.93663025000012], [83.78057098300013, 24.940771104000078], [83.78513336200007, 24.93942070100013], [83.7861709600001, 24.94202041700015], [83.79064941500019, 24.94401168800016], [83.78887176500018, 24.949211122000122], [83.78988647500012, 24.951290132000167], [83.79560089200015, 24.952869416000112], [83.79814147900015, 24.954301833000045], [83.79602050700015, 24.957149506000007], [83.79170226999997, 24.95994949300018], [83.79325103700018, 24.962251663000018], [83.80126190200014, 24.959640503000173], [83.80399322500006, 24.961492538000186], [83.8033065790001, 24.96589851400006], [83.80004882800012, 24.972061158000145], [83.80055236900012, 24.97976112400005], [83.80467987000014, 24.985811234000096], [83.81307983400006, 24.990600586000028], [83.81166076700015, 24.992401123000093], [83.80309295600011, 24.98958015400018], [83.79957580600006, 24.98892021300003], [83.79711914100011, 24.98979759200006], [83.79727172800006, 24.99211120700005], [83.79885101200011, 24.993490219000137], [83.80198669400005, 24.994161606000148], [83.80005645800003, 25.001991273000044], [83.79608917300015, 25.006200790000094], [83.79290771600006, 25.007619859000044], [83.79203033500005, 25.009029388000044], [83.79225921600005, 25.011800767000068], [83.79561615000017, 25.018800736000117], [83.79786682100013, 25.021518708000087], [83.7984771720001, 25.023559571000135], [83.80078125000017, 25.02594185000015], [83.80120086700015, 25.024940491000166], [83.80829620400004, 25.03154182500009], [83.81046295099998, 25.034280778000152], [83.81543731699998, 25.038019181000152], [83.81585693400018, 25.03930091900014], [83.81362152200012, 25.04146957500018], [83.8186569200002, 25.058429718000014], [83.81611633300002, 25.07953834600005], [83.81063842700013, 25.093250274000184], [83.80422210600011, 25.102209091000077], [83.80146789500003, 25.109960557000193], [83.8010330190001, 25.11524963500011], [83.80652618400012, 25.12436103900012], [83.81062316900011, 25.134412766000025], [83.81169891400003, 25.140541077000023], [83.81212615900012, 25.14686012400017], [83.80828857400013, 25.147199632000024], [83.807922362, 25.153770447], [83.81748199500004, 25.153591157000108], [83.81809234600018, 25.163431168000102], [83.81450653100006, 25.165040971000167], [83.81404876700003, 25.17510986300016], [83.80050659200015, 25.179239273000007], [83.80738830500013, 25.184240341000134], [83.80864715600012, 25.201349259000153], [83.80616760200013, 25.206119538000053], [83.80059051600017, 25.210060120000094], [83.80058288600009, 25.215410233], [83.80667877200017, 25.21543121400009], [83.80758666900005, 25.21874046400012], [83.80972290100004, 25.217901230000166], [83.80999755900001, 25.22088813800019], [83.81714630200008, 25.22001266400008], [83.82099914500009, 25.23347091700009], [83.82697296200013, 25.24502944900007], [83.84385681100008, 25.24529266400009], [83.84844207800012, 25.24806976399998], [83.85633850100004, 25.24659919700008], [83.85833740200013, 25.253610611000056], [83.87380981500019, 25.253749848000155], [83.87856292700019, 25.254739761000053], [83.87915802000015, 25.259290695000175], [83.87674713200016, 25.26132965000005], [83.87654113800016, 25.264570237000044], [83.87970733600008, 25.26586914000012], [83.89034271200006, 25.263830185000074], [83.89218139600013, 25.264930726000102], [83.891937256, 25.26731109600007], [83.88958740200013, 25.27201080300017], [83.88936615099999, 25.281190873000185], [83.88825225900001, 25.283710479000092], [83.88916015600012, 25.28693962], [83.88867950400015, 25.291170120999993], [83.89160919100016, 25.29487037700011], [83.89819336000005, 25.295339584000146], [83.90223693900003, 25.29759025700008], [83.91941833400006, 25.294889450000028], [83.93283844000007, 25.288780212000063], [83.93630218500005, 25.290359497999987], [83.93739318900009, 25.287380218000067], [83.9410171510001, 25.287250520000157], [83.94345092800012, 25.2862205510001], [83.94660186800002, 25.287179947000084], [83.94944000300012, 25.28686904900013], [83.95374298000007, 25.28407096800015], [83.95839691100014, 25.282930375000035], [83.9628601070001, 25.280122758000175], [83.96872711200012, 25.27503967300015], [83.97012329, 25.272239686000034], [83.98163604700005, 25.26583099400017], [83.98461151200013, 25.26579093900017], [83.98797607400013, 25.266920090000042], [83.99179077100018, 25.26927185000011], [83.9942932130001, 25.26774025000003], [83.99887847999997, 25.26733970700002], [84.00549316500008, 25.26354026900009], [84.00821685800014, 25.263429641000187], [84.01004028300008, 25.26395034799998], [84.01110076800018, 25.26789283800008], [84.01407623200015, 25.269849777000047], [84.02764892600015, 25.268699646000186], [84.03056335500014, 25.276790620000156], [84.0329589850001, 25.286630631000094], [84.03961944700018, 25.289600372000052], [84.04131317100018, 25.298049926000033], [84.05017089900014, 25.298580171000083], [84.05185699500004, 25.308889389000115], [84.04985046400003, 25.310859681000068], [84.04953765900012, 25.31405067500009], [84.04570770200007, 25.31801986700009], [84.04548644900012, 25.32172966000013], [84.03624725400016, 25.33143043500013], [84.03032684400006, 25.332281113000192], [84.0294723510001, 25.336780548000036], [84.02709961000016, 25.34015274100011], [84.02847290000011, 25.34301948600006], [84.0372619640001, 25.343219757000043], [84.0438766490002, 25.34794044600011], [84.04595184300013, 25.35794067500018], [84.03866577200006, 25.360189438000134], [84.03938293500016, 25.36975097600009], [84.03793335000006, 25.37561035300007], [84.05230712900016, 25.373939514000085], [84.05391693200005, 25.374660493000135], [84.05710601900017, 25.372350693000158], [84.06836700400015, 25.370622634000085], [84.07264709500015, 25.36675262500006], [84.08332824700017, 25.364990235000107], [84.08960723900015, 25.359899521000045], [84.09176635800014, 25.36048126200012], [84.09243774400011, 25.368129730000078], [84.09555816599999, 25.367782593000015], [84.09564209000001, 25.363100052000107], [84.10272216900006, 25.362010956000063], [84.1082687380001, 25.35915947000001], [84.11244201700015, 25.360950471000137], [84.11461639400005, 25.363540650000175], [84.11959075900012, 25.363729476000117], [84.12255859300018, 25.368240357000047], [84.12880706800019, 25.369621277000135], [84.13186645500008, 25.37264061100018], [84.14129638600008, 25.37187194800009], [84.14805603100007, 25.369590760000165], [84.15627288800005, 25.36820030300015], [84.16039276100014, 25.371032716000116], [84.1749267570001, 25.370668411000054], [84.17639160100015, 25.36926078800002], [84.19201660100009, 25.36820983900003], [84.20546722300014, 25.366230011000027], [84.20894622900005, 25.36170959400016], [84.21039581200017, 25.354801178000002], [84.2136611950001, 25.34790992700016], [84.22248840300017, 25.34654045100018], [84.22751617400007, 25.356662750000055], [84.24208068900015, 25.354570389000003], [84.24691772500017, 25.354698181000117], [84.24790191700004, 25.356491089000144], [84.26042938200015, 25.35403251700012], [84.26296997000003, 25.35863113500011], [84.26734924300013, 25.360998153000025], [84.27072906400008, 25.35490989800013], [84.27567291300011, 25.35353088300019], [84.27619934000006, 25.348119737000104], [84.27271270700015, 25.342540741000164], [84.275596619, 25.33660125700004], [84.27433776800007, 25.33036995000009], [84.2846298230001, 25.325548172000083], [84.29572296200001, 25.326419830000077], [84.2967071540001, 25.328279495000004], [84.30113983100017, 25.327791214000058], [84.30252838100012, 25.323839187000146], [84.31395721500019, 25.32230758700007], [84.31421661400003, 25.316400528000088], [84.31936645500008, 25.315530777000163], [84.320236206, 25.302530288000185], [84.32279968200004, 25.300359727000114], [84.32836151200013, 25.29899978600008], [84.3290863040001, 25.295440674000133], [84.32589721700009, 25.292900085000156], [84.31833648700012, 25.292181016000086], [84.31755065800007, 25.289730071000065], [84.32025909500004, 25.28600120599998], [84.32769012500012, 25.28451919700001], [84.32823181100014, 25.28310966600003], [84.3207397450002, 25.27833938700013], [84.31645202600009, 25.273321152000165], [84.31701660099998, 25.270401000000106], [84.32242584200003, 25.26465988100017], [84.32389068500015, 25.254169465000132], [84.32096862800006, 25.244449616000168], [84.32044219900013, 25.240150453000126], [84.32652282800007, 25.237888337000186], [84.32283020000006, 25.23209190500006], [84.32242584200003, 25.22505951000005], [84.31652069000012, 25.22367286800005], [84.31314849900008, 25.216632843000127], [84.32530975400005, 25.20795059200003], [84.32663726900006, 25.203138351000177], [84.33347320600012, 25.200311661000057], [84.33757781900005, 25.202730179000184], [84.34114837600015, 25.20166969200011], [84.34381103599998, 25.20323944100005], [84.35076141400009, 25.19926071200007], [84.35183715699998, 25.196599960000185], [84.35012054400016, 25.193229676000044], [84.36032104500009, 25.19374084500015], [84.36609649800005, 25.192939758000023], [84.36797332800006, 25.19584083600006], [84.37278747600016, 25.194700241000135], [84.37542724500014, 25.19691085900007], [84.37889099200015, 25.194971085000134], [84.37947082500006, 25.19194030800014], [84.39070129300006, 25.188739776000148], [84.39652252100012, 25.185752868999998], [84.39943695000017, 25.18829155000003], [84.39805603000013, 25.191209794000088], [84.39997100800008, 25.194450379000045], [84.41940307600015, 25.188470841000026], [84.4461822510001, 25.168569566000144], [84.45775604300013, 25.16241073700013]]]}}, {"type": "Feature", "properties": {"GID_3": "IND.5.30.1_1", "GID_0": "IND", "COUNTRY": "India", "GID_1": "IND.5_1", "NAME_1": "Bihar", "NL_NAME_1": "NA", "GID_2": "IND.5.30_1", "NAME_2": "Saharsa", "NL_NAME_2": "NA", "NAME_3": "Saharsa", "VARNAME_3": "NA", "NL_NAME_3": "NA", "TYPE_3": "Taluk", "ENGTYPE_3": "Taluk", "CC_3": "NA", "HASC_3": "NA"}, "geometry": {"type": "Polygon", "coordinates": [[[86.30371856600004, 25.867349624999974], [86.3111724850001, 25.870679856000095], [86.31495666500007, 25.87276077400014], [86.31359100300006, 25.882619857999998], [86.31961059600008, 25.885360717000026], [86.32525634800004, 25.89205932600015], [86.3273010260001, 25.896379471000103], [86.32849121100008, 25.90317916900017], [86.33986663700017, 25.90522003200016], [86.33811187700013, 25.907739640000102], [86.33790588300013, 25.910379409000143], [86.3421630850001, 25.914510728000096], [86.34455108700018, 25.922269820999986], [86.34789276100008, 25.924760818000152], [86.35235595700004, 25.92537116900013], [86.35192871000015, 25.928430558000002], [86.35456085300007, 25.929870605000076], [86.355300903, 25.934299470000155], [86.35766601600005, 25.937780381000096], [86.36115264900013, 25.938558579000187], [86.36721038800016, 25.93452072100007], [86.37287139900002, 25.93278121900005], [86.37182617200017, 25.926990510000053], [86.37503051700014, 25.924289704000046], [86.39363098200005, 25.926759719000074], [86.39663696300016, 25.927669525000056], [86.39964294300017, 25.931312560000094], [86.39636993500011, 25.931011201000103], [86.39364624000007, 25.932100296999977], [86.39299011200012, 25.933919907000075], [86.3936004630001, 25.93682861400015], [86.38910675000017, 25.938161851000075], [86.38590240400009, 25.93994140700005], [86.38484954799998, 25.937721253000007], [86.3820266730001, 25.93919181900003], [86.38065338100017, 25.943490983000117], [86.38130950900012, 25.94474983200007], [86.37954711900011, 25.945909501000187], [86.37948608400012, 25.94738960300009], [86.38170623800016, 25.94989967400005], [86.37885284400016, 25.951000213000043], [86.37420654400012, 25.950870514000087], [86.37267303500016, 25.95253944500007], [86.37309265200014, 25.95375061100009], [86.37613677900003, 25.955480575000024], [86.37890624900001, 25.955970765000075], [86.37821960400015, 25.96035957400005], [86.3753967290001, 25.96334075900006], [86.37133789000006, 25.95967102100019], [86.3701400760001, 25.960510253000166], [86.37136840800014, 25.963100434000182], [86.36968994200015, 25.964380265000102], [86.3717727670001, 25.96718025300015], [86.37438964800015, 25.968629836000105], [86.37650299100011, 25.96878051800013], [86.38005066000011, 25.972490310000126], [86.37840271000005, 25.97590065000003], [86.37436676100015, 25.97895050000011], [86.37367248600015, 25.980520248000175], [86.37549591200019, 25.982019424000043], [86.37403869600007, 25.983970643000077], [86.37211608800015, 25.986959458], [86.37297058100006, 25.987140656000122], [86.3771896360002, 25.98551941000005], [86.3757629390002, 25.988470078000148], [86.37191009600019, 25.992219924000096], [86.37207794200003, 25.993391037000094], [86.3766174320001, 25.99660110500008], [86.37753296000017, 26.008251190000124], [86.37317657500006, 26.00978088400018], [86.37124633800016, 26.008230209000033], [86.36998748800005, 26.009519577000162], [86.36933898800004, 26.013578415000097], [86.36807250900017, 26.015769958000135], [86.36547088700019, 26.01769065800005], [86.3646087640002, 26.020950318000132], [86.36885070800014, 26.024780273000033], [86.36514282200017, 26.02509117200009], [86.36492919900013, 26.028049468000063], [86.3694458010001, 26.030929566000168], [86.36982727100008, 26.03228950400006], [86.36627960200008, 26.033832549000067], [86.36585998500004, 26.03689956800008], [86.36978912400019, 26.039449692000062], [86.37097931000005, 26.04138946600017], [86.36988830600006, 26.044809341000075], [86.39234161400015, 26.04535102900013], [86.39369201700003, 26.047540663999996], [86.39421844400016, 26.05089950600012], [86.4005813600001, 26.057249069000136], [86.40468597400007, 26.0598506930001], [86.41237640500003, 26.059331894000024], [86.4153671270002, 26.062221527000133], [86.41652679400016, 26.066698074000044], [86.4213180540001, 26.076089859000092], [86.423110963, 26.073789596999973], [86.42504882900016, 26.075180054000043], [86.42990875200019, 26.078588486000115], [86.43765258700006, 26.07406997700008], [86.44303131100014, 26.07777977100011], [86.44645690900006, 26.079069139000183], [86.45011138800004, 26.078001024000002], [86.45215606699998, 26.074529649000112], [86.45276641800012, 26.06340980500005], [86.45520019400004, 26.05931091300016], [86.47070312500017, 26.055240632000107], [86.47849273600013, 26.04905128500002], [86.48124694700005, 26.055250167999986], [86.48465728700012, 26.06055069100006], [86.48898315500008, 26.063560487000075], [86.4981460570001, 26.064889907000122], [86.50018310500008, 26.057462692000115], [86.49777984700017, 26.05118942300004], [86.4941101070001, 26.04532051000018], [86.48398590100015, 26.038322449000134], [86.48137664799998, 26.035081863000073], [86.48269653300008, 26.0276508340001], [86.4894866940001, 26.020139695000125], [86.49960327200012, 26.01367187500017], [86.50176239100017, 26.01066017100004], [86.5028991690001, 26.00345039300015], [86.50630950900018, 26.002090454000154], [86.50927734300006, 25.998857498000177], [86.51653289800004, 26.00564956600016], [86.52072143500015, 26.013708116000032], [86.53412628200005, 26.018030166000074], [86.53742981000016, 26.02922058100006], [86.54103088400001, 26.033769608000114], [86.54493713400012, 26.03539085500006], [86.5552368170001, 26.032831192000117], [86.56022644100011, 26.03067970400008], [86.56915283199999, 26.029529572000115], [86.59606933500015, 26.02239036600008], [86.60241699300008, 26.024560929000188], [86.60700988800005, 26.028110504000153], [86.61149597100007, 26.029859543000157], [86.61730194000006, 26.030500413000084], [86.62766265800019, 26.028949738000108], [86.6251068110002, 26.020191192000027], [86.62349701000016, 26.017061233000106], [86.61937713700007, 26.013042450000057], [86.6125259390002, 26.012710572000117], [86.60852813700018, 26.01115989700014], [86.60526275600012, 26.00796127400008], [86.60367584200009, 25.99698066700006], [86.60254669100016, 25.99234962500003], [86.60151672300003, 25.990030289000174], [86.6047821040001, 25.98233985900015], [86.60383605900012, 25.975030899000103], [86.6079864510001, 25.970729827000184], [86.61141967700013, 25.96845817600007], [86.61884308000003, 25.966840745000127], [86.62406158400012, 25.967140199000028], [86.62612915100004, 25.966409682000062], [86.62462616100004, 25.9621925350001], [86.61711883599997, 25.95635032600012], [86.61386871400003, 25.952970505000167], [86.6107330320001, 25.947250367000095], [86.61116027800011, 25.944032668999967], [86.61369323800005, 25.943580628000177], [86.61709594800004, 25.944740297000067], [86.61976623600003, 25.944139481000093], [86.62232971100013, 25.942380905999983], [86.62635040200018, 25.936740875000112], [86.62770080500007, 25.930219651000186], [86.62901306100014, 25.928159715000106], [86.63510131900006, 25.92836952200014], [86.63658142100013, 25.92617034900013], [86.64109039200008, 25.92311096300017], [86.64317321700003, 25.923049928000182], [86.65748596300017, 25.9304580700001], [86.66455078200005, 25.92995071400003], [86.666542053, 25.934841156000005], [86.66838836700003, 25.93625068700004], [86.67463684200004, 25.937530519000063], [86.68327331600017, 25.93707084700003], [86.6852111820001, 25.935300827000106], [86.67819213800004, 25.9250202180001], [86.67871856800008, 25.91888046300005], [86.68177032400013, 25.916610719000005], [86.68074035600017, 25.907188415000064], [86.68151855400009, 25.90205001900017], [86.69526672400002, 25.905458451000072], [86.69772338899998, 25.89575004600016], [86.69756317100007, 25.88981056299997], [86.70359039300013, 25.870180130000165], [86.70600891200013, 25.86703109800004], [86.71156311000016, 25.866582872000038], [86.71605682300009, 25.86800003100018], [86.71985626300005, 25.867839813000046], [86.72229004000008, 25.86677932800012], [86.72408294600007, 25.86277961800016], [86.72947692900004, 25.860490799000047], [86.74360656600004, 25.85800933800016], [86.75080108600008, 25.86301994300004], [86.76280975300006, 25.86252021900009], [86.7708129880001, 25.860769272000084], [86.78157043500016, 25.86236190900013], [86.7856292730001, 25.863939286000175], [86.79651641800018, 25.87197113000019], [86.80304717900009, 25.875320434000002], [86.81476593100018, 25.869970321000096], [86.81842804000019, 25.869251252000026], [86.82421875100016, 25.869720459000064], [86.83436584400016, 25.872230529000092], [86.83554077200017, 25.870950699000048], [86.83332061800019, 25.869180679000124], [86.83361816400009, 25.867620468000098], [86.83927154600013, 25.864469527999972], [86.8382568360002, 25.861070634000157], [86.84104919500004, 25.84933090300018], [86.84587860100015, 25.851430894000146], [86.84442901599999, 25.844989777000023], [86.84667968800005, 25.842090607000102], [86.8470764170001, 25.83706092900013], [86.85665893600009, 25.825799943000106], [86.86036682200012, 25.82501983700007], [86.86132049500009, 25.82201957600006], [86.86374664300007, 25.818489076000162], [86.84680175700015, 25.814239502000078], [86.85031890900018, 25.797782898000037], [86.85357665900005, 25.794811249000077], [86.85415649400016, 25.790189742000052], [86.85246276900011, 25.78490829500015], [86.848487853, 25.78096962000012], [86.84648895200007, 25.776201249000053], [86.84522247300004, 25.771669387000088], [86.8525466910001, 25.767940522000174], [86.85183715800014, 25.762491227000055], [86.84436798000013, 25.74950027500006], [86.85050964300012, 25.748199462000173], [86.85357665900005, 25.746280670000033], [86.85283660900012, 25.74290084900008], [86.85170745900012, 25.74176025500003], [86.84794616800008, 25.74133110000014], [86.84144592300004, 25.745399476000102], [86.83925628600014, 25.742759705000083], [86.83793640100009, 25.738460540999995], [86.83963012600015, 25.735811234000096], [86.84320831300016, 25.73320007400008], [86.85806274400011, 25.731319428000063], [86.86329651000005, 25.72962951700015], [86.86834716900006, 25.721660614000086], [86.86981964100005, 25.716590881000116], [86.86505890000001, 25.711629868000045], [86.86373138500005, 25.707099914000025], [86.85183715800014, 25.695810317000053], [86.85182190000012, 25.689609527000187], [86.85469055200014, 25.684989930000143], [86.85711670000012, 25.67613983300015], [86.85247802800001, 25.674789429000157], [86.8437728880001, 25.679210664000152], [86.83580779900018, 25.67823028600003], [86.82955932600015, 25.676151276000155], [86.82895660300011, 25.669940950000182], [86.82817077600004, 25.66714286900003], [86.82656860400016, 25.665029524999966], [86.82263183700013, 25.665002823000066], [86.81815338200005, 25.666980744000057], [86.81590270900006, 25.665901183000187], [86.80915832500017, 25.65750122200012], [86.80367279100017, 25.656679154000187], [86.8002395630001, 25.657510757000125], [86.79876709100017, 25.657100678000063], [86.79778289700005, 25.65252113400004], [86.80016326900005, 25.64922904900004], [86.80568695000011, 25.645162584000104], [86.80341339100016, 25.640649795], [86.80127716099997, 25.63831138500018], [86.79588317800017, 25.631509781000148], [86.79033660800008, 25.62982177700013], [86.78230285700016, 25.625970840000093], [86.77319336000005, 25.623271943000134], [86.75894165000005, 25.624450683000134], [86.75904846200018, 25.629850389000183], [86.76140594500009, 25.63166809100011], [86.75628662000008, 25.63905906800011], [86.75625610400004, 25.641870499000106], [86.75305938700012, 25.63924980200011], [86.7498931880001, 25.638870239000028], [86.74658966100003, 25.63940811200007], [86.7422332770002, 25.64092064000016], [86.73684692400013, 25.644178390000036], [86.73607635600013, 25.647571564000145], [86.73732757700003, 25.651571274000105], [86.72982788100018, 25.657262803000037], [86.72725677500006, 25.661401750000095], [86.72487640399999, 25.66250991900006], [86.71511840900007, 25.664302826000153], [86.71572113000013, 25.66130066000011], [86.7137832640002, 25.657350540000095], [86.70687866300005, 25.654012681000097], [86.70321655300012, 25.651042939000035], [86.70304870600017, 25.64472007800009], [86.70852661200007, 25.642620087000182], [86.709396363, 25.641349793000018], [86.70675659200003, 25.63780975400016], [86.70495605500014, 25.636730194000165], [86.7021408080002, 25.644100189000028], [86.69885253900014, 25.64669990600015], [86.69663238500016, 25.647279740000158], [86.68457794200009, 25.64327049300016], [86.68193054100016, 25.641849518000072], [86.68025970500014, 25.639680862000034], [86.68091583300003, 25.637609482000073], [86.67827606200001, 25.63223075800005], [86.67920684800015, 25.6305999760001], [86.67713165400005, 25.627290726000012], [86.67391967800017, 25.62925910900009], [86.67077636800019, 25.626180649000105], [86.66927337600015, 25.620899202000032], [86.66691589300007, 25.62127113400004], [86.66236877400013, 25.62376976100012], [86.66026306100008, 25.62843132000006], [86.66040802000009, 25.631412507000107], [86.65738678100013, 25.632459641000025], [86.65751648000014, 25.637861252000164], [86.65524292000009, 25.640169145000073], [86.64498901299999, 25.641260148000185], [86.64092254700017, 25.636110307000138], [86.63421630800013, 25.630918504000192], [86.62935638500011, 25.630428314000085], [86.61963653500004, 25.627668381000092], [86.61226654100005, 25.626960754000095], [86.60849762000004, 25.625892639000085], [86.60479736400015, 25.62268829300018], [86.60022735500013, 25.62150955300018], [86.59099578800004, 25.620990754000104], [86.5858688350001, 25.61445808500008], [86.58808136100004, 25.612779617000115], [86.58500671400009, 25.60946083100015], [86.59115600500007, 25.598989488000143], [86.59172821000004, 25.597200394000083], [86.59012603700012, 25.595960618000163], [86.58539581300005, 25.59959983900012], [86.57781982500006, 25.602672578000067], [86.57161712700008, 25.603969574000075], [86.56965637200011, 25.603969574000075], [86.56371307400002, 25.600959778000117], [86.56173706100009, 25.60160064700011], [86.55831909100004, 25.60799980200011], [86.55435943600008, 25.61169052100007], [86.5520858770002, 25.612390518000154], [86.54367065500003, 25.60709190500006], [86.54147338900015, 25.61009025500016], [86.5388183600001, 25.611932754000122], [86.53646850500013, 25.611259459999985], [86.53523254400005, 25.608900070000175], [86.53273773200004, 25.60634040900004], [86.52265930300007, 25.608221055000058], [86.51873016400015, 25.60823059100011], [86.51103210500014, 25.611940384000036], [86.50518035900018, 25.61128807100016], [86.50366973800016, 25.613821030000054], [86.5026321420001, 25.618999481000117], [86.50137329000006, 25.62066078300012], [86.49967193600014, 25.621250153000176], [86.48863983100011, 25.62054824800009], [86.48773193400007, 25.624980926000035], [86.48027801400008, 25.63041114800012], [86.48047637900004, 25.631910325000092], [86.4788970950001, 25.634321213000078], [86.47827148500005, 25.639261245000057], [86.47750091600011, 25.639898300000084], [86.47361755400016, 25.63779068100007], [86.47296142600004, 25.64306831300013], [86.47091674800015, 25.64935112000012], [86.47828674300007, 25.656789779000178], [86.47689819300007, 25.658109665000154], [86.46969604600008, 25.654239654000094], [86.46849060000017, 25.656030655000052], [86.4734878540001, 25.66003036500007], [86.47154235800008, 25.66192817700005], [86.47059631300004, 25.663650513000107], [86.47112274300008, 25.66451263500005], [86.46985626300011, 25.66549110400007], [86.46431732100007, 25.6647682200001], [86.4657287600001, 25.666601180999976], [86.46192169200003, 25.67263984700014], [86.46276855400009, 25.67649078400018], [86.46172332700007, 25.67752075300001], [86.45941162100007, 25.677721024000164], [86.45482635400003, 25.676460266000106], [86.45391082800012, 25.678020478000064], [86.45526886000005, 25.682550431000152], [86.44888305600017, 25.683670043000063], [86.45552825900012, 25.689451217000055], [86.45726776100014, 25.693050385000106], [86.45803070200014, 25.698400498000012], [86.4561386110002, 25.70185089000006], [86.45497131300004, 25.697080612000093], [86.45284271100013, 25.694570542000065], [86.4494705210002, 25.695159912000122], [86.44696044800008, 25.69736099199997], [86.44386291500018, 25.697929382000154], [86.44444275000012, 25.69218826299999], [86.43229675300012, 25.69839096100003], [86.43084716800018, 25.70012092700017], [86.43274688700006, 25.70200920000019], [86.43258667000003, 25.703960419000055], [86.4279861440001, 25.707889558000034], [86.4262924200001, 25.71099090600012], [86.42465972800017, 25.71174049400014], [86.42106628500011, 25.706872940000096], [86.41890716600011, 25.70923042300018], [86.42105102600004, 25.718019485000184], [86.4198913570001, 25.718999864000182], [86.41700744700006, 25.71792030300014], [86.41443634100011, 25.719539642000086], [86.41809082000003, 25.72365951500018], [86.41867828300008, 25.725900650000085], [86.41705322200016, 25.72866058400018], [86.41413879499999, 25.72930145400005], [86.4121017450002, 25.72788047800009], [86.40994262599997, 25.728559494000137], [86.40202331500012, 25.730899811000086], [86.3984222410001, 25.73511123600008], [86.40634155200013, 25.754499435000128], [86.40769195500019, 25.76511001700004], [86.40592956500006, 25.765630722000026], [86.40429687400007, 25.767940522000174], [86.4027709950002, 25.767721177000055], [86.40170288000019, 25.769090653000035], [86.40429687400007, 25.770980835000103], [86.40496826300011, 25.772569657000133], [86.40458679200003, 25.77499961799998], [86.39881134000001, 25.773420334000093], [86.39721679700017, 25.77434158400007], [86.39659118700013, 25.775659561000168], [86.3966827390002, 25.777271272000007], [86.4000930790001, 25.781681061000143], [86.40040588400018, 25.783649446000027], [86.40175628700007, 25.784610748000148], [86.4063186640002, 25.78406906099997], [86.40793609700017, 25.784509659000037], [86.40788269000006, 25.78687095700019], [86.40526580900018, 25.786880494000172], [86.40434265100004, 25.788259507000134], [86.40492248600015, 25.791601181000033], [86.40718078600008, 25.794290542000113], [86.40735626200006, 25.79543113800014], [86.40750122100008, 25.796230315000116], [86.40733337400013, 25.796760560000166], [86.40273284800014, 25.795270920000007], [86.40146636900005, 25.802820206000092], [86.39479064900019, 25.803230286000087], [86.39346313400017, 25.804048539000007], [86.39628601100009, 25.808521271000075], [86.39644622800012, 25.810359954999967], [86.39440918000014, 25.812370301000044], [86.38685607900004, 25.81320953300002], [86.3759231570001, 25.812730789000057], [86.37243652300009, 25.814519882000184], [86.3715667730001, 25.815671921000046], [86.37209320000005, 25.817220689000123], [86.37596893400007, 25.818639755000106], [86.37771606400003, 25.820409776000076], [86.37504577600009, 25.82238006600005], [86.37725067100018, 25.82777023300008], [86.37715148900014, 25.830350876000182], [86.37297821099997, 25.83405113200007], [86.37136840800014, 25.831350326000063], [86.36831665000005, 25.831539155000144], [86.36472320500013, 25.835569381000028], [86.36418914700005, 25.84016990700019], [86.36334991500001, 25.83965110800017], [86.36190033000008, 25.84006118900004], [86.36151885900006, 25.84115028500014], [86.36199188200004, 25.8432216650001], [86.36685180700005, 25.848140718000025], [86.36415100000016, 25.850971223000045], [86.36096954400017, 25.850919723000004], [86.35926055900006, 25.85172081000013], [86.35814666700009, 25.855241776000128], [86.35427856500019, 25.856790543000102], [86.34591674800009, 25.855802537000102], [86.338317872, 25.85914993300014], [86.3398818980001, 25.861682891999976], [86.337669372, 25.862382890000163], [86.33331298800016, 25.86054039100003], [86.3259429920002, 25.859760285000164], [86.32380676200017, 25.85799980200005], [86.32322692800017, 25.855871199999967], [86.32050323500016, 25.855649947000074], [86.3137283320001, 25.857570649000024], [86.31047058200005, 25.85867118900012], [86.3103866580002, 25.862688064000054], [86.30371856600004, 25.867349624999974]]]}}, {"type": "Feature", "properties": {"GID_3": "IND.5.31.1_1", "GID_0": "IND", "COUNTRY": "India", "GID_1": "IND.5_1", "NAME_1": "Bihar", "NL_NAME_1": "NA", "GID_2": "IND.5.31_1", "NAME_2": "Samastipur", "NL_NAME_2": "NA", "NAME_3": "Dalsing Sarai", "VARNAME_3": "NA", "NL_NAME_3": "NA", "TYPE_3": "Taluk", "ENGTYPE_3": "Taluk", "CC_3": "NA", "HASC_3": "NA"}, "geometry": {"type": "Polygon", "coordinates": [[[85.86894989000012, 25.666749955000057], [85.86406707700013, 25.666162491000136], [85.86444091900017, 25.661848068000097], [85.86221313500005, 25.661542894000092], [85.86241912900005, 25.648571014000026], [85.85484313900008, 25.645280839000065], [85.8509521490002, 25.646430969000164], [85.84941101000015, 25.643081666000057], [85.84781646800019, 25.642370225000093], [85.84379577700014, 25.64582061700014], [85.83508300800014, 25.645652772000176], [85.83300781300017, 25.642929077000133], [85.835037231, 25.639730454000073], [85.83268737800017, 25.637660980000078], [85.8308181760001, 25.633150101000183], [85.82962799000018, 25.627090454000154], [85.82260131800018, 25.623199462000116], [85.82032775900012, 25.618360520000124], [85.82299804700006, 25.61578941500011], [85.83756256200013, 25.608682632000125], [85.84023285000012, 25.605249406000098], [85.84075927700007, 25.59415054300007], [85.84185028100012, 25.59052276600005], [85.83899688700006, 25.58702087400019], [85.83583068800004, 25.576789857000165], [85.81249237000009, 25.57945060700007], [85.80641174300013, 25.57864952200015], [85.80172729500015, 25.57942009100003], [85.79467010500014, 25.582361221000042], [85.76792907700019, 25.58876037600004], [85.76515960699999, 25.58737945600018], [85.76423645099999, 25.5838928230001], [85.7641830440001, 25.578609467000092], [85.76088714700018, 25.57435989400011], [85.75576782200017, 25.56957054200018], [85.75105285600011, 25.567640304000122], [85.74674224900008, 25.56370162900015], [85.73983001700014, 25.561519622000162], [85.738166809, 25.55927085900015], [85.73800659199998, 25.549039842000184], [85.73706054700017, 25.542230606000032], [85.73166656500007, 25.5414505010001], [85.73059082000015, 25.53911972000003], [85.72836303700012, 25.527240753000115], [85.72255706800013, 25.522230148000062], [85.71589660600006, 25.52620124900011], [85.71202087400002, 25.52620124900011], [85.7083892820001, 25.517021179000096], [85.70700836200007, 25.50934982200016], [85.70465850900007, 25.506288529000074], [85.69351959200009, 25.498050690000127], [85.67510223400018, 25.479700088000072], [85.67292022700019, 25.479450225999983], [85.67321777400002, 25.484220505000053], [85.67082977400014, 25.497579575000145], [85.65233612000014, 25.49360084600005], [85.6488265980002, 25.494060516000047], [85.64643096900016, 25.497829437000064], [85.64907074000013, 25.500152589000095], [85.64878845100014, 25.503578187000187], [85.64539337200017, 25.506309510000108], [85.64232635600007, 25.511880876000134], [85.64507293700007, 25.518379213000003], [85.64241027800011, 25.522438050000005], [85.64240264900008, 25.52817916900017], [85.63958740300001, 25.534320832000162], [85.64022064200009, 25.54280090400016], [85.63899994000019, 25.54754257200011], [85.6349411000001, 25.54800987400006], [85.62152099600007, 25.54622078000017], [85.61651611400004, 25.552810669000166], [85.62095642200012, 25.557260513000074], [85.62065887500006, 25.560770034000143], [85.61152649000002, 25.561510086000055], [85.60621643100006, 25.56291008000011], [85.60439300600012, 25.567480088000025], [85.60672760000017, 25.571510315000182], [85.62254333400011, 25.572740555000166], [85.62284088100017, 25.5801391600001], [85.62439727800006, 25.58752060000012], [85.6302719110002, 25.592010498000036], [85.63067627000015, 25.596719741000186], [85.62539672800017, 25.601060867], [85.62193298300019, 25.60634040900004], [85.62323760900011, 25.612239838000107], [85.61997985900001, 25.61803054800015], [85.61548614600008, 25.621089936000146], [85.61480712900016, 25.63655090300017], [85.6171188350001, 25.64203071700007], [85.61972045900006, 25.64537048400007], [85.63051605200008, 25.64726066700007], [85.63375854500003, 25.65368080100012], [85.6400909410001, 25.653932572000087], [85.64524841300016, 25.649419786000124], [85.64826202400019, 25.650398254000038], [85.64863586400003, 25.66296958800018], [85.65052032500012, 25.663339615000154], [85.65558624200014, 25.674280166000017], [85.65644073500005, 25.680181503000085], [85.64232635600007, 25.686439515000075], [85.64356231600004, 25.690282823000075], [85.64760589600007, 25.693710326000087], [85.64805603000002, 25.70259094200003], [85.64060974100005, 25.70485115100007], [85.63848114100017, 25.719120027000088], [85.6392211910001, 25.724571228000002], [85.64859008700006, 25.73429107800007], [85.67581939799999, 25.739330292000147], [85.68183136000005, 25.747089385000038], [85.66927337599998, 25.744720459000177], [85.66320037900016, 25.75258064200011], [85.65489196700014, 25.75829124500018], [85.64993286200007, 25.764350891000106], [85.65148925800008, 25.77000999400019], [85.67578887900004, 25.791980744000114], [85.68524933000009, 25.802789688000075], [85.68572235200014, 25.807252884000036], [85.67529296800012, 25.81255149800006], [85.67030334500004, 25.823610306000035], [85.66319274900002, 25.82901000900017], [85.66221618600014, 25.83332824600012], [85.66528320400005, 25.83839988599999], [85.67056274400011, 25.839950561000137], [85.67859649600013, 25.839540482000075], [85.68918609700012, 25.835630417000118], [85.7009887700001, 25.833408355000074], [85.71288299500003, 25.829809189000002], [85.71977996800007, 25.82744979800009], [85.72344207700007, 25.823369980000052], [85.72603607100012, 25.817470551000156], [85.7295684820001, 25.81706047100016], [85.73159789900006, 25.820301056000176], [85.73631286500012, 25.833009721000167], [85.73914337200011, 25.832452775000093], [85.74691772500006, 25.843460083000082], [85.75084686300005, 25.85285949700011], [85.76637268100018, 25.85172081000013], [85.79303741500019, 25.851140976000124], [85.8108901970001, 25.849319458000025], [85.83293914800004, 25.85437011700003], [85.856071472, 25.849918366000054], [85.86560058600008, 25.84596824600004], [85.8695068360002, 25.840951921000055], [85.87396240300018, 25.82926940900012], [85.87689209000018, 25.825300217000176], [85.89920806800012, 25.810342789000174], [85.90119934100011, 25.805410385000073], [85.89852905400005, 25.798910141000135], [85.9066696180002, 25.791389466000055], [85.9120025630001, 25.779119491000074], [85.90196991000016, 25.774850846000106], [85.90257263100006, 25.765760422000085], [85.90207672000014, 25.75502014200015], [85.8990020760001, 25.746810914000037], [85.88993835400015, 25.742782593000072], [85.87925720300001, 25.742759705000083], [85.8723373420001, 25.747659684000098], [85.85746002200017, 25.755580903000123], [85.85233306900005, 25.751300812000068], [85.84928131100014, 25.744302750000145], [85.84654998799999, 25.734619141000167], [85.85186004700017, 25.725509644000056], [85.85861206099997, 25.718130113000086], [85.86495208800011, 25.69075012200011], [85.86704254100016, 25.68431091300016], [85.87325286900005, 25.679410934000032], [85.86894989000012, 25.666749955000057]]]}}, {"type": "Feature", "properties": {"GID_3": "IND.5.31.2_1", "GID_0": "IND", "COUNTRY": "India", "GID_1": "IND.5_1", "NAME_1": "Bihar", "NL_NAME_1": "NA", "GID_2": "IND.5.31_1", "NAME_2": "Samastipur", "NL_NAME_2": "NA", "NAME_3": "Rusera", "VARNAME_3": "NA", "NL_NAME_3": "NA", "TYPE_3": "Taluk", "ENGTYPE_3": "Taluk", "CC_3": "NA", "HASC_3": "NA"}, "geometry": {"type": "Polygon", "coordinates": [[[86.28575134400006, 25.64003944400008], [86.28620910600011, 25.638900757999977], [86.2820968630001, 25.63635063100014], [86.27410125800014, 25.62939071700015], [86.27334594799999, 25.632429122000076], [86.26287841700014, 25.63661956800007], [86.25389862100002, 25.635290146000045], [86.25305175700015, 25.639999389000025], [86.2530288700001, 25.647689820000153], [86.24672699000007, 25.646808624000073], [86.2436370850001, 25.65003967300015], [86.23938751200012, 25.65280914200008], [86.23333740300018, 25.65433120800003], [86.2279968250001, 25.654481888000078], [86.2216262820001, 25.65588951100011], [86.20123291100003, 25.658121109000035], [86.19461059600019, 25.65964126700004], [86.18667602600004, 25.663021088000164], [86.18341064400005, 25.66808128300005], [86.181022644, 25.678518295000117], [86.17742157000015, 25.68914985700013], [86.17765808100006, 25.69721984800003], [86.17517852800017, 25.704740525000147], [86.17484283400012, 25.71241951000019], [86.16927337600009, 25.715772630000174], [86.16770172200006, 25.71891975500006], [86.16120910600006, 25.720039368000073], [86.16039276200019, 25.71524047800017], [86.15116119400017, 25.71434974600004], [86.14362335200019, 25.71026992700007], [86.14134216200006, 25.711250306000068], [86.1410064690001, 25.719152451000127], [86.1420822140002, 25.727630616000056], [86.14546203500015, 25.729217530000085], [86.15260315000012, 25.73003959600004], [86.15313720700016, 25.73444938800003], [86.15084076000011, 25.740880967000066], [86.14675140300011, 25.741119385000104], [86.14517211900016, 25.7434196480001], [86.14520263800011, 25.746810914000037], [86.14380645700015, 25.748121261000165], [86.14720153900004, 25.751140595000038], [86.14837646400014, 25.753831864000063], [86.14771270800014, 25.76019287100013], [86.14332580500013, 25.761640548999992], [86.14492035000018, 25.763931274000072], [86.14422607500006, 25.765760422000085], [86.13964843800011, 25.766300201999968], [86.13601684500009, 25.765899659000183], [86.13284301800013, 25.762710572000174], [86.12899780300017, 25.762388229000067], [86.126296997, 25.7595310210001], [86.12548828200016, 25.762220384000102], [86.1335372920002, 25.767749786000024], [86.12972259500015, 25.768049240000096], [86.12686920100009, 25.769670486000166], [86.12484741200007, 25.772710801000073], [86.10617065399998, 25.776760101000093], [86.10092926100003, 25.775751113000126], [86.09818267700012, 25.77387046800004], [86.10176086500007, 25.758699417000003], [86.10488891600016, 25.757369994000044], [86.11119079600007, 25.75815010100007], [86.12478637599997, 25.75192070100013], [86.1261367800002, 25.753459931000123], [86.13002014100005, 25.753780366000058], [86.13320922800006, 25.75526046800013], [86.136253356, 25.75112915200009], [86.13276672300009, 25.74617195200011], [86.13333129900008, 25.743410110000184], [86.12953948900008, 25.736391069000035], [86.12068176400004, 25.73521804900014], [86.11402130200014, 25.740970611000023], [86.11292266800018, 25.739601136000147], [86.11369323700006, 25.738220215000013], [86.112663268, 25.736957550000113], [86.110237122, 25.73674011300011], [86.10813140800008, 25.737789154000154], [86.09805297800017, 25.745370865000154], [86.09562683200016, 25.744302750000145], [86.08889007600015, 25.744760513000074], [86.08409118700001, 25.7434196480001], [86.07933044400005, 25.743030548000036], [86.07373809900014, 25.74455070600004], [86.07131195000005, 25.742660523000097], [86.07231140200014, 25.737329483000053], [86.0838012700001, 25.73501968400018], [86.08386230400004, 25.732839585000193], [86.08061218300014, 25.73027038700002], [86.07884979300013, 25.727701187000093], [86.0746383660001, 25.726230622000173], [86.06516266000017, 25.728040695000118], [86.05805206399998, 25.72513961900006], [86.05441284100004, 25.725091934000147], [86.05296325600011, 25.72904968200004], [86.05000305200014, 25.73048019400011], [86.0459976190001, 25.734619141000167], [86.0412063600001, 25.730911255000137], [86.03830718900008, 25.724109651000106], [86.03816986000004, 25.72096061800005], [86.03347015399999, 25.722410201000173], [86.03119659300012, 25.727720260000183], [86.02873230000006, 25.73042106600019], [86.02543640100009, 25.731172562000154], [86.02810668900008, 25.72047042800017], [86.02646636900005, 25.718191146000095], [86.0221862790001, 25.716999055000088], [86.01731872500005, 25.723302841000134], [86.01441192700008, 25.725879668999994], [86.01065826300004, 25.724170686000093], [86.00821685900019, 25.719940185000098], [86.00833892700012, 25.716789245000143], [86.00724029600008, 25.712049485000023], [86.00843048100006, 25.70901107800006], [86.01093292299998, 25.70626068200005], [86.01844787600015, 25.703718185000128], [86.02271270800009, 25.700380326000072], [86.02619171100008, 25.69388961700008], [86.02555084100015, 25.68997955400016], [86.02372741800019, 25.686529160000134], [86.0146331790001, 25.680940628000087], [86.00959777800011, 25.68181991600005], [86.00714111300016, 25.678810120000037], [86.00491332900003, 25.673919679000164], [86.00575256299999, 25.66706276000008], [86.00475311399998, 25.662139892000084], [86.00515747100013, 25.661430359000065], [86.00778961100013, 25.66003036500007], [86.01045227100019, 25.66318130600007], [86.01342010500008, 25.66521072300003], [86.01737976100014, 25.665880204000132], [86.02242279000006, 25.661920547000136], [86.0110092170001, 25.650960923000184], [86.01051330600018, 25.649061204000077], [86.02173614499998, 25.647251129000153], [86.02242279000006, 25.64289283800008], [86.02204132100019, 25.6393604270001], [86.0200424200001, 25.63684082100019], [86.01660156200018, 25.634990692000144], [86.01528930800009, 25.63325119100017], [86.0174179080002, 25.61886978200016], [86.0174179080002, 25.608610153000086], [86.01895141700015, 25.603660584000124], [86.01235199000007, 25.591739655000083], [86.00704193100012, 25.591091155000072], [85.99273681600016, 25.59991264300004], [85.98443603500004, 25.605730056000084], [85.97026062000015, 25.61607170100018], [85.96820068400007, 25.616279603000123], [85.96263122500011, 25.620590210000046], [85.962966919, 25.628301621000105], [85.95633697500017, 25.633340835000126], [85.9539566040001, 25.63810920800006], [85.949462891, 25.643390656000065], [85.94390106200018, 25.645059586000116], [85.9411468510001, 25.648340225000027], [85.93862915000005, 25.653230667000003], [85.93315887400007, 25.651960373000065], [85.92842102000009, 25.654012681000097], [85.92697906500007, 25.649370194000085], [85.91532897900015, 25.64673805299998], [85.91088104300019, 25.647680282000067], [85.90585327200012, 25.642272949000017], [85.89965820400005, 25.642509460000156], [85.89337158200016, 25.645790101000102], [85.88945007300015, 25.649078370000097], [85.88788604800015, 25.653600693999977], [85.8837966910001, 25.65440940900004], [85.88128662100007, 25.651700973000118], [85.88125610400016, 25.64792251600005], [85.87863922200017, 25.64566993799997], [85.8765411380001, 25.64158058100014], [85.87255859400011, 25.637641907000045], [85.86923980700004, 25.63730049100019], [85.87423706100014, 25.647930146000135], [85.8731460570001, 25.65249061700007], [85.8740692130001, 25.65891265800002], [85.87313079900008, 25.665660859000184], [85.86894989000012, 25.666749955000057], [85.87325286900005, 25.679410934000032], [85.86704254100016, 25.68431091300016], [85.86495208800011, 25.69075012200011], [85.85861206099997, 25.718130113000086], [85.85186004700017, 25.725509644000056], [85.84654998799999, 25.734619141000167], [85.84928131100014, 25.744302750000145], [85.85233306900005, 25.751300812000068], [85.85746002200017, 25.755580903000123], [85.8723373420001, 25.747659684000098], [85.87925720300001, 25.742759705000083], [85.88993835400015, 25.742782593000072], [85.8990020760001, 25.746810914000037], [85.90207672000014, 25.75502014200015], [85.90257263100006, 25.765760422000085], [85.90196991000016, 25.774850846000106], [85.9120025630001, 25.779119491000074], [85.9066696180002, 25.791389466000055], [85.92125701900005, 25.781320572000027], [85.92368316700004, 25.785179138000103], [85.92852020200013, 25.787551881000013], [85.93296814000007, 25.787822724000137], [85.93566131600016, 25.783279419000053], [85.93923950200013, 25.770990372000085], [85.94050598100017, 25.768840789000137], [85.94602966200006, 25.76868248000011], [85.96170806900011, 25.76596069400017], [85.98168182300003, 25.76597023000005], [85.98385620200008, 25.768632889000173], [85.9825592040001, 25.776861190000034], [85.98377990600017, 25.784019471000136], [85.98303985600006, 25.790931702000023], [85.97802734400011, 25.788669586000083], [85.97476196299999, 25.788560868000104], [85.97543335000006, 25.79096031300014], [85.98422241200018, 25.794759751000072], [85.98401641800001, 25.79763031100009], [85.97396850600018, 25.796329498000034], [85.97236633400013, 25.79848098800005], [85.98262023900008, 25.82364082400011], [85.98367309600002, 25.830989838999983], [85.9834365850001, 25.83802032600005], [85.97914886400014, 25.842269898000097], [85.97664642400008, 25.848342895000144], [85.97882842900003, 25.85490036000016], [85.98178863500016, 25.860441209000044], [85.97921753000014, 25.863349915000185], [85.96553039600013, 25.869640350000054], [85.96050262500006, 25.87408065800014], [85.95819091700008, 25.878671646000043], [85.96002960100014, 25.88783836300007], [85.96598053000002, 25.892818450999982], [85.97434234600018, 25.89516830399998], [85.97883606000005, 25.894130708000148], [85.9834365850001, 25.894319534000147], [85.9852218640001, 25.897550583000054], [85.9825973510001, 25.907649994000167], [85.97952270400003, 25.91002082800003], [85.95967102100013, 25.91457748400012], [85.95192718600009, 25.918199540000103], [85.9480590820001, 25.923681260000023], [85.9456176760001, 25.92791938800019], [85.94465637300004, 25.934688568000183], [85.9456176760001, 25.942260743000077], [85.94844818100006, 25.948551178000173], [85.95128631600016, 25.95345115700019], [85.96733093300014, 25.955801010000187], [85.96945953300002, 25.95121955800016], [85.97453308100006, 25.95010185300015], [85.97650909300017, 25.948551178000173], [85.97566986100014, 25.946149826000124], [85.97381591700008, 25.945091248000097], [85.97383117700008, 25.937351228000068], [85.97956085100003, 25.936809540000183], [85.98567962600015, 25.937999726000044], [85.99302673400018, 25.93800926200015], [85.99652862600004, 25.932870865000154], [85.99765777600004, 25.93377113300005], [85.99717712400002, 25.936260224000023], [85.99865722600009, 25.937530519000063], [86.00244903600014, 25.938100816000087], [86.0026931770002, 25.940019608000057], [86.00160980200019, 25.945360183000048], [86.0027465820001, 25.946090697999978], [86.01116180400004, 25.945539474000043], [86.01870727500005, 25.947822571000017], [86.02736663900009, 25.94853019700014], [86.02697753800015, 25.945552826999972], [86.030853272, 25.94543075600012], [86.03189849900008, 25.94791984600016], [86.03515625100016, 25.944837571000164], [86.03875732500006, 25.942701339000166], [86.03141784600018, 25.938190460000044], [86.03166961800008, 25.9361095430001], [86.03513336200012, 25.93404006999998], [86.0414123540001, 25.935590743000148], [86.0462493890002, 25.931978226000126], [86.04886627100018, 25.93362998900011], [86.05008697600016, 25.93345260600006], [86.04682922300003, 25.928619384], [86.05150604200014, 25.925889969000025], [86.0537872320001, 25.923288346000163], [86.05475616500007, 25.91957283000005], [86.05918121400015, 25.920669556000007], [86.06176757800012, 25.915630340000178], [86.06640625000006, 25.916717529000152], [86.06964111200017, 25.911449432000097], [86.0725860600001, 25.91197013900012], [86.08065795900018, 25.9038696290001], [86.08170318500015, 25.905530930000168], [86.08531188900014, 25.8972797400001], [86.09046173000019, 25.902828217999968], [86.0918960570001, 25.90863037200006], [86.09532928600004, 25.911539078000033], [86.09664154000006, 25.90960121300003], [86.09646606400014, 25.90407753100004], [86.10124969600014, 25.90316009600008], [86.10199737600004, 25.894630431000166], [86.11621856700015, 25.89244079600013], [86.11741638100011, 25.896450044000176], [86.13154602000009, 25.897659303000125], [86.14713287300003, 25.896379471000103], [86.15460968100012, 25.889890671000046], [86.15149688800005, 25.884269715000187], [86.15548706000015, 25.880161285999975], [86.16470336900005, 25.887311936000117], [86.16963958800017, 25.888099670000088], [86.16776275700005, 25.894620895999992], [86.1756362910001, 25.894319534000147], [86.1758880610002, 25.89191818200004], [86.17875671300004, 25.892679215000044], [86.18026733400006, 25.895959854000125], [86.18799591100009, 25.896120071000155], [86.19178772100014, 25.891611100000034], [86.19933319200015, 25.891769410000165], [86.20194244400005, 25.889429092000114], [86.20487213100006, 25.88858985800016], [86.21080017200018, 25.892869949000158], [86.22209930399998, 25.895799635999992], [86.2268066420001, 25.899389267000117], [86.22589111400004, 25.904159545000084], [86.23343658500005, 25.90409278900006], [86.24072265600012, 25.902639389000058], [86.24768829300012, 25.90715026800018], [86.25171661400009, 25.90642929100011], [86.2599258410001, 25.90809059200018], [86.27136230500008, 25.904520035000075], [86.27117919900007, 25.900880814000175], [86.28373718200004, 25.903360368000165], [86.29167175400016, 25.90241050800006], [86.2961730950002, 25.898109437000073], [86.29869842600016, 25.89173126300011], [86.30319213900009, 25.88817024300016], [86.30457305900012, 25.881860733000167], [86.29518890400004, 25.877099992000183], [86.30371856600004, 25.867349624999974], [86.3103866580002, 25.862688064000054], [86.31047058200005, 25.85867118900012], [86.3137283320001, 25.857570649000024], [86.32050323500016, 25.855649947000074], [86.32322692800017, 25.855871199999967], [86.32380676200017, 25.85799980200005], [86.3259429920002, 25.859760285000164], [86.33331298800016, 25.86054039100003], [86.337669372, 25.862382890000163], [86.3398818980001, 25.861682891999976], [86.338317872, 25.85914993300014], [86.34591674800009, 25.855802537000102], [86.35427856500019, 25.856790543000102], [86.35814666700009, 25.855241776000128], [86.35926055900006, 25.85172081000013], [86.36096954400017, 25.850919723000004], [86.36415100000016, 25.850971223000045], [86.36685180700005, 25.848140718000025], [86.36199188200004, 25.8432216650001], [86.36151885900006, 25.84115028500014], [86.36190033000008, 25.84006118900004], [86.36334991500001, 25.83965110800017], [86.36418914700005, 25.84016990700019], [86.36472320500013, 25.835569381000028], [86.36831665000005, 25.831539155000144], [86.37136840800014, 25.831350326000063], [86.37297821099997, 25.83405113200007], [86.37715148900014, 25.830350876000182], [86.37725067100018, 25.82777023300008], [86.37504577600009, 25.82238006600005], [86.37771606400003, 25.820409776000076], [86.37596893400007, 25.818639755000106], [86.37209320000005, 25.817220689000123], [86.3715667730001, 25.815671921000046], [86.37243652300009, 25.814519882000184], [86.3759231570001, 25.812730789000057], [86.38685607900004, 25.81320953300002], [86.39440918000014, 25.812370301000044], [86.39644622800012, 25.810359954999967], [86.39628601100009, 25.808521271000075], [86.39346313400017, 25.804048539000007], [86.39479064900019, 25.803230286000087], [86.40146636900005, 25.802820206000092], [86.40273284800014, 25.795270920000007], [86.40733337400013, 25.796760560000166], [86.40750122100008, 25.796230315000116], [86.40735626200006, 25.79543113800014], [86.40718078600008, 25.794290542000113], [86.40492248600015, 25.791601181000033], [86.40434265100004, 25.788259507000134], [86.40526580900018, 25.786880494000172], [86.40788269000006, 25.78687095700019], [86.40793609700017, 25.784509659000037], [86.4063186640002, 25.78406906099997], [86.40175628700007, 25.784610748000148], [86.40040588400018, 25.783649446000027], [86.4000930790001, 25.781681061000143], [86.3966827390002, 25.777271272000007], [86.39659118700013, 25.775659561000168], [86.39721679700017, 25.77434158400007], [86.39881134000001, 25.773420334000093], [86.40458679200003, 25.77499961799998], [86.40496826300011, 25.772569657000133], [86.40429687400007, 25.770980835000103], [86.40170288000019, 25.769090653000035], [86.4027709950002, 25.767721177000055], [86.40429687400007, 25.767940522000174], [86.40592956500006, 25.765630722000026], [86.40769195500019, 25.76511001700004], [86.40634155200013, 25.754499435000128], [86.3984222410001, 25.73511123600008], [86.40202331500012, 25.730899811000086], [86.40994262599997, 25.728559494000137], [86.40722656300005, 25.721660614000086], [86.39317321800019, 25.723768235000136], [86.38356018000007, 25.716409682999995], [86.38041687000003, 25.71302986200004], [86.37783050600012, 25.711719513000105], [86.37259674100005, 25.71145820600003], [86.36660766500012, 25.706649780000077], [86.36103057900016, 25.70708084000006], [86.34697723300019, 25.696220399000026], [86.3424224850001, 25.691820145000122], [86.34041595500014, 25.685850143000152], [86.33605957100013, 25.67885971000004], [86.32517242400019, 25.66793060300006], [86.32080841099997, 25.658580780000136], [86.30944824200003, 25.658279419000166], [86.28662872300009, 25.65566253600008], [86.28470611500018, 25.653707504000124], [86.28643035800013, 25.644460678000144], [86.28575134400006, 25.64003944400008]]]}}, {"type": "Feature", "properties": {"GID_3": "IND.5.31.3_1", "GID_0": "IND", "COUNTRY": "India", "GID_1": "IND.5_1", "NAME_1": "Bihar", "NL_NAME_1": "NA", "GID_2": "IND.5.31_1", "NAME_2": "Samastipur", "NL_NAME_2": "NA", "NAME_3": "Samastipur", "VARNAME_3": "NA", "NL_NAME_3": "NA", "TYPE_3": "Taluk", "ENGTYPE_3": "Taluk", "CC_3": "NA", "HASC_3": "NA"}, "geometry": {"type": "Polygon", "coordinates": [[[85.90628051700003, 25.979129791000105], [85.91004180900006, 25.974409104000074], [85.90825653000002, 25.96377944900013], [85.91233062800018, 25.961162567000144], [85.91237640300011, 25.956260681999993], [85.9173202520002, 25.95712089500006], [85.91826629600013, 25.958360672000026], [85.91896820099998, 25.96422004699997], [85.92407226600017, 25.96701812800012], [85.9242095950001, 25.963460922000138], [85.92267608600014, 25.958641053000065], [85.92777252200011, 25.95376014700014], [85.9338073720001, 25.957679748000032], [85.93370056200013, 25.962270736000107], [85.94288635300012, 25.961339949999967], [85.94557952900004, 25.956600190000017], [85.9496002200001, 25.956819535000136], [85.95128631600016, 25.95345115700019], [85.94844818100006, 25.948551178000173], [85.9456176760001, 25.942260743000077], [85.94465637300004, 25.934688568000183], [85.9456176760001, 25.92791938800019], [85.9480590820001, 25.923681260000023], [85.95192718600009, 25.918199540000103], [85.95967102100013, 25.91457748400012], [85.97952270400003, 25.91002082800003], [85.9825973510001, 25.907649994000167], [85.9852218640001, 25.897550583000054], [85.9834365850001, 25.894319534000147], [85.97883606000005, 25.894130708000148], [85.97434234600018, 25.89516830399998], [85.96598053000002, 25.892818450999982], [85.96002960100014, 25.88783836300007], [85.95819091700008, 25.878671646000043], [85.96050262500006, 25.87408065800014], [85.96553039600013, 25.869640350000054], [85.97921753000014, 25.863349915000185], [85.98178863500016, 25.860441209000044], [85.97882842900003, 25.85490036000016], [85.97664642400008, 25.848342895000144], [85.97914886400014, 25.842269898000097], [85.9834365850001, 25.83802032600005], [85.98367309600002, 25.830989838999983], [85.98262023900008, 25.82364082400011], [85.97236633400013, 25.79848098800005], [85.97396850600018, 25.796329498000034], [85.98401641800001, 25.79763031100009], [85.98422241200018, 25.794759751000072], [85.97543335000006, 25.79096031300014], [85.97476196299999, 25.788560868000104], [85.97802734400011, 25.788669586000083], [85.98303985600006, 25.790931702000023], [85.98377990600017, 25.784019471000136], [85.9825592040001, 25.776861190000034], [85.98385620200008, 25.768632889000173], [85.98168182300003, 25.76597023000005], [85.96170806900011, 25.76596069400017], [85.94602966200006, 25.76868248000011], [85.94050598100017, 25.768840789000137], [85.93923950200013, 25.770990372000085], [85.93566131600016, 25.783279419000053], [85.93296814000007, 25.787822724000137], [85.92852020200013, 25.787551881000013], [85.92368316700004, 25.785179138000103], [85.92125701900005, 25.781320572000027], [85.9066696180002, 25.791389466000055], [85.89852905400005, 25.798910141000135], [85.90119934100011, 25.805410385000073], [85.89920806800012, 25.810342789000174], [85.87689209000018, 25.825300217000176], [85.87396240300018, 25.82926940900012], [85.8695068360002, 25.840951921000055], [85.86560058600008, 25.84596824600004], [85.856071472, 25.849918366000054], [85.83293914800004, 25.85437011700003], [85.8108901970001, 25.849319458000025], [85.79303741500019, 25.851140976000124], [85.76637268100018, 25.85172081000013], [85.75084686300005, 25.85285949700011], [85.74691772500006, 25.843460083000082], [85.73914337200011, 25.832452775000093], [85.73631286500012, 25.833009721000167], [85.73159789900006, 25.820301056000176], [85.7295684820001, 25.81706047100016], [85.72603607100012, 25.817470551000156], [85.72344207700007, 25.823369980000052], [85.71977996800007, 25.82744979800009], [85.71288299500003, 25.829809189000002], [85.7009887700001, 25.833408355000074], [85.68918609700012, 25.835630417000118], [85.67859649600013, 25.839540482000075], [85.67056274400011, 25.839950561000137], [85.66528320400005, 25.83839988599999], [85.66221618600014, 25.83332824600012], [85.66319274900002, 25.82901000900017], [85.67030334500004, 25.823610306000035], [85.67529296800012, 25.81255149800006], [85.68572235200014, 25.807252884000036], [85.68524933000009, 25.802789688000075], [85.67578887900004, 25.791980744000114], [85.65148925800008, 25.77000999400019], [85.64993286200007, 25.764350891000106], [85.65489196700014, 25.75829124500018], [85.66320037900016, 25.75258064200011], [85.66927337599998, 25.744720459000177], [85.68183136000005, 25.747089385000038], [85.67581939799999, 25.739330292000147], [85.64859008700006, 25.73429107800007], [85.6392211910001, 25.724571228000002], [85.63848114100017, 25.719120027000088], [85.64060974100005, 25.70485115100007], [85.64805603000002, 25.70259094200003], [85.64760589600007, 25.693710326000087], [85.64356231600004, 25.690282823000075], [85.64232635600007, 25.686439515000075], [85.65644073500005, 25.680181503000085], [85.65558624200014, 25.674280166000017], [85.65052032500012, 25.663339615000154], [85.64863586400003, 25.66296958800018], [85.64826202400019, 25.650398254000038], [85.64524841300016, 25.649419786000124], [85.6400909410001, 25.653932572000087], [85.63375854500003, 25.65368080100012], [85.63051605200008, 25.64726066700007], [85.61972045900006, 25.64537048400007], [85.6171188350001, 25.64203071700007], [85.61480712900016, 25.63655090300017], [85.61548614600008, 25.621089936000146], [85.61997985900001, 25.61803054800015], [85.62323760900011, 25.612239838000107], [85.62193298300019, 25.60634040900004], [85.62539672800017, 25.601060867], [85.63067627000015, 25.596719741000186], [85.6302719110002, 25.592010498000036], [85.62439727800006, 25.58752060000012], [85.62284088100017, 25.5801391600001], [85.62254333400011, 25.572740555000166], [85.60672760000017, 25.571510315000182], [85.60439300600012, 25.567480088000025], [85.60621643100006, 25.56291008000011], [85.61152649000002, 25.561510086000055], [85.62065887500006, 25.560770034000143], [85.62095642200012, 25.557260513000074], [85.61651611400004, 25.552810669000166], [85.62152099600007, 25.54622078000017], [85.6349411000001, 25.54800987400006], [85.63899994000019, 25.54754257200011], [85.64022064200009, 25.54280090400016], [85.63958740300001, 25.534320832000162], [85.64240264900008, 25.52817916900017], [85.64241027800011, 25.522438050000005], [85.64507293700007, 25.518379213000003], [85.64232635600007, 25.511880876000134], [85.64539337200017, 25.506309510000108], [85.64878845100014, 25.503578187000187], [85.63417816200018, 25.502599716000134], [85.64102935800003, 25.48040962300007], [85.64216613800016, 25.46640968300005], [85.6402969360002, 25.465070725000146], [85.63182830900018, 25.464021683], [85.62101745500007, 25.465080261000026], [85.60826110700015, 25.46804046699998], [85.60855102600004, 25.472019196000133], [85.58487701400003, 25.479499816000043], [85.60478210400015, 25.488651275000052], [85.59313201800006, 25.493368148000116], [85.58422088600014, 25.493698121000023], [85.57518768300008, 25.491031646000067], [85.56385040300017, 25.490020752000135], [85.54722595200013, 25.489849091000053], [85.53865814300013, 25.487859725000078], [85.53230285600017, 25.489522933000046], [85.53190612700013, 25.501731872999983], [85.53119659400011, 25.506162643000152], [85.53018951400009, 25.50958061300014], [85.52523040900019, 25.534128189000114], [85.52542877100012, 25.54453086800015], [85.53060913100006, 25.551282882000123], [85.53687286400009, 25.550369262000004], [85.54419708300009, 25.53411102300015], [85.54577636700003, 25.53827094999997], [85.55094909700011, 25.541519165000068], [85.54914093000014, 25.559400558000164], [85.54701995800019, 25.56202125500016], [85.539649962, 25.56295967200009], [85.54332733200016, 25.570430757000167], [85.54634094300019, 25.571750641000165], [85.54522705100004, 25.57366943400018], [85.53328704900014, 25.575479508000058], [85.53090667700019, 25.584529877000023], [85.52641296400009, 25.585639954000158], [85.5267868040001, 25.602371216000165], [85.53228759700005, 25.618471146000047], [85.54357910100015, 25.618391037000038], [85.54561614900013, 25.62146186800004], [85.54630279600013, 25.63212967000004], [85.5502471910001, 25.63878059500007], [85.55078125100005, 25.641880035000042], [85.55039215100004, 25.650779724000188], [85.55304718000008, 25.652919770000153], [85.55230712800011, 25.655469894000134], [85.55503082300015, 25.657262803000037], [85.56487274200009, 25.680759430000023], [85.5644607550002, 25.68461990300017], [85.57058715900013, 25.68387031500015], [85.5714263910001, 25.685590743000034], [85.57659912100019, 25.688430786000083], [85.57805633500016, 25.697481155000105], [85.59243011500018, 25.700040818000048], [85.59349823000014, 25.705591202999983], [85.60031128000008, 25.705879211000024], [85.60465240500014, 25.707700729000123], [85.60745239200008, 25.72637939500015], [85.60550689800004, 25.727159501000017], [85.60434722900015, 25.729249954000068], [85.6157073980001, 25.753282548000072], [85.61273193400012, 25.75507163900005], [85.61264038000019, 25.757369994000044], [85.61593627900015, 25.757480622000173], [85.61797332700013, 25.7593402870001], [85.61675262500017, 25.762002946000052], [85.61963653500004, 25.763389589000155], [85.62185668900008, 25.770120622000093], [85.62023162800017, 25.772619249000115], [85.61393737800006, 25.770030975000054], [85.61279296900011, 25.772760391000077], [85.60949706999997, 25.771261215000038], [85.60500335700004, 25.77301979000015], [85.60241699300013, 25.78507042000018], [85.59915924100005, 25.785879135000187], [85.60367584200009, 25.791200637000145], [85.59992217900009, 25.793510438], [85.59777832100019, 25.798030854000103], [85.60027313300003, 25.803220750000037], [85.60172271800013, 25.808839799000168], [85.60610961900011, 25.81675911000019], [85.6102828970001, 25.820711135000067], [85.60080719000007, 25.827632904000154], [85.60108947800012, 25.83056068400009], [85.60719299200014, 25.8337497710001], [85.60721588100017, 25.835710525000138], [85.59969329800009, 25.842332840000154], [85.59541320800014, 25.84181022600012], [85.59422302200011, 25.84320831400015], [85.59751892100002, 25.846809387999997], [85.60141754200009, 25.849649429000067], [85.60122680700005, 25.854129791000048], [85.60383606000005, 25.85771751400017], [85.60082244900019, 25.866769791000138], [85.60336303800017, 25.87278938300011], [85.60762786800007, 25.87521171600008], [85.61360168500005, 25.876350402000185], [85.61576843200004, 25.885099411999988], [85.61863708600004, 25.886669158000018], [85.61852264300006, 25.88993263300017], [85.61543273800015, 25.893011093000155], [85.61936950800009, 25.894279480000023], [85.61955261200012, 25.896680832000072], [85.61788177500017, 25.90046119700014], [85.61978149400005, 25.905149459000086], [85.62886047300015, 25.909521104000078], [85.63044738700017, 25.915500642000097], [85.6255722040001, 25.92361068700012], [85.62642669600012, 25.93318939300002], [85.62954711999998, 25.93900108300005], [85.6225128170002, 25.943170548000126], [85.61885833700012, 25.94837951700009], [85.61757659900013, 25.95549964899999], [85.62029266400009, 25.966930389000083], [85.62605285600006, 25.971380235000026], [85.62431335400004, 25.97520065399999], [85.62415313700018, 25.97841835000014], [85.61859893899998, 25.980550767000125], [85.6177597050002, 25.98477935800014], [85.61431121800007, 25.98911094600004], [85.61634826600005, 25.999250411000105], [85.61692047100001, 26.00279045200017], [85.61930847200017, 26.00609016400017], [85.63389587400013, 26.004230499000073], [85.6390533450001, 26.005121231000032], [85.63960266100003, 26.007600785000022], [85.64346313400017, 26.009330751000164], [85.64736938500016, 26.017999650000036], [85.65194702200012, 26.019929885000124], [85.65670013400012, 26.024410248000038], [85.65817260800009, 26.027620316000082], [85.66651916500012, 26.02815818800019], [85.66812896800019, 26.029058458000065], [85.66954040600007, 26.02725982600009], [85.67330932500005, 26.027900696000188], [85.67694854800015, 26.035261154000068], [85.67904663100012, 26.04190826500019], [85.68258667000003, 26.048040390000153], [85.69010925300012, 26.045312882000076], [85.6943588260001, 26.05771064800018], [85.69579315100003, 26.05982971200001], [85.70069122300009, 26.06369018600003], [85.70337676900004, 26.063770294000108], [85.70346832299998, 26.065269470000146], [85.70020294300019, 26.06635093800014], [85.70009613000013, 26.069351196000184], [85.70214080900013, 26.07574081500013], [85.7018280040001, 26.079828262000035], [85.69796752800005, 26.08472061100008], [85.69668579100016, 26.088079452999978], [85.69948577899999, 26.08688926800005], [85.7070999140002, 26.091341019000026], [85.71044921800001, 26.076721191000104], [85.71067810100004, 26.068990707000125], [85.71176147500017, 26.068510056000036], [85.71930694600019, 26.070840836000173], [85.72062683000013, 26.069391250000137], [85.71920776400015, 26.06537056000019], [85.71465301500012, 26.06035041900003], [85.71360015800013, 26.058170319000112], [85.71311187800006, 26.05293083200013], [85.71038055500014, 26.050020217999986], [85.71098327600015, 26.048341751000123], [85.71688079900008, 26.04643058700009], [85.71824646100009, 26.04255294800015], [85.72178649900007, 26.03771972600009], [85.72593688900008, 26.038080216000083], [85.72708892800011, 26.044219971000132], [85.7298431390002, 26.047821045000035], [85.73361206100009, 26.049280168000053], [85.73996734600007, 26.041891098999997], [85.74108886700003, 26.036970139000175], [85.74250793500005, 26.03442001400009], [85.74542236400004, 26.033058168000082], [85.74746704000012, 26.03343010000009], [85.74784088100006, 26.03590965400008], [85.74543762300016, 26.043851853000092], [85.75071716300016, 26.05064010700005], [85.7528610230001, 26.055210113000157], [85.75382232600015, 26.054971695000177], [85.75623321600011, 26.057359696000105], [85.75628662100019, 26.054189683000118], [85.75408935600001, 26.04898071400015], [85.75660705600018, 26.048189164000007], [85.75707244800009, 26.04496193000017], [85.75634002600009, 26.04093933200005], [85.76316833599998, 26.04466056900003], [85.76642608600008, 26.044790268000156], [85.76814269900007, 26.04351043800017], [85.77004242000015, 26.0397300730001], [85.7754669200001, 26.039791108000088], [85.8051757820001, 26.033090592000065], [85.80658721800017, 26.030370712000092], [85.81735229500015, 26.027130127000135], [85.82218170100003, 26.026720048000186], [85.82573700000012, 26.028480531000127], [85.82837676900016, 26.03149986200009], [85.82916259800004, 26.034549713000104], [85.83795929000013, 26.03676033100004], [85.84159088100012, 26.033041000000082], [85.83567047100018, 26.024171829000124], [85.83701324400016, 26.022489548000124], [85.84020233100017, 26.021141052000075], [85.84597778400013, 26.020828247000054], [85.85890197700019, 26.022960662000173], [85.8552932730002, 26.017021178999983], [85.85510253900003, 26.01522827200006], [85.85912323000008, 26.01284027100013], [85.8591384880001, 26.01115989700014], [85.85652160600011, 26.008291245000123], [85.8565826410001, 26.003000259000032], [85.86324310300017, 25.99282074000007], [85.8623886110002, 25.989810944000055], [85.86324310300017, 25.986932754000122], [85.86596679800004, 25.986120224000047], [85.86878204300018, 25.98916053800008], [85.87230682300014, 25.991188049000073], [85.87507629500016, 25.990850450000096], [85.87580871700015, 25.987720491000005], [85.87568664600008, 25.983890534000125], [85.87735748200015, 25.98088073800011], [85.88218689000007, 25.981220246000134], [85.88371276900011, 25.97892189100014], [85.8930892940001, 25.977111816000047], [85.89679718000008, 25.98266029400014], [85.90029907200011, 25.982259750000026], [85.9054794320001, 25.97998809799998], [85.90628051700003, 25.979129791000105]]]}}, {"type": "Feature", "properties": {"GID_3": "IND.5.32.1_1", "GID_0": "IND", "COUNTRY": "India", "GID_1": "IND.5_1", "NAME_1": "Bihar", "NL_NAME_1": "NA", "GID_2": "IND.5.32_1", "NAME_2": "Saran", "NL_NAME_2": "NA", "NAME_3": "Chhapra", "VARNAME_3": "NA", "NL_NAME_3": "NA", "TYPE_3": "Taluk", "ENGTYPE_3": "Taluk", "CC_3": "NA", "HASC_3": "NA"}, "geometry": {"type": "Polygon", "coordinates": [[[84.845611572, 25.69679069600005], [84.83750915500013, 25.69697952200005], [84.83315277100007, 25.69446754400002], [84.80426025500014, 25.69984054600019], [84.80088806200007, 25.695140838000157], [84.80105590700003, 25.69202041700015], [84.80739593400011, 25.692251205000048], [84.81369781500013, 25.691480637000097], [84.81205749500009, 25.68741989099999], [84.8033065800002, 25.687360764000175], [84.80030059900008, 25.686061860000166], [84.79496765200014, 25.690361024000083], [84.79029846300011, 25.69246101500005], [84.7803726200001, 25.690319062000185], [84.77812957800018, 25.686201097000037], [84.77363586500007, 25.687301636000086], [84.77191162100019, 25.69103241100015], [84.76278686600006, 25.695280075000028], [84.75665283200004, 25.696548462000067], [84.75373077400002, 25.698619844000063], [84.7529907220001, 25.703920365000158], [84.74447631800012, 25.706331253000144], [84.73932647700008, 25.709159850000106], [84.71427917600005, 25.70405006300001], [84.6807632450001, 25.70277977100011], [84.67057800300006, 25.709180831000026], [84.66191101200013, 25.711719513000105], [84.65318298300014, 25.71194076600017], [84.64176178000008, 25.70695114200015], [84.63118744000019, 25.70586967600002], [84.62288665800014, 25.707120895000116], [84.61664581300005, 25.71129989600007], [84.61382293600019, 25.715810777], [84.61408233600014, 25.719100953000122], [84.61901855500008, 25.718709945000114], [84.61908721999998, 25.720672607000154], [84.60674285900012, 25.724660874000165], [84.60206604000012, 25.727800369000136], [84.59834289600013, 25.727359773000103], [84.59120178100017, 25.728210450000063], [84.59552001900005, 25.739110946000096], [84.6130599980001, 25.730739594000056], [84.62419128400006, 25.727909089000093], [84.63059997500017, 25.72834014900019], [84.62989807200012, 25.73311042800009], [84.62628173800005, 25.74160194500007], [84.62232971200007, 25.747318268000072], [84.61487579300018, 25.75283813500016], [84.60318756000004, 25.75757026600013], [84.60053253100017, 25.760629654000127], [84.60289001400008, 25.77243995800012], [84.6101379390002, 25.77728080700018], [84.61466980100016, 25.77242279000012], [84.62075042800012, 25.77238083000003], [84.61905670100003, 25.7889709480001], [84.62111663800005, 25.79236030600009], [84.62021636999998, 25.794090272000062], [84.61682891900011, 25.795549393000044], [84.61089324900018, 25.80065917999997], [84.59819793700012, 25.809650422000175], [84.58715820400016, 25.81960106000014], [84.57141876200012, 25.829839707000076], [84.55654907200011, 25.837511062000033], [84.54685211300006, 25.84132003800005], [84.54425048799999, 25.829980850000084], [84.53292083800017, 25.832229615000074], [84.5269775390002, 25.834329605000107], [84.52625274700006, 25.85540962300007], [84.5199966420002, 25.861150742000177], [84.52825927700019, 25.864730835000046], [84.5399093630001, 25.860361100000034], [84.5405502320001, 25.862119675000145], [84.53164672800006, 25.872720719000142], [84.52864074700011, 25.877740860000074], [84.50652313300014, 25.872379303000116], [84.48528289800015, 25.88924980200005], [84.47867584300013, 25.88836097700016], [84.46655273500016, 25.88368988100018], [84.46105194000006, 25.8887310020001], [84.45066070500013, 25.890220642000088], [84.45941162100013, 25.919828415000154], [84.45464325000006, 25.92209816100018], [84.45400238000013, 25.923950195000145], [84.45450592100013, 25.93736076400012], [84.44986724800009, 25.93721008400007], [84.45379638700007, 25.95002937200013], [84.45343780500002, 25.953769685000054], [84.45130157500006, 25.955970765000075], [84.44093322700013, 25.95429039000004], [84.4319458010001, 25.96256065400007], [84.43696594100015, 25.980619431000093], [84.4438323980001, 25.98134040900004], [84.44666290300012, 25.988639831000057], [84.44667053300003, 25.994739531999983], [84.42257690400004, 25.996690751000074], [84.42133331400015, 26.00279045200017], [84.42060089200015, 26.014759063000042], [84.40239715600012, 26.015119552000158], [84.40249633800016, 26.021240234000118], [84.40499115000017, 26.024311066000166], [84.4075164790001, 26.034360886], [84.42003631500006, 26.033422470000176], [84.42497253400018, 26.030670166000164], [84.43363952600015, 26.036119461000112], [84.43863678000008, 26.032960891000073], [84.44641876200006, 26.031419754000012], [84.46412658700018, 26.02947044500013], [84.48709106500007, 26.03588104300013], [84.49523925700015, 26.02923965400015], [84.50183868400006, 26.02996063300003], [84.51403808499998, 26.038080216000083], [84.54347992000004, 26.032541276000075], [84.56434631300016, 26.035039903000154], [84.56838989200014, 26.043851853000092], [84.57620239300007, 26.045600890999992], [84.58207702600004, 26.052520752000135], [84.58162689200009, 26.057350159000123], [84.58609008900015, 26.065620423000155], [84.58708190800007, 26.07370948800019], [84.5937118540001, 26.07381057700013], [84.60092163100006, 26.06977081299999], [84.604888915, 26.065851212000155], [84.6069183350001, 26.07462120100007], [84.60737609900013, 26.084951402000115], [84.6057205190001, 26.09003067000009], [84.6122131350001, 26.09437942600016], [84.61589050300012, 26.09168052700005], [84.61781311100003, 26.08423805300015], [84.62641906700009, 26.079530716000136], [84.63684082000009, 26.077959062000104], [84.65785980200013, 26.076602936000143], [84.66590881400015, 26.077810287000148], [84.67456817500016, 26.08182907100013], [84.69940185600012, 26.084331513000052], [84.7041778570001, 26.088737487000117], [84.70424652100013, 26.094139100000177], [84.71076202400019, 26.12244033900015], [84.72466278000013, 26.125869752000142], [84.72512817400008, 26.133220674000142], [84.75052642900005, 26.143039704000046], [84.75337219300013, 26.14954948400009], [84.75544738800016, 26.170150757000158], [84.76325988800016, 26.176300050000066], [84.77231597800017, 26.178010940000092], [84.77413177500006, 26.184061051000185], [84.76934051600017, 26.192131042000085], [84.77014923100006, 26.19999122500019], [84.76007080100015, 26.204380036000146], [84.7547073360002, 26.212709426000117], [84.76349639900008, 26.211111069000083], [84.7803802480002, 26.21156120300003], [84.78466033900008, 26.20679092400013], [84.80374145500019, 26.212360382000156], [84.85234832800018, 26.21675109800003], [84.85916137700019, 26.22272110000017], [84.86560058700002, 26.21990966800007], [84.89009857200011, 26.216529847000118], [84.8972930920001, 26.204879762000076], [84.89872741700003, 26.198789596000154], [84.90363311900006, 26.195222854000065], [84.90648651000015, 26.185611724000125], [84.90973663300002, 26.181489945000067], [84.9149932860002, 26.179229737000128], [84.91110229400016, 26.166189194000026], [84.90638732800011, 26.161487579000095], [84.90653228700012, 26.154830934000074], [84.9088668820001, 26.148649217000127], [84.90943908600019, 26.14415931700006], [84.9134292600001, 26.138240814000028], [84.92043304400016, 26.13359260600015], [84.93660736100003, 26.11908149700008], [84.93773651200013, 26.10963058600015], [84.9408264170001, 26.106779100000097], [84.94342041100015, 26.106159211000033], [84.94111633300008, 26.102529526000012], [84.93399810700015, 26.09849166900017], [84.93295288000007, 26.097009659000094], [84.93858337400019, 26.09394264300016], [84.94213104300019, 26.09320068400018], [84.94204711900016, 26.074039460000165], [84.94438934400011, 26.065010070000028], [84.94100952100013, 26.058631896000065], [84.93994903600003, 26.054639817000066], [84.93424224800003, 26.052980424000168], [84.92672729600014, 26.043092728000033], [84.93158721900016, 26.040269851000176], [84.92851257200005, 26.03082084800002], [84.9309463510001, 26.029010773000095], [84.929969788, 26.026210785000046], [84.93276214600013, 26.022081376000074], [84.9318161020002, 26.018289566000078], [84.94609832900016, 26.011100769000052], [84.95175170900006, 26.009611129000064], [84.95433044400016, 26.001541137999993], [84.95468902600015, 26.000272751000125], [84.95497131400009, 25.999652862999994], [84.95535278300014, 25.999031068000193], [84.95574951100008, 25.998462677000134], [84.95659637500017, 25.997562409000068], [84.95716858000014, 25.997060776000012], [84.95780944800009, 25.99660110500008], [84.95851135300018, 25.99619293300009], [84.95973968500016, 25.99561119100008], [84.9605102540001, 25.995330810000098], [84.96127319300007, 25.99508285600018], [84.96205902200012, 25.994899750000116], [84.96282196000004, 25.994760513000074], [84.9635925290001, 25.994680405000167], [84.96433258100006, 25.994640350000168], [84.96507263299998, 25.994672776000186], [84.96576690800015, 25.994739531999983], [84.96646881100008, 25.994871141000147], [84.96713256900011, 25.995040894000056], [84.96774292000003, 25.995292663000043], [84.96833038300008, 25.99557113600008], [84.96887969900007, 25.9958992010001], [84.96940612800017, 25.996280670000147], [84.9699096670002, 25.996690751000074], [84.97035217300004, 25.99715041999997], [84.97077179000019, 25.997650146000126], [84.97113800000011, 25.99819183400018], [84.97148132300003, 25.998760223000033], [84.97177887000004, 25.999362946000076], [84.9720306390002, 25.99996757500014], [84.97225189200009, 26.000619888000188], [84.97245788600009, 26.001541137999993], [84.97563934300013, 26.003759385000137], [84.9800033570001, 26.006000520000043], [84.98573303100005, 26.013942719], [84.99163055500009, 26.01439094600005], [84.99581146300011, 26.008800506000057], [85.00344085600017, 26.000490189000175], [85.01441955500019, 25.98752975400015], [85.02073669399999, 25.98645973200007], [85.0285491950001, 25.990060806000145], [85.03649139400005, 25.990978241000107], [85.04618835400004, 25.990619659000117], [85.0515213010001, 25.98880958700005], [85.05208587600004, 25.983062745000097], [85.0548629760001, 25.979251862000183], [85.06133270300012, 25.972890854000013], [85.06620025700016, 25.966579438000053], [85.06741333100018, 25.960371017], [85.06680297800006, 25.95078087000013], [85.0698471070001, 25.93859100400016], [85.07486724800009, 25.926120759000128], [85.08743286200007, 25.91740989600015], [85.10811615100016, 25.892759323000064], [85.11025238100012, 25.887239457000078], [85.11015319900014, 25.875328064000144], [85.11131286600005, 25.86164093000008], [85.11712646500013, 25.85436058100015], [85.14250946000004, 25.843711853000116], [85.1497192380001, 25.835081101000128], [85.15612793000008, 25.83683014000013], [85.15907287600004, 25.83403968900012], [85.16308593700018, 25.816230775000065], [85.16770172100018, 25.80590820400016], [85.16858673200011, 25.798942567000154], [85.17391204900014, 25.78860092300016], [85.17346954300012, 25.782571793000102], [85.16948699900007, 25.77070045400012], [85.17117309600008, 25.760721206000085], [85.1679382320001, 25.754550935000168], [85.17069244300018, 25.741451263000044], [85.18205261300005, 25.722650528000088], [85.1843490600001, 25.712099075000026], [85.18543243400006, 25.70223999100017], [85.19230651800018, 25.676029205000077], [85.18958282600005, 25.664859772000057], [85.19036865300018, 25.65577125599998], [85.18998718200015, 25.649908066000023], [85.19439697400014, 25.637830735000023], [85.1931762690001, 25.632379532000073], [85.18704986500018, 25.62502098000016], [85.18308258100001, 25.625629426000046], [85.17173767200006, 25.626230239000108], [85.15448760900017, 25.626697541000055], [85.1441192630001, 25.62611007600003], [85.13366699300019, 25.627450944000145], [85.12564849800009, 25.631500244000165], [85.11956024200015, 25.63689994900011], [85.11412048400018, 25.644020080000075], [85.10927581800007, 25.648559571000078], [85.1070861820001, 25.65356064000008], [85.1026000970001, 25.658990859000028], [85.09661102400008, 25.67996025200017], [85.08304595900006, 25.70384025600015], [85.08001708900014, 25.712392807000185], [85.06778717100019, 25.712158203000172], [85.06181335400004, 25.715049744000055], [85.0517807010001, 25.71831130900017], [85.0352172850001, 25.725679397000135], [85.02767181400009, 25.731319428000063], [85.02272033700012, 25.732799530000136], [85.01259613000008, 25.73199081500013], [84.99907684400006, 25.732809066000016], [84.99584198000008, 25.732210160000022], [84.98327636800008, 25.72657012900015], [84.98174285900012, 25.727010727000163], [84.97689819400011, 25.726528169000005], [84.97380828899998, 25.725179673000184], [84.97070312400018, 25.722461700999986], [84.96684265100009, 25.72173118700016], [84.96383667000015, 25.71916961700009], [84.96206665000005, 25.714969635000045], [84.96105957000003, 25.709062576000065], [84.95630645700015, 25.711370469000144], [84.95060730000012, 25.70787811300005], [84.94534301800013, 25.702909470000066], [84.93916320900013, 25.70462036200007], [84.93488311800013, 25.706872940000096], [84.93309784000019, 25.70522117600001], [84.9331817630001, 25.701061248000087], [84.9218826290001, 25.703002929000093], [84.92159271300011, 25.706172943000183], [84.92016601600011, 25.707542419000163], [84.91588592500011, 25.70652008100012], [84.91290283299998, 25.70915031500016], [84.90286254800014, 25.708740235000164], [84.90032196099997, 25.709901810000076], [84.89850616400014, 25.718879700000002], [84.89099121100014, 25.716999055000088], [84.88741302400013, 25.714168550000124], [84.87535858100006, 25.71289062500017], [84.87171173100012, 25.71843910200016], [84.86486816500019, 25.71837043700009], [84.86296081500012, 25.71680259800013], [84.85984802200005, 25.711719513000105], [84.85534667900004, 25.710567474000072], [84.8519287110002, 25.708690643000125], [84.84976959200014, 25.702278138000054], [84.85119628900014, 25.69938087500003], [84.845611572, 25.69679069600005]]]}}, {"type": "Feature", "properties": {"GID_3": "IND.5.33.1_1", "GID_0": "IND", "COUNTRY": "India", "GID_1": "IND.5_1", "NAME_1": "Bihar", "NL_NAME_1": "NA", "GID_2": "IND.5.33_1", "NAME_2": "Sheikhpura", "NL_NAME_2": "NA", "NAME_3": "Sheikhpura", "VARNAME_3": "NA", "NL_NAME_3": "NA", "TYPE_3": "Taluk", "ENGTYPE_3": "Taluk", "CC_3": "NA", "HASC_3": "NA"}, "geometry": {"type": "Polygon", "coordinates": [[[85.88066864000018, 25.00233078100007], [85.8771972670001, 24.995370865000098], [85.87152862600016, 24.990301132000127], [85.86354828000015, 24.990671157000122], [85.85853576700009, 24.99192047100007], [85.8554763790001, 24.987531663000027], [85.84858703600014, 24.985210418999998], [85.83059692300014, 24.985490799000104], [85.83309173500015, 24.987079621000134], [85.83123779300007, 24.987581253000087], [85.83167266900017, 24.989810944000055], [85.82895660400004, 24.99423027100005], [85.81430816700015, 24.989999771000157], [85.80977630500018, 24.987119676000134], [85.80325317400019, 24.97688865700019], [85.79972076400014, 24.973148346000016], [85.79397583000014, 24.97727966299999], [85.78804779000012, 24.980039597000086], [85.78951263500005, 24.982521058000145], [85.78520965600012, 24.988821030000054], [85.78077697800018, 24.990600586000028], [85.77619171100014, 25.00252151500007], [85.77713775600012, 25.00618171700006], [85.76986694300012, 25.00776863100009], [85.76599884100017, 25.007759095000154], [85.76291656400014, 25.004920960000106], [85.76214599600013, 25.002540589000034], [85.76529693600008, 24.992790222000053], [85.76088714700018, 24.992799759000036], [85.75810241600004, 24.99096107600019], [85.75132751400014, 24.9920806880001], [85.74752807599998, 24.994329454000024], [85.74592590300006, 25.00246048000008], [85.74588012600009, 25.003610611000113], [85.73963928100017, 25.00859069900008], [85.74083709700017, 25.01843071100012], [85.75586700400004, 25.01802062900009], [85.76299285800008, 25.018579483000167], [85.76571655300006, 25.02004814100019], [85.76696777400014, 25.023181916000055], [85.76618957500011, 25.025531769000054], [85.76188659600018, 25.0264396660001], [85.76033782900004, 25.02853012100013], [85.76188659600018, 25.031900407000137], [85.76020050000011, 25.037160873000175], [85.76407623300008, 25.04486083900008], [85.76291656400014, 25.050020218000043], [85.76286315900006, 25.059579849000045], [85.7668914800002, 25.06755066000011], [85.76358795099998, 25.077222823000056], [85.76354217600004, 25.08115005500008], [85.76963043200016, 25.08233070500006], [85.76690673900015, 25.088449479000076], [85.7699127200001, 25.093521119000116], [85.76589202900004, 25.09729766900017], [85.75988769500009, 25.100320816000078], [85.75241088900015, 25.102390290000073], [85.751670837, 25.107641221000108], [85.74780273400017, 25.109010697000087], [85.74529266300004, 25.10670089700011], [85.73960876500013, 25.09894943300003], [85.73425292900004, 25.09747123700015], [85.72802734400017, 25.097381592999966], [85.72162628200005, 25.096281051000062], [85.71729278600014, 25.09309959500007], [85.7078094490002, 25.099000931000035], [85.70427703900015, 25.099382401000184], [85.70082092200005, 25.100677490000123], [85.69639587500012, 25.099189758000136], [85.69355010900006, 25.096639633000052], [85.69107055700005, 25.10021972600009], [85.69175720200013, 25.1039505010001], [85.69016265800019, 25.10790062000018], [85.67899322400007, 25.11316108700015], [85.6744003290001, 25.111600876000125], [85.66690063500005, 25.105710983000108], [85.66345214800009, 25.10554123000003], [85.65966033800004, 25.106950761000007], [85.65544891300004, 25.107360840000126], [85.65049743600008, 25.105430603000173], [85.64396667500017, 25.104700088000072], [85.63369750900011, 25.099300385000106], [85.61415863100012, 25.11615753199999], [85.60856628400006, 25.11635017400016], [85.60470581100014, 25.114250183000024], [85.6017532350001, 25.108861923000063], [85.59913635200019, 25.106620788000157], [85.5971374510001, 25.108409882000046], [85.59686279300013, 25.112930299000084], [85.59932708800017, 25.129310609000186], [85.61696624799998, 25.13249015800011], [85.62506103500016, 25.132389068000066], [85.6482696540001, 25.124391556000035], [85.65605163600009, 25.12451934900008], [85.66184234600013, 25.12597084000015], [85.68041229300013, 25.135810853000123], [85.68231964000012, 25.148799897000174], [85.68548584100017, 25.15964126500012], [85.68936157200017, 25.16471099800009], [85.69422149700017, 25.16543960700011], [85.69660949700005, 25.167579652000143], [85.69480133000008, 25.171590805000108], [85.68901062100014, 25.171110153000143], [85.68839264000007, 25.179611206000175], [85.68937683100006, 25.192161561000034], [85.6946563730001, 25.19168281600014], [85.6980667110002, 25.190359117000128], [85.70936584499998, 25.19011116000013], [85.7132568350001, 25.189250945000083], [85.71375274600018, 25.19523048500014], [85.71633911200013, 25.199039459000176], [85.72122955300017, 25.197740555000166], [85.7223968510001, 25.201070786000116], [85.72141265900007, 25.20600128199999], [85.7174224850001, 25.209922791000054], [85.71745300400005, 25.219261169000163], [85.71308135900011, 25.224012374000097], [85.6929016110002, 25.23297119100016], [85.69242858900014, 25.24418067900018], [85.69377136200012, 25.255350113000134], [85.69281005900012, 25.26646041800001], [85.69473266700004, 25.270040513000026], [85.70935821500007, 25.272720337000067], [85.71711730999999, 25.276479720000168], [85.72184753500017, 25.277811050000025], [85.72718811000016, 25.2767505650001], [85.7294998160001, 25.273681641000053], [85.72973632700007, 25.264270783000143], [85.73854064900007, 25.262340545000143], [85.75212860100004, 25.26175117500003], [85.75473785400004, 25.265489577999972], [85.76435089100005, 25.263671875000114], [85.76373291000016, 25.244970321000153], [85.76992797800011, 25.244680405000167], [85.77430725100015, 25.24525070200019], [85.7846908570001, 25.25131034800006], [85.78559112500011, 25.248340607000102], [85.78000640800019, 25.234750747000135], [85.77945709200003, 25.226539612000124], [85.78011322000015, 25.21785926800004], [85.78666687000003, 25.218719483000086], [85.78901672500007, 25.220100403000117], [85.78932189900007, 25.223791123000126], [85.79299926700008, 25.229738235000184], [85.79673767100013, 25.229419708000023], [85.80564880400016, 25.226030351000134], [85.81038665800014, 25.225839614999984], [85.81256103500016, 25.219709397000088], [85.81678009100006, 25.217790605000175], [85.82200622600016, 25.218210220000174], [85.82685852100008, 25.222642900000096], [85.82830810600007, 25.2305297850001], [85.83197784500004, 25.23266983000019], [85.83509826700009, 25.239349365000123], [85.84703064100006, 25.24225235100016], [85.85324096700003, 25.241960524999968], [85.85949707000015, 25.24263954200012], [85.86283111600011, 25.23977279700017], [85.86691284200015, 25.23884010400019], [85.86836242800018, 25.232709884000087], [85.87786102300015, 25.22964096000004], [85.88539123600015, 25.2291183480001], [85.89927673400007, 25.232009888999983], [85.90306854200014, 25.23416137700019], [85.91838836699998, 25.244108201000074], [85.91799926900012, 25.2419300090001], [85.9187469490002, 25.239019395000184], [85.91870117200006, 25.232540131000178], [85.92119598400006, 25.227069855000025], [85.92431640700005, 25.222860337000043], [85.92542266900006, 25.21739006100006], [85.95347595100003, 25.180919647000167], [85.95744323700006, 25.174249650000093], [85.95852661100014, 25.16644096400006], [85.9555206300002, 25.150840760000165], [85.94934845000006, 25.133800507000046], [85.94835662900016, 25.12527084400017], [85.94777679400005, 25.117349626000077], [85.94931793199999, 25.111021042000118], [85.94933319200004, 25.104339599000184], [85.9431991570001, 25.09548950200019], [85.94132232700008, 25.084209443000077], [85.94515991200007, 25.07695961100012], [85.94608307000004, 25.07189941400003], [85.94291686899999, 25.06864166300005], [85.94039154100011, 25.063360214000113], [85.93329620300017, 25.063589097000147], [85.92855072100008, 25.065029143999993], [85.91322326700003, 25.057809831000156], [85.90756225500007, 25.05401039100002], [85.89930725100004, 25.04034996000013], [85.89209747299998, 25.041641236000032], [85.88825225800008, 25.043050767000068], [85.88305664100017, 25.03647995100016], [85.88423919700011, 25.02810287400007], [85.88285827700008, 25.019920350000177], [85.88066864000018, 25.00233078100007]]]}}, {"type": "Feature", "properties": {"GID_3": "IND.5.34.1_1", "GID_0": "IND", "COUNTRY": "India", "GID_1": "IND.5_1", "NAME_1": "Bihar", "NL_NAME_1": "NA", "GID_2": "IND.5.34_1", "NAME_2": "Sheohar", "NL_NAME_2": "NA", "NAME_3": "Sheohar", "VARNAME_3": "NA", "NL_NAME_3": "NA", "TYPE_3": "Taluk", "ENGTYPE_3": "Taluk", "CC_3": "NA", "HASC_3": "NA"}, "geometry": {"type": "Polygon", "coordinates": [[[85.369293212, 26.32670974800004], [85.36879730100014, 26.330989838000164], [85.36390686000004, 26.343490602000145], [85.35389709500004, 26.348501207000027], [85.34851074300008, 26.34626007200012], [85.34413909800014, 26.345970152999996], [85.34626007000008, 26.339202881000176], [85.34243774400005, 26.3402805340001], [85.33825683500004, 26.345809936000023], [85.33392334000007, 26.34608840900006], [85.33381652899999, 26.343328477000114], [85.32936859100005, 26.345449449000114], [85.32802581800007, 26.341552734000174], [85.32847595200019, 26.334289551000097], [85.33019256700004, 26.330701828000144], [85.32787323100013, 26.32893943800019], [85.32345581100003, 26.332509995000123], [85.32070160000012, 26.335990906000063], [85.3200225830002, 26.340208053000026], [85.32158660900012, 26.34675979499997], [85.32039642300003, 26.35132026600013], [85.30986786000011, 26.34815979100017], [85.30161285300017, 26.350849152000023], [85.29736328100012, 26.349689485000113], [85.29141998300008, 26.345500946000186], [85.28309631300004, 26.355390549000163], [85.28102111800001, 26.354951859000096], [85.27955627400013, 26.350650787000063], [85.27599334700017, 26.347751617000142], [85.27413940500003, 26.347539902000165], [85.27458953900015, 26.350820541000076], [85.27568817100013, 26.35593032800017], [85.27944183400012, 26.358598710000138], [85.28940582300004, 26.358659745000125], [85.287055968, 26.362710953000146], [85.27477264500004, 26.36521911699998], [85.27262878500011, 26.36759948700012], [85.2750396730001, 26.370450973000175], [85.28645324700017, 26.37232971300017], [85.28380584600006, 26.377901077000047], [85.28428649900013, 26.38002967900013], [85.2807312020002, 26.381910325000092], [85.27896881200002, 26.38948059200004], [85.27732849200004, 26.390300751000154], [85.2795333860002, 26.396890641000027], [85.27455139200009, 26.3974208840001], [85.26956176800007, 26.393100739000147], [85.26985168499999, 26.388879776000067], [85.2584228520002, 26.395069122000052], [85.25856781100003, 26.400770188000138], [85.25659179600007, 26.40154075700019], [85.25061798100006, 26.39994049200004], [85.24695587200017, 26.40279960600003], [85.24508666900016, 26.405530929000122], [85.24463653600014, 26.409919740000078], [85.25270080600018, 26.413219452000078], [85.25299835200008, 26.412290573000064], [85.25382232600003, 26.414649964000148], [85.24883270200002, 26.418558122000036], [85.24542236300005, 26.417100906000087], [85.23790741000005, 26.41159248300005], [85.23726654000018, 26.41563987800015], [85.23919677800018, 26.419759751000072], [85.23731231700015, 26.422708512000042], [85.23314666700009, 26.422189712000147], [85.23108673100018, 26.42422866800007], [85.22673797700003, 26.424470902000053], [85.22482299700005, 26.417100906000087], [85.22222137500012, 26.418109894000054], [85.21959686200012, 26.422340394000173], [85.21846771200012, 26.426910400999986], [85.2164077750001, 26.42589950600012], [85.2021331790001, 26.428350449000163], [85.20262909000002, 26.43531990000008], [85.2111282350001, 26.43470954900016], [85.20870971699998, 26.44044113200016], [85.20066070500013, 26.4479599], [85.20040893600003, 26.448989868000126], [85.207595825, 26.44943809400013], [85.20770263700018, 26.453010559000006], [85.20488739000018, 26.455749512000068], [85.1954269420001, 26.46029091000014], [85.19284057600015, 26.469181062000132], [85.18461608800015, 26.470819473000063], [85.18385315000012, 26.47451972900012], [85.17996978800016, 26.476350785000136], [85.18105316100014, 26.479450226000154], [85.1747360230001, 26.485731124999973], [85.17278289800004, 26.490140916000087], [85.17566680900018, 26.49512291000019], [85.17433166600011, 26.496389389000058], [85.17476654100011, 26.498920440000177], [85.17767334000018, 26.500160218000076], [85.19534301800007, 26.500488281000116], [85.20951843200004, 26.502809525000146], [85.21134948800017, 26.504739761000167], [85.2162780770002, 26.50532913300009], [85.21821594200009, 26.51089096100003], [85.21483612100008, 26.515460968000014], [85.21321106000005, 26.521312714000146], [85.2181930540001, 26.52407264699997], [85.21630859300006, 26.53325271600005], [85.21452331500018, 26.533220292000067], [85.21158599900014, 26.538900376000186], [85.21380615300012, 26.544910431000176], [85.21459198000008, 26.549751282000045], [85.21608734000017, 26.551509857000156], [85.22307586700009, 26.551887512000064], [85.22570037800011, 26.55136108500011], [85.22756958100013, 26.552431108000064], [85.22612762500017, 26.557390213000133], [85.22862243700018, 26.561040879000018], [85.23188018800016, 26.561759950000123], [85.23210144100011, 26.563381196000137], [85.22814178500005, 26.567390441000157], [85.22614288400013, 26.57057952800011], [85.23406219500015, 26.57308006300019], [85.23763275200008, 26.57149124100016], [85.2407989510001, 26.573589324000125], [85.2415618890002, 26.577890395999987], [85.25187683200005, 26.585790634000148], [85.2550659170002, 26.591510774000028], [85.25627899100004, 26.60202980000014], [85.25551605300012, 26.61073112500003], [85.25641632000008, 26.611360549000096], [85.26000213600014, 26.610631943000044], [85.26523590100004, 26.617080689000147], [85.26322174100017, 26.61837005700005], [85.26554107700002, 26.623180390000073], [85.26719665500008, 26.630252839000036], [85.26962280400016, 26.629980087000035], [85.26904296900005, 26.632761002000166], [85.26200103700006, 26.637268066000047], [85.25998687700002, 26.639480592000155], [85.26043701100014, 26.643629074000046], [85.30589294400005, 26.645290374000183], [85.32312774600018, 26.644569398000044], [85.32982635500008, 26.646909715000163], [85.35102844300019, 26.636169434000124], [85.36441040100004, 26.62559127800006], [85.36033630400004, 26.58077049299999], [85.36141967800012, 26.569988251000154], [85.37310028000007, 26.570369721000077], [85.37982177800006, 26.571952820000092], [85.385421753, 26.568941116000076], [85.37980651900011, 26.559619904000158], [85.38197326600005, 26.549119950000033], [85.36647033700012, 26.54470062300004], [85.36866760300006, 26.538219452000135], [85.38376617500018, 26.535682678000057], [85.39064788800016, 26.53272056600008], [85.3956680300002, 26.519411088000027], [85.39794158900014, 26.515230179000014], [85.40659332199999, 26.51523971500012], [85.41734313900014, 26.516250609999986], [85.4260864260001, 26.51804923900005], [85.43157959000007, 26.520629883000083], [85.43179321300005, 26.528289794000102], [85.44345092700007, 26.539590836000116], [85.46572876100004, 26.49991035400018], [85.46850585900012, 26.490890504000106], [85.46597290000005, 26.484420776000036], [85.45802307200006, 26.477209091000077], [85.43910980300006, 26.46552086000014], [85.4309768670002, 26.461660385000187], [85.42494201700003, 26.456199646000186], [85.42283630300005, 26.44993972800006], [85.4234390260001, 26.441530228000033], [85.42476654100005, 26.438062668000043], [85.44380188100013, 26.421979905000057], [85.45094299300018, 26.41740036000016], [85.45333099500004, 26.41419983000003], [85.45259094300013, 26.410930634000067], [85.44772338900009, 26.401889801000152], [85.44052887000015, 26.394371034000187], [85.42703247000009, 26.377380372000175], [85.4147033700001, 26.373670579000134], [85.4026870720001, 26.37392807100008], [85.39472198600009, 26.37555122399999], [85.38661193800016, 26.37574958900018], [85.38086700400004, 26.37230110200005], [85.37932586700015, 26.365119935000166], [85.38169860800008, 26.358531952000135], [85.38511657800007, 26.352899553000157], [85.38459014900013, 26.345529557000134], [85.37966919000019, 26.33568954399999], [85.369293212, 26.32670974800004]]]}}, {"type": "Feature", "properties": {"GID_3": "IND.5.35.1_1", "GID_0": "IND", "COUNTRY": "India", "GID_1": "IND.5_1", "NAME_1": "Bihar", "NL_NAME_1": "NA", "GID_2": "IND.5.35_1", "NAME_2": "Sitamarhi", "NL_NAME_2": "NA", "NAME_3": "n.a. ( 455)", "VARNAME_3": "NA", "NL_NAME_3": "NA", "TYPE_3": "Taluk", "ENGTYPE_3": "Taluk", "CC_3": "NA", "HASC_3": "NA"}, "geometry": {"type": "MultiPolygon", "coordinates": [[[[85.75901467500012, 26.436332170000185], [85.75834700000007, 26.43609800100006], [85.75725001800004, 26.43619923], [85.75019836300004, 26.436849594000023], [85.74505615200013, 26.435771941000098], [85.74399350100003, 26.435757237000132], [85.73692300000005, 26.4356590000001], [85.72985799900016, 26.437659999000175], [85.7192500770002, 26.447002526000006], [85.71688089400016, 26.449088968000183], [85.70951100000019, 26.44681900000012], [85.70643600000017, 26.449291000000187], [85.7018430500001, 26.447290022000175], [85.70170513200003, 26.44703102700015], [85.69953200000003, 26.442949], [85.70040264700003, 26.44080881800005], [85.70069117600019, 26.44009983000018], [85.70300300000014, 26.43788000100011], [85.70358300000015, 26.434820000000116], [85.70095099999998, 26.431761000000165], [85.69861599900014, 26.424298999000143], [85.69595703100009, 26.42226032299999], [85.6899869990001, 26.417683000000068], [85.68436247800003, 26.41649130400009], [85.68284600100009, 26.416170000000136], [85.68187000000006, 26.41502000100013], [85.6818253400001, 26.410647545000188], [85.6818159990001, 26.409732999000028], [85.68142600300018, 26.408265331000052], [85.68036699900011, 26.40428000100019], [85.68878199900007, 26.39311000000015], [85.6839829990002, 26.37830000000008], [85.68493669600014, 26.377319313000044], [85.6878585820001, 26.37693023700018], [85.68964382500013, 26.37723808900006], [85.69248200000004, 26.37772800000016], [85.69464880600009, 26.37375502300017], [85.6953659850002, 26.372440030000178], [85.69546715500002, 26.37198445300004], [85.6960830700001, 26.369211197000084], [85.69814899200014, 26.366700080000044], [85.69901294400006, 26.365650068000036], [85.69951965300015, 26.365352443000006], [85.70342293700014, 26.36306003800013], [85.70367666100003, 26.363085087000172], [85.70643600000017, 26.36335800100005], [85.70986896100004, 26.36255287700004], [85.7094489690001, 26.361222494000174], [85.70918300000005, 26.360380000000077], [85.70761900000014, 26.35878900000006], [85.69806699900005, 26.35830100000004], [85.69723099100014, 26.357391058000076], [85.69560200100017, 26.355618000000106], [85.69346600099999, 26.354561000000047], [85.68933324000011, 26.354901947000087], [85.68158700000009, 26.355540999000027], [85.67287215900012, 26.35741808100005], [85.66760282700005, 26.358552870000096], [85.66709117300019, 26.358170956000095], [85.66571044900019, 26.35713958700012], [85.66483315100004, 26.355081750000124], [85.66515554000017, 26.354543713000112], [85.66587829700018, 26.353338241000188], [85.66813085700005, 26.352640412000085], [85.66957900100016, 26.352191999000013], [85.67258277000008, 26.35193500600019], [85.676849001, 26.351570001000084], [85.67767313899998, 26.348840958000153], [85.68784306800006, 26.34583294000015], [85.69170858500007, 26.342436529000054], [85.69329800000008, 26.341039999000145], [85.693626, 26.347640999000077], [85.69236916200015, 26.34997382800009], [85.69127700000018, 26.352001000000143], [85.69233751800016, 26.35286484200003], [85.6925280010002, 26.353020001000175], [85.69645617100014, 26.353588176000187], [85.69901300100014, 26.353958000000034], [85.7077479990001, 26.35274099900016], [85.71177589600018, 26.351724446000162], [85.71626300100013, 26.350592000000063], [85.72336600000011, 26.344971000000044], [85.7235014330002, 26.34419842200009], [85.72370147700008, 26.34305953900008], [85.72218322800012, 26.340429306000146], [85.7210464470001, 26.328870774000166], [85.72583007900016, 26.325469970000142], [85.72350311200006, 26.31829071100009], [85.71703338700007, 26.317750930999978], [85.72103095300008, 26.313150123000185], [85.71878180700014, 26.311401804000184], [85.71636200000006, 26.309520999000085], [85.71582140100014, 26.31099189400004], [85.7143630010001, 26.314960000999974], [85.70407900100008, 26.315229001000034], [85.70358506400015, 26.313538374000075], [85.70297200000005, 26.311440000000175], [85.69789592799998, 26.308663126000113], [85.69642639699998, 26.30785926900012], [85.69419097900015, 26.30951118500019], [85.69253805100016, 26.30890209900008], [85.68979636900013, 26.30789213700018], [85.68866729700017, 26.31207084700003], [85.68357828300009, 26.319730823000043], [85.68097709500017, 26.320543839000152], [85.67504119900019, 26.322399139000026], [85.67030334500004, 26.32222938600006], [85.66914394500003, 26.32110559199998], [85.66409301800019, 26.316209794000088], [85.65612030000005, 26.319610596000132], [85.65297699000007, 26.318780899000103], [85.64977264500004, 26.321769714000084], [85.64595030400005, 26.320774104999998], [85.6454010000001, 26.32063102799998], [85.64488007000017, 26.32103414100004], [85.64131927400007, 26.32378959600004], [85.63407128600005, 26.319910085000117], [85.63331182700017, 26.320335998000076], [85.63237800000013, 26.32085999900005], [85.62397000000004, 26.31891100100006], [85.62158212600019, 26.321130884000127], [85.62413269600017, 26.32470373500007], [85.6267929080002, 26.328430176000154], [85.62731170700005, 26.33233070400007], [85.62629699700011, 26.333959580000055], [85.6190490730001, 26.33787155100015], [85.61145782500012, 26.335731506000116], [85.60918600600019, 26.336043272000154], [85.60826110700015, 26.336170196000182], [85.60771727800017, 26.335714859000063], [85.60697200100003, 26.335091000000034], [85.60443900100006, 26.33605000000017], [85.60428437399997, 26.33647464800015], [85.60382843000008, 26.33772850000014], [85.60431474800004, 26.34030899400011], [85.6048129200002, 26.342950572000007], [85.60673815400014, 26.341333736000024], [85.60765822700017, 26.340561046000005], [85.60867309600019, 26.343202591000193], [85.60875701800006, 26.347509385000023], [85.60558319200015, 26.351240158000053], [85.59712219300008, 26.35360908600012], [85.59686872000015, 26.35353395900006], [85.59395600000005, 26.352671000000157], [85.59001200000017, 26.356230000000096], [85.58421312799999, 26.356660991000126], [85.5829886750002, 26.35805630900012], [85.5800170890002, 26.361442566000107], [85.57338714600007, 26.36549758800004], [85.56874454200016, 26.36560419200015], [85.56674200300012, 26.36565017600003], [85.56675768800011, 26.366388554000025], [85.56678008900008, 26.367439199000046], [85.5711975100001, 26.373880386000167], [85.57470933700012, 26.381460458000106], [85.57653045600011, 26.385391235000156], [85.57224625900011, 26.394554454000115], [85.57205200300018, 26.394969939000077], [85.56672668400017, 26.403730392000114], [85.5665175810002, 26.406839147000028], [85.56623800000006, 26.410990000000027], [85.56750533400015, 26.41466090000017], [85.56754300000006, 26.414769999000043], [85.56838433800004, 26.415591305000135], [85.57144900100019, 26.418583000000126], [85.57641599900012, 26.42157000000003], [85.58062277100004, 26.437515602000076], [85.58333587700014, 26.447799682000095], [85.58242799900017, 26.452880929000116], [85.58312760300015, 26.454191512000136], [85.58825683499998, 26.46380043000005], [85.58811187800018, 26.468812942000056], [85.58624585000013, 26.470983054000158], [85.58125306700015, 26.476789190999966], [85.58152330500013, 26.47755718000019], [85.58280899900006, 26.481211001000077], [85.57920449700009, 26.486409128000048], [85.5786971060001, 26.487140848000024], [85.57920284700015, 26.489956099000153], [85.57998700100018, 26.494319999000083], [85.58168967400013, 26.49870497700016], [85.5822829710001, 26.500232925000148], [85.58196197400008, 26.50171362200018], [85.5804060010002, 26.50888999900019], [85.57807420800009, 26.510275422000177], [85.5744630010002, 26.51242100100012], [85.57400265000018, 26.514415031999988], [85.5733409990001, 26.51728100100007], [85.57643100000001, 26.521429000000182], [85.5753713420001, 26.52693054299999], [85.57364699900018, 26.535883001000172], [85.57313746200003, 26.543227632000082], [85.57280700100011, 26.547991000000025], [85.57479957000004, 26.55049510800012], [85.57634000000013, 26.552430999000137], [85.59417698200019, 26.560890034000067], [85.58602100000019, 26.575571001000014], [85.58300000100007, 26.587530000000186], [85.5848260780001, 26.592922564000162], [85.58496097900013, 26.593320937000158], [85.58537642000016, 26.593916770000135], [85.58957661200003, 26.599941095000077], [85.58759855800014, 26.600427747000026], [85.58441925000017, 26.601209641000082], [85.57546234000017, 26.601680756000064], [85.56906441300009, 26.601390739000124], [85.56574199900018, 26.60124000000019], [85.56636798000017, 26.605199866000078], [85.55165899900004, 26.608973000000162], [85.54139700000013, 26.615100999000106], [85.52569599900016, 26.611971001000143], [85.51944718300007, 26.609810065000033], [85.51763861100017, 26.6280258700001], [85.5165559990001, 26.63893100100006], [85.51738818300004, 26.64340752999999], [85.5180509290002, 26.64697261800012], [85.49907684300001, 26.643819810000025], [85.49732944400012, 26.64446188200003], [85.49630000100012, 26.644840001000148], [85.49380992900018, 26.64500161699999], [85.49073791500018, 26.645200730000056], [85.48731338400006, 26.64363935199998], [85.4807818110001, 26.640661208000154], [85.47981262300004, 26.64372253500005], [85.47449943300006, 26.644861559000162], [85.47381600000011, 26.645008000000075], [85.47273558300014, 26.64447941300017], [85.47130600000008, 26.643779999000174], [85.47022924100008, 26.64503059399999], [85.46814700000016, 26.64744900000011], [85.46468687600003, 26.65016383300008], [85.46337900000003, 26.651189999999986], [85.46291830299998, 26.653122351000093], [85.46151700000013, 26.659000000000162], [85.46312700100003, 26.672849999000107], [85.47528082200012, 26.674531976000083], [85.48020172100007, 26.677698135000128], [85.48114998200009, 26.67984517000002], [85.48235290700006, 26.68256978800008], [85.47911673099998, 26.68561781599999], [85.4790729990001, 26.685659000000044], [85.47718291400014, 26.683702263000043], [85.4767760000002, 26.683280999000033], [85.47207599900008, 26.68201099999999], [85.46954106400005, 26.682089384000108], [85.46599600000019, 26.682198999000036], [85.45642100000003, 26.68709900000016], [85.45472567200011, 26.691919223000127], [85.45330810600001, 26.69594955499997], [85.44461880200015, 26.700063985000043], [85.44042200100012, 26.702051001000143], [85.43856953000005, 26.704142866000154], [85.4371719350001, 26.705720901000063], [85.43155676700002, 26.70786092100019], [85.41438300000004, 26.702030000000093], [85.41127180100011, 26.702695194000057], [85.40722700000003, 26.70356000100014], [85.40516700100005, 26.705830000000105], [85.40606871400013, 26.709754524000118], [85.40643300100015, 26.71134000100011], [85.4106670000001, 26.714911000000086], [85.41307843400011, 26.720115592000127], [85.41393299900005, 26.721960000000138], [85.41085100800007, 26.72557099100004], [85.41169198000017, 26.72608813800008], [85.41635900000011, 26.728958000000034], [85.4202914120001, 26.728311113000075], [85.42321000000015, 26.72783100100014], [85.42529935100009, 26.728275233000147], [85.43138885400009, 26.729570388000127], [85.433261345, 26.732150448000084], [85.435699, 26.735510000000033], [85.44190039700004, 26.74056053100003], [85.44690704400011, 26.74463844400003], [85.44837262000004, 26.74844303700013], [85.44927200000006, 26.75077800100007], [85.44667218300015, 26.751139306000027], [85.44206229100007, 26.75177996100018], [85.44542699900012, 26.757789998000135], [85.44734200000005, 26.770731000000126], [85.44798299900003, 26.783269971000095], [85.44811674100009, 26.783306933000176], [85.44869995000016, 26.783468246999973], [85.44928900800005, 26.783632222000165], [85.44977600000016, 26.783767999000133], [85.45375833800017, 26.782133369000064], [85.45481900000016, 26.781698000000176], [85.45574188500007, 26.78231392300006], [85.45567739000012, 26.78205978200009], [85.45563514300011, 26.781893064000144], [85.4606169990002, 26.784115000000156], [85.46099075100005, 26.784364833000097], [85.46060885000014, 26.784691226000007], [85.46033509000006, 26.784925059000102], [85.46617900000007, 26.78877600100003], [85.46648523200014, 26.788555762000044], [85.46682000000015, 26.788315000000182], [85.47099877500011, 26.789110957000048], [85.47521972600003, 26.789915086000065], [85.47776389600006, 26.79163101300003], [85.48011784700003, 26.79321889600004], [85.4812088010001, 26.79953193700004], [85.48152160600011, 26.80135917700005], [85.48156652600011, 26.80174599300011], [85.48159012800011, 26.80194997199999], [85.48679116400001, 26.800742424000077], [85.48783100000009, 26.80050099900012], [85.49831388900014, 26.798115025000072], [85.49824847900004, 26.79936601600008], [85.4982070100001, 26.800157819000162], [85.49736803500002, 26.801204957000095], [85.49749478100006, 26.80134228999998], [85.49811553900008, 26.802015305000168], [85.49885719600007, 26.806145694000065], [85.49919100100004, 26.808006000000148], [85.49874111900016, 26.809158056000058], [85.4994074660001, 26.809473264000076], [85.5002060000001, 26.809850999000105], [85.50070456100008, 26.81078183600016], [85.50072479300013, 26.810819626000068], [85.49997712100009, 26.81189173100006], [85.50209041700015, 26.81313514100009], [85.50388300000003, 26.813739999000006], [85.50560078400008, 26.81487510800008], [85.50581386400012, 26.81501591000017], [85.51044500100005, 26.816025000000025], [85.51067476000014, 26.816083864000063], [85.51129150300011, 26.816242217000138], [85.51379971700015, 26.815749224000115], [85.51461000000012, 26.815590001000146], [85.52211800000015, 26.814116000000126], [85.53229499400004, 26.824565993000135], [85.53324876400006, 26.825558244999968], [85.53529357800016, 26.827686311000036], [85.54508984400019, 26.837865876000023], [85.54579506300018, 26.83760836800002], [85.54709625300018, 26.83713340800017], [85.55562591600011, 26.834028243000034], [85.5581817630001, 26.83980178900009], [85.55991381900003, 26.843715754000186], [85.56321788100001, 26.842486017000112], [85.56792423200017, 26.840734581000163], [85.57288735100019, 26.85311783500015], [85.57429500000006, 26.856630001000156], [85.57642400100008, 26.85923200000002], [85.57765199900007, 26.860731000999976], [85.57954150500012, 26.859682120000173], [85.58038310600017, 26.859214907000137], [85.58141326900005, 26.85611534100019], [85.58269474800016, 26.85703373300015], [85.58473206300005, 26.858493900999974], [85.58858490000006, 26.852281867999977], [85.58801042700003, 26.85152537700003], [85.58783721200018, 26.851297279000164], [85.58768791699998, 26.849276468000028], [85.58751701300008, 26.846960175000106], [85.59413909800008, 26.850046159000044], [85.59678588300011, 26.851296802000036], [85.60211919500017, 26.853817088000028], [85.60921500000012, 26.85701599900011], [85.62164306500017, 26.869339057000104], [85.62261597800011, 26.870205285000168], [85.62622097700006, 26.873414980000064], [85.62861599900015, 26.87307200000015], [85.63152814600011, 26.87264989800019], [85.63668800000005, 26.871902000000148], [85.63799714900006, 26.869028480000054], [85.63854997900017, 26.867815048000182], [85.64256621000004, 26.857948298000053], [85.6446151080001, 26.85291497200018], [85.65391528100014, 26.850425928000107], [85.66380059100004, 26.847847720000118], [85.68254089300007, 26.842960357000095], [85.70161193000013, 26.834102209000093], [85.7047729890001, 26.83263400800007], [85.72332002600001, 26.82001496400011], [85.73101799800014, 26.807815835000156], [85.73097930300003, 26.805783480000116], [85.73091900100002, 26.802615999000125], [85.73262032800005, 26.800115643000026], [85.73374922300007, 26.798875702000032], [85.73671700000006, 26.795615999000063], [85.73702942800014, 26.786407642000086], [85.73711400800005, 26.78391478499998], [85.73734300100006, 26.777717999999993], [85.73706677300015, 26.77633891100004], [85.73572540300017, 26.769639968999968], [85.73314624300014, 26.758724591000146], [85.7310260000001, 26.749749999000073], [85.73635093600012, 26.737203970000053], [85.73337302900006, 26.735820728000135], [85.73287199900017, 26.735588000000064], [85.73240700000014, 26.734718000000044], [85.73369801000018, 26.730481873000087], [85.73371893400014, 26.730413218000024], [85.73051499899998, 26.72951499900006], [85.73107991000012, 26.72746120000005], [85.73174999000014, 26.725025042000084], [85.73156733600013, 26.724991526000167], [85.73111700000015, 26.72490900100013], [85.73083530700006, 26.72485743200008], [85.73038500000018, 26.724775000000193], [85.72972080400012, 26.722967267000058], [85.72841644300007, 26.719415665000042], [85.73013299100018, 26.71744318600014], [85.72933475800016, 26.715286335000144], [85.72714199900014, 26.709362000000112], [85.72864499899998, 26.705763000000047], [85.72709356200016, 26.70337957000004], [85.72678400100006, 26.702904000000103], [85.72714995500013, 26.70004697600018], [85.72655386900016, 26.69971941400007], [85.7265240000001, 26.699703000000113], [85.7264821330001, 26.69968025500009], [85.72578430200019, 26.69930076700018], [85.72759246900011, 26.695211411000002], [85.7276134970001, 26.695163047000108], [85.72763100100013, 26.695124000000135], [85.7256470120002, 26.68640705300004], [85.72602667500007, 26.686071780000077], [85.72765391300004, 26.684635078000042], [85.72733414000015, 26.68429286500009], [85.726936341, 26.683866502000058], [85.72711944700006, 26.683515548000173], [85.72694718700001, 26.68226974700019], [85.72690600099997, 26.68197100000009], [85.7271500010001, 26.68177799900019], [85.72593699900011, 26.674845001000108], [85.72581503100014, 26.673944223000035], [85.72876699900013, 26.673575999000093], [85.72812744800007, 26.671253347000118], [85.72781400100018, 26.670115001000113], [85.73068358000017, 26.66764643800002], [85.73162822800003, 26.666834041000072], [85.73219707100009, 26.666940317000126], [85.73311598700008, 26.667111998000053], [85.73265103900019, 26.666187076000085], [85.73861700000003, 26.663658001000158], [85.73871600000007, 26.66361600000016], [85.73844537100018, 26.66246376600003], [85.73720600000019, 26.65718700000008], [85.73663659500005, 26.656555086000026], [85.73461914100011, 26.65431594900008], [85.73561260600019, 26.653219227000136], [85.735976999, 26.65281700000014], [85.73759500000006, 26.652077001000123], [85.73723165600018, 26.651479670000185], [85.73721313500016, 26.651449203000027], [85.73751831100003, 26.651115417000142], [85.7378692630001, 26.65077018800008], [85.73833482600014, 26.65095701299998], [85.74162511700018, 26.64751755300017], [85.74915313700006, 26.63964843700012], [85.75536346500019, 26.637537003000034], [85.76194763100017, 26.635921478], [85.7638295970001, 26.63465330700018], [85.76760880100016, 26.632107135000183], [85.7690960010001, 26.631202999000152], [85.76997291800006, 26.630671136000103], [85.77176666200018, 26.62958335800016], [85.77550837900009, 26.62894192100009], [85.7760390000002, 26.628850999000065], [85.80221572300007, 26.624363048000077], [85.80316343600003, 26.62385324800016], [85.8038330010001, 26.6234930010001], [85.80410219600009, 26.622124933000066], [85.80546600100001, 26.615193998999985], [85.8055730000001, 26.614670000000103], [85.81069151300005, 26.61035256800011], [85.81190490700004, 26.609329224000135], [85.81832122800012, 26.603818893000096], [85.8155670160001, 26.603820801000097], [85.81412194600011, 26.603940587000068], [85.81124100000011, 26.60417900000016], [85.81046300500014, 26.604369999000085], [85.81356811500018, 26.597520828000086], [85.80605316100014, 26.593030930000054], [85.80669923500011, 26.592024949000063], [85.80982999900016, 26.587151001000166], [85.80872403800004, 26.58388206800015], [85.80696100000017, 26.578670998999996], [85.80444300000005, 26.574671001000183], [85.80132303900007, 26.572530922000112], [85.80148659600019, 26.57219013100007], [85.80193328800004, 26.571260453000093], [85.80314159599999, 26.570500245000062], [85.80400100000008, 26.56996000100014], [85.80384800799999, 26.569205850000174], [85.80294000000004, 26.564729999999997], [85.79969802700009, 26.55723997300015], [85.80279732600013, 26.554061206000142], [85.80352016100016, 26.553319975000193], [85.80460785999998, 26.553146819000062], [85.81105800000006, 26.552120000000116], [85.81581347800005, 26.54729885100005], [85.8193129980001, 26.54375091100013], [85.81923239300005, 26.54134113500004], [85.81913000000003, 26.538279999999986], [85.81677735000005, 26.534637165000106], [85.81548300000009, 26.532633000000146], [85.81430671500004, 26.5315406470001], [85.8116989990001, 26.52911900000015], [85.81120731400017, 26.52801339399997], [85.81080600000018, 26.527111001000037], [85.80927676200014, 26.52634457900001], [85.80401600100015, 26.523708000000113], [85.80399869500013, 26.523657976000038], [85.80258899900019, 26.51958300000001], [85.80007815900012, 26.517511271000103], [85.79950723800005, 26.51704019500005], [85.80162661600008, 26.515781020000077], [85.80268900100015, 26.515150000000062], [85.80281140000005, 26.514052313000093], [85.80293997900009, 26.51289919200019], [85.80005916400006, 26.512788777000026], [85.79643249500009, 26.51264953600014], [85.79462672600016, 26.50860107500006], [85.79405999900007, 26.50733000100007], [85.79191599900014, 26.505640001000017], [85.79173299900009, 26.502821000000097], [85.791175006, 26.501809248000086], [85.79065700100006, 26.500869999000088], [85.78824600100006, 26.499179999000035], [85.78045699900008, 26.499531000000047], [85.78086900000011, 26.504299000000003], [85.78238361200005, 26.506092502000115], [85.78322600000013, 26.50709000100011], [85.784088, 26.51030000000003], [85.78405400100013, 26.514398234000055], [85.78401184000012, 26.51946067800003], [85.78126618400012, 26.51902806400011], [85.7776570010002, 26.518459001000053], [85.77501700000016, 26.52028999900017], [85.77156809100018, 26.520520994000037], [85.7652587890002, 26.515300750000108], [85.76362652800009, 26.51450862500019], [85.76214600000014, 26.513790000000142], [85.76214600000014, 26.511730097000168], [85.76444199900016, 26.510481000000084], [85.7644975770001, 26.509674027000017], [85.76454200100005, 26.509029000000055], [85.76114700000011, 26.50602900100006], [85.75756100000001, 26.500101000000143], [85.75561612800004, 26.499751062000144], [85.75222015300017, 26.49913978600017], [85.7534560690001, 26.491750996000064], [85.76319100000012, 26.491090999999983], [85.7658770000001, 26.488451001000158], [85.76633441800016, 26.48755299200019], [85.7669370000001, 26.48637000100007], [85.76679021199999, 26.485779569999977], [85.76657900000009, 26.484930000000077], [85.76381700100012, 26.48485900100013], [85.76445799200013, 26.481800031000148], [85.764717571, 26.481756680000046], [85.76822700000002, 26.481170999000142], [85.77017983800016, 26.47976111700001], [85.77378485200018, 26.479453107000154], [85.77591700000005, 26.479271000000097], [85.77852611499998, 26.481410960000005], [85.77896700000014, 26.48125587400017], [85.78125790800016, 26.48045003300018], [85.78273800000005, 26.483540000000175], [85.78099100000009, 26.485811000000126], [85.78351826700003, 26.48580520600018], [85.78578916499998, 26.48579989600006], [85.7861469610001, 26.485570984000162], [85.78813200000013, 26.484301000000073], [85.79464000100012, 26.483372000000088], [85.79576037200019, 26.48376956900006], [85.79663800000014, 26.484081000000174], [85.79999186200018, 26.482073990000174], [85.80068197200006, 26.481660960000113], [85.80030082400015, 26.48111880600004], [85.79968300000019, 26.480239999000048], [85.80019989000016, 26.479509968000116], [85.80047607400007, 26.47912025500011], [85.80332375100005, 26.477960287000087], [85.80354300000016, 26.47787100000005], [85.80564900100006, 26.478180000000066], [85.80622875400019, 26.471841916000187], [85.7985763550002, 26.470521927000107], [85.79720303200014, 26.46259111400019], [85.79431900000009, 26.46274899900004], [85.79016175800001, 26.46100755499998], [85.78885693300015, 26.460460842000145], [85.7875370000001, 26.457318999000165], [85.77031701700002, 26.465289993000113], [85.77021310700013, 26.465160830000173], [85.76867685300004, 26.4632510940001], [85.75788116600006, 26.472629548000157], [85.75361633300008, 26.474399566000045], [85.75115203000018, 26.474685854000143], [85.7489700000001, 26.474939000999996], [85.7463229990002, 26.474507999000082], [85.74440749700017, 26.472308469000154], [85.74434700000006, 26.472238978000178], [85.74442299900005, 26.470001006000075], [85.74443192200016, 26.46997912700016], [85.74655200000007, 26.464781000000187], [85.74822999700007, 26.45578001900003], [85.74876625200011, 26.455443239000033], [85.75454700000006, 26.451813001000062], [85.75776831600012, 26.450938344000065], [85.76148200000011, 26.449929999000062], [85.76532700100017, 26.44763000000006], [85.76567092300002, 26.446754556000144], [85.7658770000001, 26.446230001000174], [85.76444064200012, 26.444675735000146], [85.76246606300009, 26.44253906800003], [85.76195779000005, 26.442404529000157], [85.76001739600008, 26.441890718000025], [85.75981140100015, 26.441249848000098], [85.76125335600017, 26.440261841000165], [85.76055145300012, 26.436870575000057], [85.75901467500012, 26.436332170000185]]], [[[87.25131681900012, 27.84311366100019], [87.2537793800002, 27.844726874000173], [87.26291344700019, 27.850713327000108], [87.2524973990001, 27.842874825000138], [87.25248516200003, 27.842867272000092], [87.25227100000006, 27.842899000000102], [87.25118341400014, 27.843061107999972], [87.25130100000013, 27.843107000000032], [87.25131681900012, 27.84311366100019]]], [[[87.26721167100004, 27.850116765000166], [87.2662862580001, 27.849456750000172], [87.26627500000006, 27.849455000000034], [87.26621973200014, 27.849476011000093], [87.2661542800002, 27.84950057700013], [87.26531088800004, 27.849817225000038], [87.26434100000012, 27.850181000000077], [87.26352338500004, 27.85048825300015], [87.26291344700019, 27.850713327000108], [87.26512426600004, 27.850407814000164], [87.26721167100004, 27.850116765000166]]]]}}, {"type": "Feature", "properties": {"GID_3": "IND.5.35.2_1", "GID_0": "IND", "COUNTRY": "India", "GID_1": "IND.5_1", "NAME_1": "Bihar", "NL_NAME_1": "NA", "GID_2": "IND.5.35_1", "NAME_2": "Sitamarhi", "NL_NAME_2": "NA", "NAME_3": "Sitamarhi", "VARNAME_3": "Paschim sitamarhi", "NL_NAME_3": "NA", "TYPE_3": "Taluk", "ENGTYPE_3": "Taluk", "CC_3": "NA", "HASC_3": "NA"}, "geometry": {"type": "Polygon", "coordinates": [[[85.57205200300018, 26.394969939000077], [85.56237030000017, 26.390649797000037], [85.55821228000019, 26.387199402000135], [85.55399322400018, 26.38649749700005], [85.551307678, 26.387002946000052], [85.54737091100014, 26.38163948000016], [85.54413604700005, 26.374019623000038], [85.54000854400005, 26.371021272000178], [85.5302658080002, 26.373689652000166], [85.5267868040001, 26.37257957500009], [85.52378845200019, 26.375900268000123], [85.52426147400007, 26.380161285000156], [85.51743316600016, 26.377370835000193], [85.51383972200017, 26.377130508000107], [85.50138092100008, 26.382940293000047], [85.49859619100005, 26.382400513000164], [85.49681091200006, 26.378969192], [85.49437713600008, 26.37755966100019], [85.49463653500015, 26.372600556000123], [85.49381256200013, 26.364948273000152], [85.49069976800013, 26.363260269000136], [85.48918151900017, 26.364370346000044], [85.48663330000011, 26.35744285600009], [85.48446655400005, 26.35515022300018], [85.48195648100011, 26.354448318000095], [85.478027344, 26.356111526000063], [85.47680664000006, 26.351747514000124], [85.4756088260001, 26.35015106200018], [85.47368621900011, 26.350000382000133], [85.4724960330002, 26.33781242300006], [85.46924591100003, 26.337741852000192], [85.46781158400012, 26.335620881000125], [85.46237945600006, 26.335630416000072], [85.46073913700019, 26.334209442000088], [85.4643630990002, 26.329439163000018], [85.46061706600011, 26.328109741000162], [85.45868682800011, 26.322549821000052], [85.4549179070001, 26.320169449000105], [85.45677185099998, 26.31664085400007], [85.45726776200007, 26.31265068200014], [85.45426940900006, 26.302780152000025], [85.45043182400008, 26.30163002000012], [85.44790649300012, 26.29405975300017], [85.44529724100005, 26.292261124000106], [85.44162750200007, 26.292118072000164], [85.43197631900011, 26.271900177000077], [85.4299011220001, 26.27441024800015], [85.43412780700015, 26.28427124000018], [85.43155670200014, 26.28417968800005], [85.42455291700014, 26.27775955200019], [85.4150772100001, 26.27389907800017], [85.414642334, 26.274660111000173], [85.41941833600015, 26.280130386000053], [85.41908264200009, 26.282779694000055], [85.42106628500017, 26.293411255000137], [85.41530609100016, 26.288818359999993], [85.41403961100019, 26.28549766500015], [85.40389251800019, 26.27214050300006], [85.40193176400015, 26.27741050800006], [85.4016189570001, 26.281049729000188], [85.39935302800012, 26.28354072500008], [85.39916992200006, 26.28671073900017], [85.3970565800002, 26.290832519000105], [85.39951324500015, 26.29132270800011], [85.40255737300009, 26.29054069600005], [85.4048080440001, 26.291370392000147], [85.40172576900005, 26.293659210000158], [85.39795684800004, 26.294279098000118], [85.3942413330002, 26.29260063200013], [85.38976287900005, 26.281829835000053], [85.38757324300002, 26.280870438000193], [85.38519287200018, 26.283779144000164], [85.38469696100009, 26.28880119400003], [85.3859024050002, 26.29245948800019], [85.38884735100015, 26.295539855000072], [85.39669036800007, 26.29792022700019], [85.39363098200005, 26.30096054100005], [85.39248657100012, 26.303220750000094], [85.39325714200004, 26.305910111000117], [85.39512634200014, 26.30669975300009], [85.4007720940001, 26.303979873000117], [85.40727233900014, 26.303489685000045], [85.40885925300017, 26.306350709000185], [85.4015731820001, 26.320150376000186], [85.39441680900018, 26.319900514000153], [85.39100646900005, 26.312330247000034], [85.38450622500011, 26.323709488000134], [85.379318237, 26.32648277300001], [85.37557983400006, 26.324449540000103], [85.38273620700005, 26.321830750000117], [85.38404083300014, 26.315309524000043], [85.38688659600018, 26.309972764000065], [85.38475799600008, 26.309360505000143], [85.38105773800015, 26.30964088600018], [85.37534332300015, 26.311260224000023], [85.371917725, 26.313608169000076], [85.36888122500011, 26.31739044200009], [85.36817932200006, 26.32217979400008], [85.369293212, 26.32670974800004], [85.37966919000019, 26.33568954399999], [85.38459014900013, 26.345529557000134], [85.38511657800007, 26.352899553000157], [85.38169860800008, 26.358531952000135], [85.37932586700015, 26.365119935000166], [85.38086700400004, 26.37230110200005], [85.38661193800016, 26.37574958900018], [85.39472198600009, 26.37555122399999], [85.4026870720001, 26.37392807100008], [85.4147033700001, 26.373670579000134], [85.42703247000009, 26.377380372000175], [85.44052887000015, 26.394371034000187], [85.44772338900009, 26.401889801000152], [85.45259094300013, 26.410930634000067], [85.45333099500004, 26.41419983000003], [85.45094299300018, 26.41740036000016], [85.44380188100013, 26.421979905000057], [85.42476654100005, 26.438062668000043], [85.4234390260001, 26.441530228000033], [85.42283630300005, 26.44993972800006], [85.42494201700003, 26.456199646000186], [85.4309768670002, 26.461660385000187], [85.43910980300006, 26.46552086000014], [85.45802307200006, 26.477209091000077], [85.46597290000005, 26.484420776000036], [85.46850585900012, 26.490890504000106], [85.46572876100004, 26.49991035400018], [85.44345092700007, 26.539590836000116], [85.43179321300005, 26.528289794000102], [85.43157959000007, 26.520629883000083], [85.4260864260001, 26.51804923900005], [85.41734313900014, 26.516250609999986], [85.40659332199999, 26.51523971500012], [85.39794158900014, 26.515230179000014], [85.3956680300002, 26.519411088000027], [85.39064788800016, 26.53272056600008], [85.38376617500018, 26.535682678000057], [85.36866760300006, 26.538219452000135], [85.36647033700012, 26.54470062300004], [85.38197326600005, 26.549119950000033], [85.37980651900011, 26.559619904000158], [85.385421753, 26.568941116000076], [85.37982177800006, 26.571952820000092], [85.37310028000007, 26.570369721000077], [85.36141967800012, 26.569988251000154], [85.36033630400004, 26.58077049299999], [85.36441040100004, 26.62559127800006], [85.35102844300019, 26.636169434000124], [85.32982635500008, 26.646909715000163], [85.32312774600018, 26.644569398000044], [85.30589294400005, 26.645290374000183], [85.26043701100014, 26.643629074000046], [85.26106262300004, 26.64908981400015], [85.25998687700002, 26.651350020999985], [85.2603378290001, 26.655830382999966], [85.25316619800014, 26.660007476000033], [85.25103759800004, 26.666368483999975], [85.24719238300014, 26.666812897000057], [85.24479675300017, 26.66960907100014], [85.23944854700011, 26.65958976700017], [85.23069763200004, 26.669069291000085], [85.23253631600011, 26.67555046200016], [85.23287963899998, 26.67999267500005], [85.24581909099999, 26.688190460000044], [85.24890136800002, 26.694601060000082], [85.2523727410001, 26.69145965500013], [85.25408172600004, 26.695989610000026], [85.2505722040001, 26.713939666000158], [85.25012207000015, 26.720800400000087], [85.25186157200017, 26.73265075800009], [85.24568176200012, 26.735710144000052], [85.25141906800019, 26.74887275800006], [85.24848938100013, 26.756692887000042], [85.24858856300017, 26.758029937000003], [85.24948120000005, 26.75752067600007], [85.2517929080002, 26.757440567000117], [85.25550842300004, 26.75647163400015], [85.25962829600013, 26.75603103600008], [85.25985717900016, 26.756006242000183], [85.26251983600008, 26.75501442000018], [85.28576660100003, 26.753656386999978], [85.28660583500016, 26.753608705000147], [85.28724670500009, 26.753549577000058], [85.30251312300004, 26.752117156999986], [85.30407714800009, 26.75238609300004], [85.30611419600001, 26.75273704600005], [85.32010650700005, 26.74889945900003], [85.32450866600004, 26.745002747000058], [85.32471465999998, 26.74481773299999], [85.32497406000016, 26.744857787000115], [85.32518768300014, 26.744932176000134], [85.32910156300017, 26.746274949000167], [85.32863616900005, 26.74554443400018], [85.32798767100019, 26.74453544700009], [85.3363189690001, 26.741415024000105], [85.35719299300007, 26.760194778000027], [85.35930633600009, 26.760940551000147], [85.36057281600006, 26.76157569800006], [85.363525391, 26.76305198700004], [85.36536407500012, 26.760755540000048], [85.36601257300009, 26.75994491700004], [85.37171936000004, 26.758115769000028], [85.37711334300019, 26.760616303000177], [85.3803024300002, 26.76504135099998], [85.3861389160001, 26.774019241000133], [85.39421844500009, 26.775215150000065], [85.39912414500009, 26.778009416000145], [85.4046173100001, 26.78271484400011], [85.40802001899999, 26.78902626000007], [85.4096374520002, 26.791137696000135], [85.41159057600015, 26.79093170100009], [85.41907501200018, 26.790121078000027], [85.42208099300007, 26.788560868000104], [85.4274063100001, 26.785795213000142], [85.43111419600012, 26.78621482800014], [85.43129730200013, 26.786336899000048], [85.43473815900018, 26.7898960120001], [85.43593597500018, 26.78935814000016], [85.43722534200003, 26.788776398000152], [85.44869995000016, 26.783468246999973], [85.44811674100009, 26.783306933000176], [85.44798299900003, 26.783269971000095], [85.44734200000005, 26.770731000000126], [85.44542699900012, 26.757789998000135], [85.44206229100007, 26.75177996100018], [85.44667218300015, 26.751139306000027], [85.44927200000006, 26.75077800100007], [85.44837262000004, 26.74844303700013], [85.44690704400011, 26.74463844400003], [85.44190039700004, 26.74056053100003], [85.435699, 26.735510000000033], [85.433261345, 26.732150448000084], [85.43138885400009, 26.729570388000127], [85.42529935100009, 26.728275233000147], [85.42321000000015, 26.72783100100014], [85.4202914120001, 26.728311113000075], [85.41635900000011, 26.728958000000034], [85.41169198000017, 26.72608813800008], [85.41085100800007, 26.72557099100004], [85.41393299900005, 26.721960000000138], [85.41307843400011, 26.720115592000127], [85.4106670000001, 26.714911000000086], [85.40643300100015, 26.71134000100011], [85.40606871400013, 26.709754524000118], [85.40516700100005, 26.705830000000105], [85.40722700000003, 26.70356000100014], [85.41127180100011, 26.702695194000057], [85.41438300000004, 26.702030000000093], [85.43155676700002, 26.70786092100019], [85.4371719350001, 26.705720901000063], [85.43856953000005, 26.704142866000154], [85.44042200100012, 26.702051001000143], [85.44461880200015, 26.700063985000043], [85.45330810600001, 26.69594955499997], [85.45472567200011, 26.691919223000127], [85.45642100000003, 26.68709900000016], [85.46599600000019, 26.682198999000036], [85.46954106400005, 26.682089384000108], [85.47207599900008, 26.68201099999999], [85.4767760000002, 26.683280999000033], [85.47718291400014, 26.683702263000043], [85.4790729990001, 26.685659000000044], [85.47911673099998, 26.68561781599999], [85.48235290700006, 26.68256978800008], [85.48114998200009, 26.67984517000002], [85.48020172100007, 26.677698135000128], [85.47528082200012, 26.674531976000083], [85.46312700100003, 26.672849999000107], [85.46151700000013, 26.659000000000162], [85.46291830299998, 26.653122351000093], [85.46337900000003, 26.651189999999986], [85.46468687600003, 26.65016383300008], [85.46814700000016, 26.64744900000011], [85.47022924100008, 26.64503059399999], [85.47130600000008, 26.643779999000174], [85.47273558300014, 26.64447941300017], [85.47381600000011, 26.645008000000075], [85.47449943300006, 26.644861559000162], [85.47981262300004, 26.64372253500005], [85.4807818110001, 26.640661208000154], [85.48731338400006, 26.64363935199998], [85.49073791500018, 26.645200730000056], [85.49380992900018, 26.64500161699999], [85.49630000100012, 26.644840001000148], [85.49732944400012, 26.64446188200003], [85.49907684300001, 26.643819810000025], [85.5180509290002, 26.64697261800012], [85.51738818300004, 26.64340752999999], [85.5165559990001, 26.63893100100006], [85.51763861100017, 26.6280258700001], [85.51944718300007, 26.609810065000033], [85.52569599900016, 26.611971001000143], [85.54139700000013, 26.615100999000106], [85.55165899900004, 26.608973000000162], [85.56636798000017, 26.605199866000078], [85.56574199900018, 26.60124000000019], [85.56906441300009, 26.601390739000124], [85.57546234000017, 26.601680756000064], [85.58441925000017, 26.601209641000082], [85.58759855800014, 26.600427747000026], [85.58957661200003, 26.599941095000077], [85.58537642000016, 26.593916770000135], [85.58496097900013, 26.593320937000158], [85.5848260780001, 26.592922564000162], [85.58300000100007, 26.587530000000186], [85.58602100000019, 26.575571001000014], [85.59417698200019, 26.560890034000067], [85.57634000000013, 26.552430999000137], [85.57479957000004, 26.55049510800012], [85.57280700100011, 26.547991000000025], [85.57313746200003, 26.543227632000082], [85.57364699900018, 26.535883001000172], [85.5753713420001, 26.52693054299999], [85.57643100000001, 26.521429000000182], [85.5733409990001, 26.51728100100007], [85.57400265000018, 26.514415031999988], [85.5744630010002, 26.51242100100012], [85.57807420800009, 26.510275422000177], [85.5804060010002, 26.50888999900019], [85.58196197400008, 26.50171362200018], [85.5822829710001, 26.500232925000148], [85.58168967400013, 26.49870497700016], [85.57998700100018, 26.494319999000083], [85.57920284700015, 26.489956099000153], [85.5786971060001, 26.487140848000024], [85.57920449700009, 26.486409128000048], [85.58280899900006, 26.481211001000077], [85.58152330500013, 26.47755718000019], [85.58125306700015, 26.476789190999966], [85.58624585000013, 26.470983054000158], [85.58811187800018, 26.468812942000056], [85.58825683499998, 26.46380043000005], [85.58312760300015, 26.454191512000136], [85.58242799900017, 26.452880929000116], [85.58333587700014, 26.447799682000095], [85.58062277100004, 26.437515602000076], [85.57641599900012, 26.42157000000003], [85.57144900100019, 26.418583000000126], [85.56838433800004, 26.415591305000135], [85.56754300000006, 26.414769999000043], [85.56750533400015, 26.41466090000017], [85.56623800000006, 26.410990000000027], [85.5665175810002, 26.406839147000028], [85.56672668400017, 26.403730392000114], [85.57205200300018, 26.394969939000077]]]}}, {"type": "Feature", "properties": {"GID_3": "IND.5.36.1_1", "GID_0": "IND", "COUNTRY": "India", "GID_1": "IND.5_1", "NAME_1": "Bihar", "NL_NAME_1": "NA", "GID_2": "IND.5.36_1", "NAME_2": "Siwan", "NL_NAME_2": "NA", "NAME_3": "Siwan", "VARNAME_3": "NA", "NL_NAME_3": "NA", "TYPE_3": "Taluk", "ENGTYPE_3": "Taluk", "CC_3": "NA", "HASC_3": "NA"}, "geometry": {"type": "Polygon", "coordinates": [[[84.17135620200014, 26.37397956799998], [84.1804122920002, 26.37072944600004], [84.18665313700006, 26.364521027000137], [84.19284820500019, 26.36325073300003], [84.19111633300008, 26.35884094400012], [84.20667266800012, 26.35489082400011], [84.20228576700015, 26.34976005600015], [84.20526123100012, 26.341049194999982], [84.20890808200016, 26.336090088000105], [84.21990966800007, 26.332750321000105], [84.22605133000019, 26.327169418999972], [84.23484802300015, 26.325649260999967], [84.23597717300015, 26.317930221999973], [84.24169158800004, 26.31557273900006], [84.25596618700007, 26.314670564000096], [84.27044677800018, 26.308250428000065], [84.28096771100019, 26.318769456000155], [84.28694915699998, 26.31722259600008], [84.29839325000017, 26.319852829000183], [84.30444335900012, 26.32380294899997], [84.3138961790001, 26.331979751999995], [84.33261871400015, 26.321662904000107], [84.33143615600017, 26.312942505000024], [84.33455658000008, 26.307149887000037], [84.33943939100004, 26.30359077500009], [84.34826660200008, 26.30039024500013], [84.35721588200016, 26.301668167000173], [84.35588073700006, 26.30759811500019], [84.35639953600008, 26.330989838000164], [84.36154174700005, 26.339090348000184], [84.36038208000008, 26.345140457000127], [84.36081695500013, 26.356210708000106], [84.35556030200013, 26.36523056100009], [84.35658264200015, 26.36993026800019], [84.37390899600007, 26.37232971300017], [84.3793411260001, 26.37462043800008], [84.39734649700011, 26.36889076200015], [84.40632629300006, 26.371891023000103], [84.41204834100012, 26.371250153000062], [84.42732238700017, 26.376361847000055], [84.44960784900007, 26.371330261000082], [84.45141601600017, 26.36693954600014], [84.45244598400012, 26.357559204000097], [84.44740295500003, 26.35203933800011], [84.46156311100015, 26.347160339000084], [84.46810150200014, 26.343692779000037], [84.47209167500017, 26.346170425000082], [84.47583770800003, 26.33866119300012], [84.47873687800012, 26.336841583000023], [84.4909591670002, 26.334400178000067], [84.49800872900016, 26.336610795000126], [84.50419616700015, 26.332860946000096], [84.51116943300013, 26.336900711000112], [84.51407623200004, 26.340879440000094], [84.5226669320001, 26.33934974800019], [84.54399108900014, 26.324329377000026], [84.54231262300016, 26.318939209000064], [84.53376770000006, 26.313180924000164], [84.52986908000008, 26.30778121900005], [84.54776763800004, 26.299449921000132], [84.55031585800003, 26.314990997000052], [84.56137085000012, 26.316511155000114], [84.56382751600012, 26.32348823500007], [84.58241271899999, 26.32526016300011], [84.58374023400017, 26.31904983600009], [84.58917999400012, 26.31465911900017], [84.60077667200005, 26.312910079000005], [84.60563659700006, 26.30554008600012], [84.61469268700012, 26.304452895000168], [84.6369857790001, 26.306510925999987], [84.64788818500011, 26.30579948400009], [84.64465332100013, 26.279590607000046], [84.64919281100003, 26.274690628000087], [84.66632842900015, 26.27371978800005], [84.66748809800009, 26.269620895000116], [84.6760177610002, 26.268470764000085], [84.67884063800005, 26.264181138000083], [84.67594146700009, 26.258251190000067], [84.67807006900017, 26.240800858], [84.684906007, 26.238412858000174], [84.6989212040001, 26.24172020000009], [84.70818328800016, 26.24234962500003], [84.71305847100018, 26.235269546000154], [84.72132110600006, 26.233949661000054], [84.72592163100012, 26.230550767000068], [84.73660278400007, 26.228630067000097], [84.74826049800004, 26.232139587000063], [84.74655151300016, 26.21436119100008], [84.7547073360002, 26.212709426000117], [84.76007080100015, 26.204380036000146], [84.77014923100006, 26.19999122500019], [84.76934051600017, 26.192131042000085], [84.77413177500006, 26.184061051000185], [84.77231597800017, 26.178010940000092], [84.76325988800016, 26.176300050000066], [84.75544738800016, 26.170150757000158], [84.75337219300013, 26.14954948400009], [84.75052642900005, 26.143039704000046], [84.72512817400008, 26.133220674000142], [84.72466278000013, 26.125869752000142], [84.71076202400019, 26.12244033900015], [84.70424652100013, 26.094139100000177], [84.7041778570001, 26.088737487000117], [84.69940185600012, 26.084331513000052], [84.67456817500016, 26.08182907100013], [84.66590881400015, 26.077810287000148], [84.65785980200013, 26.076602936000143], [84.63684082000009, 26.077959062000104], [84.62641906700009, 26.079530716000136], [84.61781311100003, 26.08423805300015], [84.61589050300012, 26.09168052700005], [84.6122131350001, 26.09437942600016], [84.6057205190001, 26.09003067000009], [84.60737609900013, 26.084951402000115], [84.6069183350001, 26.07462120100007], [84.604888915, 26.065851212000155], [84.60092163100006, 26.06977081299999], [84.5937118540001, 26.07381057700013], [84.58708190800007, 26.07370948800019], [84.58609008900015, 26.065620423000155], [84.58162689200009, 26.057350159000123], [84.58207702600004, 26.052520752000135], [84.57620239300007, 26.045600890999992], [84.56838989200014, 26.043851853000092], [84.56434631300016, 26.035039903000154], [84.54347992000004, 26.032541276000075], [84.51403808499998, 26.038080216000083], [84.50183868400006, 26.02996063300003], [84.49523925700015, 26.02923965400015], [84.48709106500007, 26.03588104300013], [84.46412658700018, 26.02947044500013], [84.44641876200006, 26.031419754000012], [84.43863678000008, 26.032960891000073], [84.43363952600015, 26.036119461000112], [84.42497253400018, 26.030670166000164], [84.42003631500006, 26.033422470000176], [84.4075164790001, 26.034360886], [84.40499115000017, 26.024311066000166], [84.40249633800016, 26.021240234000118], [84.40239715600012, 26.015119552000158], [84.42060089200015, 26.014759063000042], [84.42133331400015, 26.00279045200017], [84.42257690400004, 25.996690751000074], [84.44667053300003, 25.994739531999983], [84.44666290300012, 25.988639831000057], [84.4438323980001, 25.98134040900004], [84.43696594100015, 25.980619431000093], [84.4319458010001, 25.96256065400007], [84.44093322700013, 25.95429039000004], [84.45130157500006, 25.955970765000075], [84.45343780500002, 25.953769685000054], [84.45379638700007, 25.95002937200013], [84.44986724800009, 25.93721008400007], [84.45450592100013, 25.93736076400012], [84.45400238000013, 25.923950195000145], [84.45464325000006, 25.92209816100018], [84.45941162100013, 25.919828415000154], [84.45066070500013, 25.890220642000088], [84.44371795700016, 25.88966941900003], [84.43118286000009, 25.89266967700013], [84.42768859900008, 25.891189575000055], [84.42331695600012, 25.89242172300004], [84.42417144700005, 25.89833831800013], [84.42151641700013, 25.902208329000132], [84.4175415040001, 25.911439896000047], [84.40928649900019, 25.924381256000174], [84.40830230800003, 25.931350709000128], [84.38629150400016, 25.938180924000108], [84.36501312200011, 25.95053291300013], [84.35138702400013, 25.959341049000045], [84.34880066, 25.959981919000143], [84.34371185400016, 25.958730697000192], [84.31385040200013, 25.94796943800003], [84.30927276500017, 25.946889878000036], [84.30310821600006, 25.946390152000106], [84.2963333140001, 25.946989060000078], [84.29155731200018, 25.94828033500005], [84.28366089000014, 25.9556007380001], [84.27536773600019, 25.961290360000135], [84.2645874010002, 25.967260362000104], [84.25466918900008, 25.971088409000004], [84.24455261200012, 25.97681808500016], [84.2404861440001, 25.982759476000126], [84.23522949300013, 25.986000060000038], [84.22344207800012, 25.991170883000052], [84.21412658700001, 25.996200561000023], [84.201812744, 26.0005607600001], [84.19474792600005, 25.99130058300011], [84.19227600000016, 25.989538193000158], [84.17640686100015, 25.99775123600017], [84.1724395760001, 25.998790741999983], [84.17024231000016, 25.991661073000103], [84.16622924700005, 25.99150085499997], [84.16600799700001, 26.00270080500013], [84.16726684600019, 26.025470735000113], [84.15902710000017, 26.032241822000174], [84.13667297400013, 26.047010422000028], [84.12792205700003, 26.055530548000092], [84.11605072100014, 26.074880600000142], [84.10717010500002, 26.081712723000066], [84.09104156400008, 26.096540450000077], [84.0811386100001, 26.099769592000087], [84.06923675500008, 26.09912109400011], [84.04905700700016, 26.099700928000118], [84.04824829100005, 26.10383033700009], [84.04514312800006, 26.106319428000063], [84.04223632700018, 26.11162185700016], [84.04361724900019, 26.117170334000093], [84.04187774700017, 26.120500565000043], [84.0452423100001, 26.12042045600009], [84.04239654500009, 26.13154983600009], [84.03362274100016, 26.137479783000174], [84.01814270000017, 26.14512062099999], [84.02363586500019, 26.154140472000165], [84.02731323299997, 26.15303039500003], [84.02841186400002, 26.159620286000063], [84.02784729000007, 26.162960052000187], [84.02289581300005, 26.16534805400005], [84.0197067260001, 26.16406249900018], [84.01381683300008, 26.16698074300001], [84.00302124000012, 26.178230286000087], [84.00406646800008, 26.18069076600011], [84.00211334200014, 26.190139771000077], [84.00901031500013, 26.19955825800014], [84.01499939000013, 26.19742965800009], [84.02044677800001, 26.19755935600017], [84.02359008800005, 26.200920106000012], [84.02323913700008, 26.204490661000136], [84.0195007320001, 26.206010820000074], [84.01902008100001, 26.20928955100004], [84.02091216999997, 26.21422004700014], [84.02426910500003, 26.21976089400016], [84.02047729500015, 26.223649979000186], [84.01676940900012, 26.22161293100004], [84.00946044900007, 26.22392082200014], [84.00820159900019, 26.225311279000152], [84.0055160510002, 26.234069825000063], [84.01091003400018, 26.235811233999982], [84.0104827890001, 26.238790513000026], [84.01152038500015, 26.240682601999993], [84.01412200900012, 26.24058914200009], [84.0183868420001, 26.238780975000168], [84.02050018300008, 26.241630554000096], [84.02400207500011, 26.239589691000106], [84.03132629300006, 26.239070892000086], [84.0311584480001, 26.235670090000042], [84.03363037100007, 26.232088089000058], [84.04680633600003, 26.23019027800018], [84.04943847700014, 26.2255706790001], [84.05726623600003, 26.22521019000004], [84.05835724000008, 26.226749421000136], [84.07357788100006, 26.22488021900017], [84.0736770630001, 26.22103118900003], [84.07936859200004, 26.221210480000025], [84.0801467890002, 26.224420546999966], [84.0819015510001, 26.22710037300004], [84.07952117900015, 26.23184013500014], [84.0873870850001, 26.23653984000009], [84.09137725700003, 26.234029770000063], [84.0922927850001, 26.240221023000117], [84.10035705500013, 26.239280701000098], [84.10135650700005, 26.24307060400008], [84.11045837400007, 26.241830826000182], [84.11270141600005, 26.24967956600011], [84.10994720500014, 26.25309753400012], [84.1123428350001, 26.25657272400008], [84.11295318600008, 26.261920930000088], [84.12375640900018, 26.258819580000193], [84.12594604500015, 26.261449815000105], [84.14140319900008, 26.25774955700018], [84.14533996600017, 26.26165962200014], [84.15347290000017, 26.245269775000054], [84.15730285600017, 26.24413108900012], [84.15934753500017, 26.245901109000044], [84.15570831400004, 26.252540588000045], [84.1551284790001, 26.257720948000042], [84.15740203900009, 26.260919570000056], [84.1636505140001, 26.261369706000153], [84.16761779700016, 26.26402092000012], [84.17135620200014, 26.267730712000116], [84.17099762000015, 26.270500184000127], [84.16815948500005, 26.27367973300005], [84.16964721700003, 26.277231217000065], [84.17096710200008, 26.286640168000076], [84.16874694800009, 26.292869568000185], [84.17150878900009, 26.303691863999973], [84.17944335900006, 26.311780929000065], [84.18173980700016, 26.317039490000184], [84.17681884800004, 26.322490693000134], [84.1672058100001, 26.338109970000062], [84.16723632900005, 26.360229492000087], [84.16961669900019, 26.3625602730001], [84.17135620200014, 26.37397956799998]]]}}, {"type": "Feature", "properties": {"GID_3": "IND.5.37.1_1", "GID_0": "IND", "COUNTRY": "India", "GID_1": "IND.5_1", "NAME_1": "Bihar", "NL_NAME_1": "NA", "GID_2": "IND.5.37_1", "NAME_2": "Supaul", "NL_NAME_2": "NA", "NAME_3": "Birpur", "VARNAME_3": "NA", "NL_NAME_3": "NA", "TYPE_3": "Taluk", "ENGTYPE_3": "Taluk", "CC_3": "NA", "HASC_3": "NA"}, "geometry": {"type": "Polygon", "coordinates": [[[87.03588104200014, 26.556596756000147], [87.03639221100008, 26.554990768000096], [87.04897308300008, 26.55421066400004], [87.0521774280001, 26.548770904000094], [87.05359649700017, 26.543581008000046], [87.05384063600002, 26.538600922000114], [87.0475769050002, 26.536590576000037], [87.04561615000006, 26.532470703000115], [87.04532623200004, 26.527540207000186], [87.04573822100014, 26.525190354000188], [87.0485687260001, 26.52164077800012], [87.04852294900013, 26.512308120000114], [87.03988647500017, 26.509149552000054], [87.03856659000013, 26.504299165000134], [87.04013061600006, 26.49831008900003], [87.0434570320001, 26.494770051000046], [87.04779052700013, 26.492059709000102], [87.05074310300017, 26.48917007600005], [87.05101013100006, 26.486211777000165], [87.04358673100012, 26.484870912000133], [87.04319000200007, 26.4831504820001], [87.04493713400018, 26.481531143000097], [87.0430831920001, 26.47953033400006], [87.04722595100014, 26.475179673000014], [87.0492630010001, 26.467929841000057], [87.05269622800006, 26.465980529000092], [87.05683135900011, 26.465131760000077], [87.05960845900006, 26.46190071100017], [87.05943298300008, 26.458999634000065], [87.05364227400014, 26.456712723000123], [87.05605316200013, 26.453638076000175], [87.05651092599999, 26.4486503600001], [87.05922699100012, 26.44581985500014], [87.0610122670002, 26.440240861000007], [87.05113983200005, 26.440509796000185], [87.04881286600005, 26.432521821000137], [87.0516128540001, 26.429359436000027], [87.05761718800005, 26.42840957600015], [87.0602798450002, 26.425760270000126], [87.06038665800003, 26.42012977600001], [87.06265258900004, 26.414110184000037], [87.06646728499999, 26.411090851999973], [87.06833648800006, 26.40768051200007], [87.06517791700009, 26.403539658000113], [87.06033325300018, 26.401851654000097], [87.05739593500016, 26.402561188000163], [87.0536193850001, 26.407510757000182], [87.05277252100007, 26.410039903000154], [87.04888915900005, 26.41101074300019], [87.05001068100012, 26.403810501000066], [87.05193328900003, 26.398122787000034], [87.05586242599998, 26.39631080700019], [87.06556701600005, 26.38494110200014], [87.06785583500016, 26.377111435000074], [87.06513977000003, 26.373659133000046], [87.06559753400006, 26.369310379000126], [87.05844879200009, 26.36721038799999], [87.05459594700011, 26.364700318000132], [87.05532074000013, 26.360071182000127], [87.05934905900011, 26.358930588000078], [87.05902862600016, 26.35494041400017], [87.06192016700004, 26.346942901000034], [87.0625610350001, 26.33860969600005], [87.05998992899998, 26.334779739000112], [87.05654144300013, 26.33740997400008], [87.05162811200012, 26.337881089000064], [87.04769134500009, 26.33781242300006], [87.0440063480001, 26.335601807000103], [87.03875732400013, 26.336299897000174], [87.03943634100006, 26.331600190000074], [87.0381088260001, 26.32422065700007], [87.03616333000008, 26.32241058400018], [87.03153228800005, 26.32022094700011], [87.03813171500013, 26.313432694000028], [87.03943634100006, 26.30562019500013], [87.0408325190001, 26.3019104010001], [87.04907226500012, 26.29874038700018], [87.06179046600005, 26.296390535000114], [87.0625076300002, 26.29418945400016], [87.05886840900013, 26.292198181000174], [87.05890655600018, 26.287139894000063], [87.05784606900005, 26.279771806000042], [87.05414581300016, 26.27198028600003], [87.0568161010001, 26.266780853000114], [87.05635833700006, 26.261400223000123], [87.05728912299998, 26.252819061000082], [87.05932617300016, 26.24604034500004], [87.06210327100007, 26.244239806000166], [87.06339263900014, 26.240400314000112], [87.06685638400012, 26.239200592000145], [87.07063293500005, 26.23571968200008], [87.07276916500007, 26.232070923000038], [87.06788635200007, 26.22610282900007], [87.06936645600018, 26.22272110000017], [87.07380676200006, 26.22131919900005], [87.0786361700001, 26.217929841000114], [87.08085632400014, 26.214799882000023], [87.08506011900005, 26.210979462000125], [87.0862960820001, 26.208629608000024], [87.08576202400013, 26.20696258700002], [87.08802032500006, 26.203439712000147], [87.08116149900007, 26.199729920000152], [87.08014678900014, 26.19684982300015], [87.08071136500013, 26.19365120000009], [87.07682800300017, 26.191469193000103], [87.07509613000013, 26.188940048000177], [87.07668304400016, 26.187751768999988], [87.08053588900003, 26.18787956300008], [87.08892822300004, 26.189809800000035], [87.09858703499998, 26.189199447000078], [87.1029815660001, 26.189781189000087], [87.1048431390002, 26.185319900000138], [87.10407257000008, 26.179981232000046], [87.09951019300019, 26.172050476000038], [87.09410095200019, 26.165420533000088], [87.09078979500003, 26.162919998000064], [87.09152221700003, 26.159971237000036], [87.09543609500008, 26.155809402000045], [87.09507751600017, 26.14415931700006], [87.09292602500005, 26.139310837000153], [87.08943176400004, 26.13624954300019], [87.07560730100005, 26.135770798000067], [87.07414245500019, 26.131071090999967], [87.07713318000009, 26.124839783000084], [87.07672119100005, 26.12190818900018], [87.06756591900012, 26.11976051300013], [87.06302642900005, 26.115989686000148], [87.05767059300013, 26.114788055000076], [87.05319976800013, 26.10935974099999], [87.05858612100019, 26.104000092000035], [87.0536804210002, 26.102899551000178], [87.04667663500015, 26.106779100000097], [87.03884124800015, 26.10840034600011], [87.03453826900017, 26.110189437000088], [87.03153228800005, 26.107471467000096], [87.03031158400012, 26.104200364000064], [87.02831268200009, 26.101221084000144], [87.02359771699997, 26.10618972700007], [87.01761627100018, 26.108940124000185], [87.01378631600011, 26.108150482000042], [87.00695037900016, 26.102750779000132], [87.00408172700014, 26.103149415000075], [87.00240325800007, 26.10620117300016], [87.00451660200014, 26.108802795000145], [87.00952148400017, 26.11141967700013], [87.01190185600012, 26.115289689000008], [87.01390838700013, 26.119859695000173], [87.01248931800006, 26.121931077000113], [87.01226806600005, 26.12552070600003], [87.01367187600005, 26.13286972000003], [87.00975036700004, 26.13384056100017], [87.01037597700008, 26.13909912200012], [87.01007080000016, 26.141630173000067], [87.00711822400012, 26.149341584000126], [87.00382232700014, 26.153360367000175], [87.0034790040001, 26.158220291000134], [86.99025726400015, 26.159610748000148], [86.98610687200011, 26.162120818000176], [86.97693634000007, 26.169771194000077], [86.97204589800003, 26.172990800000036], [86.96051788300002, 26.170679092000057], [86.95495605500008, 26.172689438000134], [86.95176696800013, 26.17642021299997], [86.95008087100013, 26.182348251000008], [86.94734954800003, 26.187490464000177], [86.94664001500018, 26.19682121400018], [86.94415283100011, 26.202489852000042], [86.9498291020002, 26.225219727000024], [86.9467697140002, 26.233181000000172], [86.94152069000017, 26.23936081000005], [86.94049072200005, 26.245042801000068], [86.93720245300005, 26.24888038600011], [86.93258666900005, 26.25007247900004], [86.9241714470001, 26.248540878000085], [86.91442871100008, 26.257289887000184], [86.90870666500007, 26.25341987600018], [86.90039825400015, 26.250181199000167], [86.89733886700003, 26.247400284000037], [86.8956832880001, 26.237432480000052], [86.89406585700016, 26.232942582000135], [86.89095306300015, 26.228578567000113], [86.88321685800014, 26.224079132000043], [86.88009643500015, 26.21965026900017], [86.88130950900018, 26.215980530000024], [86.87901306100008, 26.212419510000075], [86.87516784600012, 26.210161209000034], [86.87164306600016, 26.21084022600013], [86.87265014600018, 26.22392082200014], [86.86978149400016, 26.228559494000024], [86.86100006200013, 26.232019424000157], [86.85257721000005, 26.230739594000113], [86.84265136700009, 26.231090545000143], [86.83583831800013, 26.230321884000034], [86.82919311400008, 26.23752021900009], [86.8218231210002, 26.239040375000116], [86.81389618000003, 26.239698411000006], [86.80606842100013, 26.23879814100013], [86.78820037800011, 26.233869553000034], [86.78449249200008, 26.234180450000053], [86.77880859300006, 26.23719024600007], [86.77672576800012, 26.248590470000067], [86.77083587700014, 26.252630234000037], [86.77054595900012, 26.257110597000064], [86.77437591500012, 26.265890121000155], [86.7753982540001, 26.279069901000128], [86.7720565790001, 26.280490875000112], [86.7739257820001, 26.284170150000023], [86.777702331, 26.284759522000115], [86.7775421140002, 26.28837966900005], [86.77892303400006, 26.29141998200015], [86.77746582000009, 26.294221877999973], [86.77127075200013, 26.295448303000114], [86.76628112900005, 26.297840118000067], [86.76605987600016, 26.303449631000092], [86.75638580300006, 26.30677986200004], [86.74845886300017, 26.30529976000014], [86.74240112200016, 26.306421280000052], [86.73491668700001, 26.302949905000162], [86.72543335000006, 26.30095100400007], [86.7197494510001, 26.301210403000084], [86.71292877100007, 26.303520204000165], [86.69998168900014, 26.305629730000078], [86.68834686200017, 26.303159714000174], [86.68411254800014, 26.30525970500014], [86.6853866580002, 26.311679841], [86.68297577000004, 26.313608169000076], [86.68199157700008, 26.319618226000046], [86.67598724300012, 26.319129943000064], [86.67275238100012, 26.315910340000187], [86.66909027200012, 26.315490722000106], [86.66162109400011, 26.319789886000024], [86.65602874700005, 26.318742752000105], [86.65323638900009, 26.31282043500005], [86.64650726400015, 26.309520722000173], [86.63793945200018, 26.310899735000135], [86.63088226400015, 26.310390473000098], [86.62442779600008, 26.31282043500005], [86.62071991000005, 26.31101989800004], [86.61618042000015, 26.310480118000157], [86.60935974100005, 26.31330108700007], [86.60323333800005, 26.314870833999976], [86.59806823700018, 26.3144912730001], [86.59374999900012, 26.31006050100018], [86.58766174400006, 26.305839538000043], [86.57813263000014, 26.308578491000105], [86.57102203400012, 26.307670593000125], [86.56207275400004, 26.30504036000019], [86.556167603, 26.30185127300018], [86.55124664200008, 26.303480149000166], [86.54125976700004, 26.31050109900019], [86.54493713400012, 26.314199447000135], [86.55027008100001, 26.324880600000085], [86.56172180100003, 26.32702064500012], [86.56495666500018, 26.335121155000138], [86.57166290400005, 26.33827018700009], [86.58017730800003, 26.338079453000148], [86.58104705900013, 26.345260620000033], [86.5870132460002, 26.34552002000015], [86.59349823000014, 26.34464073100014], [86.5962371830002, 26.34190940800005], [86.59832000800014, 26.341979981000122], [86.61013793900014, 26.337238312000068], [86.61419677700007, 26.338712693000105], [86.61443328799999, 26.343109131000062], [86.61770629900019, 26.350690842000063], [86.62140655500014, 26.354270935000102], [86.62251281700014, 26.359319686000106], [86.6291580210002, 26.364231109000173], [86.63772583000008, 26.366460801000073], [86.63875579800003, 26.37006950500006], [86.6438674920002, 26.37107086200001], [86.65107727000009, 26.368021010999996], [86.65802002000004, 26.36790084800009], [86.65818023600013, 26.371059419000062], [86.66118621900006, 26.372901917000092], [86.66529083200015, 26.37232971300017], [86.66876983700013, 26.3742008210001], [86.68107605100016, 26.37319183400018], [86.68415832500011, 26.371891023000103], [86.68656158500016, 26.373331070000177], [86.68448638900009, 26.379280091000055], [86.68554687500006, 26.381179810000162], [86.6902771, 26.38183021600014], [86.68654632500017, 26.385030746000098], [86.68607330300011, 26.386802674000137], [86.68715667800012, 26.392240524000158], [86.69420623900015, 26.39617919900013], [86.69403076100019, 26.40299034200018], [86.69564056400009, 26.407241822000003], [86.69991302400007, 26.41253090000015], [86.70395660300005, 26.4274997710001], [86.71721649200003, 26.431901932000073], [86.71581268400007, 26.433500289999984], [86.71254730300012, 26.435705185000074], [86.71256256100014, 26.435823441000082], [86.72258758600015, 26.434619904999977], [86.72818003100008, 26.42540189200014], [86.72966774200012, 26.42440617300008], [86.73046875000017, 26.425649644000032], [86.73058864000012, 26.42583433900012], [86.73103318900007, 26.42651918500013], [86.73151758800009, 26.42627726300003], [86.7319030750001, 26.42608452000013], [86.73277282600003, 26.425649644000032], [86.7322616570001, 26.4241600040001], [86.73176838900014, 26.422734828000102], [86.73165907200007, 26.422418984000103], [86.73261999900006, 26.422214999000175], [86.7335207320001, 26.422045050000065], [86.73501586900005, 26.42401504500009], [86.73948669300012, 26.423040390000153], [86.7398147580002, 26.42421531700012], [86.74010480000004, 26.425275763000116], [86.74134713600017, 26.424875419000045], [86.743087769, 26.42431449900016], [86.7457199100001, 26.426916123000126], [86.74917602300019, 26.4280033120001], [86.74954223700007, 26.433231354000156], [86.74669647100018, 26.433603287000096], [86.74653312200007, 26.43424802500016], [86.74644470200002, 26.43459701600017], [86.74762774500016, 26.435051817000044], [86.7496797170001, 26.435840892000044], [86.75241851900006, 26.441015244000084], [86.75480665200018, 26.44152845600007], [86.75551600099999, 26.441681000000074], [86.75568749100017, 26.443732934000025], [86.75588992700006, 26.4461555580001], [86.75945281900016, 26.446996690000105], [86.76272583000014, 26.447814950999998], [86.76284794500003, 26.451217656000097], [86.76302429700007, 26.451229999000134], [86.7630387170002, 26.45123099500006], [86.76354284900015, 26.451180472000033], [86.76657867500018, 26.450876236000113], [86.76692962700008, 26.45150756900017], [86.76719665400003, 26.45199584900007], [86.76682655900004, 26.452330809999978], [86.7665939330002, 26.452541352000026], [86.766303274, 26.452806578000093], [86.76583110700011, 26.453237666000064], [86.76623535200008, 26.453704834000177], [86.76640771400014, 26.45390783900018], [86.76657867500018, 26.454109193000136], [86.76495361400009, 26.455467224000188], [86.76728440700009, 26.458002320000105], [86.76745600100008, 26.458189000000118], [86.7676999910002, 26.45845799000017], [86.77020263700018, 26.45887374900019], [86.77155304000007, 26.459098817000154], [86.78260803100005, 26.454357147000053], [86.80323791500007, 26.447149277000165], [86.82379913400018, 26.441812515000038], [86.8293457040001, 26.440374374000157], [86.83580017100007, 26.43869781600017], [86.8375396730001, 26.44068717900018], [86.8384399420001, 26.44026756200003], [86.83851623599998, 26.44031524700017], [86.84041595500008, 26.44221496600005], [86.84051513700007, 26.442138672000112], [86.84250640800008, 26.441432954000163], [86.84220123400007, 26.440824508000105], [86.84188842700001, 26.440189361000023], [86.84536743200005, 26.439928056000156], [86.84591674799998, 26.440748214000166], [86.84698486299999, 26.44230270500009], [86.84947204700012, 26.44205284100019], [86.84785461400014, 26.444042206000063], [86.84835052400013, 26.447895049000067], [86.85208129900013, 26.448266984000043], [86.85303497400008, 26.44781875600006], [86.85419464100005, 26.44727325500014], [86.85841369600018, 26.448143006000066], [86.85952758800016, 26.45121193000017], [86.85958862300015, 26.45130729700014], [86.86239624000018, 26.454233169000133], [86.86239624000018, 26.454977036000116], [86.86239624000018, 26.45584869400011], [86.86310577300014, 26.455944061000082], [86.86330413800016, 26.45597076500019], [86.86425781200018, 26.45609664900013], [86.86416626000005, 26.456212997000137], [86.86338806200018, 26.457214356000122], [86.86771392900005, 26.45721626300019], [86.86724090500019, 26.455226897999978], [86.86839294400005, 26.45568847700008], [86.86910247700018, 26.455972673000133], [86.86903381400009, 26.45517349300013], [86.86898040800014, 26.45448112500003], [86.87131500300012, 26.45411491300007], [86.87320709200009, 26.455226897999978], [86.87371826100019, 26.454200745000094], [86.87394714400006, 26.453735353000127], [86.87532043500005, 26.453735353000127], [86.87842559900014, 26.455226897999978], [86.8780517580002, 26.45627975500014], [86.87767791800019, 26.457340242000043], [86.88161468500005, 26.456737519], [86.88176727300004, 26.45681190500011], [86.88476562600005, 26.45932769800004], [86.88554382200016, 26.45926857000012], [86.8863754260002, 26.45920371900013], [86.88701629600013, 26.461080552000112], [86.89641571100003, 26.461715699000138], [86.89756012000015, 26.467033386000026], [86.89724731500013, 26.46792411800004], [86.89694213900009, 26.468772888000103], [86.89471435500013, 26.468915939000112], [86.89607238800016, 26.47175598200016], [86.89548492500012, 26.47181511000008], [86.894828797, 26.47187995800016], [86.89550018400007, 26.472888948000104], [86.89582061900018, 26.473371506000092], [86.89521026500012, 26.47434616099997], [86.89457702600004, 26.475358964000065], [86.89497375400003, 26.475538254000128], [86.89595031700009, 26.475980758000162], [86.89493560700015, 26.475980758000162], [86.89421081600011, 26.475980758000162], [86.8951034550002, 26.47773552000001], [86.89262390100004, 26.481437683000024], [86.89411163400013, 26.485786438000048], [86.89596557600004, 26.486787797000034], [86.89557647700008, 26.487289428000054], [86.90650940000006, 26.487911224000186], [86.9322280880001, 26.489316940000094], [86.93204498400007, 26.49028587300006], [86.930870056, 26.496484756000086], [86.93509674200016, 26.51649284400014], [86.94702148500016, 26.51674270600006], [86.94734954800003, 26.51731300400013], [86.94916534400016, 26.52052497799997], [86.94924926700008, 26.52059745800011], [86.94956970200002, 26.520599366000113], [86.96183013900009, 26.520006181000156], [86.96265411300004, 26.52153778000013], [86.96367645300006, 26.52345276000011], [86.96839904700005, 26.52332878100009], [86.96829986500018, 26.52278900099998], [86.96814727800006, 26.52196121200018], [86.97759246800013, 26.519723893000048], [86.98181915300017, 26.524820329000192], [86.99321746800013, 26.52283668600012], [86.99636840800008, 26.5239353180001], [87.00235748300008, 26.526147843000103], [87.017715453, 26.5318145760001], [87.02258300900007, 26.539731980000056], [87.03588104200014, 26.556596756000147]]]}}, {"type": "Feature", "properties": {"GID_3": "IND.5.37.2_1", "GID_0": "IND", "COUNTRY": "India", "GID_1": "IND.5_1", "NAME_1": "Bihar", "NL_NAME_1": "NA", "GID_2": "IND.5.37_1", "NAME_2": "Supaul", "NL_NAME_2": "NA", "NAME_3": "Supaul", "VARNAME_3": "NA", "NL_NAME_3": "NA", "TYPE_3": "Taluk", "ENGTYPE_3": "Taluk", "CC_3": "NA", "HASC_3": "NA"}, "geometry": {"type": "Polygon", "coordinates": [[[87.05858612100019, 26.104000092000035], [87.0752792360002, 26.09871292200006], [87.08632659800014, 26.096162797000034], [87.09452819799998, 26.095130921000077], [87.10401916500007, 26.09675979600013], [87.10453033400017, 26.089630126000145], [87.10262298700019, 26.083190917000024], [87.09954834000007, 26.079572678000034], [87.08933258100006, 26.074270249000165], [87.08191680900006, 26.07211113000011], [87.07858276300004, 26.067911148000064], [87.0829772940001, 26.062980652000135], [87.08600616500019, 26.06090927100007], [87.08603668200016, 26.055429459000038], [87.08287811200012, 26.055271149000077], [87.07134246900017, 26.057750702000135], [87.06244659400016, 26.057731629000045], [87.05779266400003, 26.0567398070001], [87.05428314200009, 26.05760192800011], [87.04834747300004, 26.06344986000005], [87.04556274300018, 26.064992904000178], [87.04194641100008, 26.06571960600013], [87.03933715900001, 26.064720153999986], [87.03544616700015, 26.06162071300014], [87.03304290900007, 26.061220170000126], [87.02295684900008, 26.07180976900014], [87.01734924300007, 26.075679780000144], [87.01162719800016, 26.07794952400019], [87.00798797500005, 26.078149796000048], [87.00534820600018, 26.07733917300004], [87.0011672980001, 26.073299408000025], [86.99550628700007, 26.07060051000019], [86.99008178800005, 26.066690446000166], [86.97875976500018, 26.068649293000135], [86.97025299100011, 26.071870804000127], [86.92814636300017, 26.08719062900019], [86.91645813100013, 26.086080552000055], [86.90540313800017, 26.088180543000192], [86.87769317700008, 26.091119766000133], [86.86530303900008, 26.09333992000012], [86.85498809800004, 26.093780518000187], [86.8436660770002, 26.097770690000118], [86.83122253400012, 26.10003280600006], [86.82804107700002, 26.10264968900009], [86.82595825200013, 26.106708527000023], [86.82343292200005, 26.109399795000115], [86.82002258200015, 26.11134147600012], [86.80857849100016, 26.11222076500013], [86.80375671500019, 26.110429764000173], [86.79859161300004, 26.10691070600018], [86.79181671000015, 26.106491089000144], [86.7869262690001, 26.10366058400018], [86.77517700300018, 26.09422111600003], [86.76378631700004, 26.094289780000054], [86.76200866600016, 26.099380493000183], [86.75343322700019, 26.102550507000103], [86.75422668400017, 26.10696029600018], [86.73977661200007, 26.114009858000088], [86.7322616570001, 26.120449066000162], [86.72540283300015, 26.119670869000174], [86.7180023190001, 26.106340409000154], [86.71440887500017, 26.097038269000166], [86.71111297600004, 26.09495925900012], [86.70759582600016, 26.090410233000114], [86.69814300600018, 26.07432174700017], [86.68931579700018, 26.068370820000098], [86.68570709300019, 26.06302070700019], [86.68313598700007, 26.053211212000065], [86.68531036400015, 26.048521042000118], [86.68225097600009, 26.04535102900013], [86.68058014000007, 26.04190826500019], [86.68199920700016, 26.03572082500017], [86.67288971000005, 26.033540726000183], [86.67237854100011, 26.02633094800018], [86.66501617400019, 26.025539398000035], [86.66124725400005, 26.02300071700006], [86.65289306600005, 26.022621156000184], [86.64115905800008, 26.025779724000188], [86.6346969600001, 26.02590942300003], [86.62766265800019, 26.028949738000108], [86.61730194000006, 26.030500413000084], [86.61149597100007, 26.029859543000157], [86.60700988800005, 26.028110504000153], [86.60241699300008, 26.024560929000188], [86.59606933500015, 26.02239036600008], [86.56915283199999, 26.029529572000115], [86.56022644100011, 26.03067970400008], [86.5552368170001, 26.032831192000117], [86.54493713400012, 26.03539085500006], [86.54103088400001, 26.033769608000114], [86.53742981000016, 26.02922058100006], [86.53412628200005, 26.018030166000074], [86.52072143500015, 26.013708116000032], [86.51653289800004, 26.00564956600016], [86.50927734300006, 25.998857498000177], [86.50630950900018, 26.002090454000154], [86.5028991690001, 26.00345039300015], [86.50176239100017, 26.01066017100004], [86.49960327200012, 26.01367187500017], [86.4894866940001, 26.020139695000125], [86.48269653300008, 26.0276508340001], [86.48137664799998, 26.035081863000073], [86.48398590100015, 26.038322449000134], [86.4941101070001, 26.04532051000018], [86.49777984700017, 26.05118942300004], [86.50018310500008, 26.057462692000115], [86.4981460570001, 26.064889907000122], [86.48898315500008, 26.063560487000075], [86.48465728700012, 26.06055069100006], [86.48124694700005, 26.055250167999986], [86.47849273600013, 26.04905128500002], [86.47070312500017, 26.055240632000107], [86.45520019400004, 26.05931091300016], [86.45276641800012, 26.06340980500005], [86.45215606699998, 26.074529649000112], [86.45011138800004, 26.078001024000002], [86.44645690900006, 26.079069139000183], [86.44303131100014, 26.07777977100011], [86.43765258700006, 26.07406997700008], [86.42990875200019, 26.078588486000115], [86.42504882900016, 26.075180054000043], [86.423110963, 26.073789596999973], [86.4213180540001, 26.076089859000092], [86.41951751700009, 26.077800752000144], [86.42459106500007, 26.080930711000065], [86.42620086800014, 26.083520890000045], [86.4272918690001, 26.086919784000088], [86.427452087, 26.091501236000056], [86.42981720000006, 26.094432831000063], [86.43045043900014, 26.09880065900012], [86.43331909100016, 26.103282929000102], [86.4388961800002, 26.104471207000188], [86.44197082400007, 26.112451553000028], [86.44618988000008, 26.11346054100005], [86.44993591300016, 26.11577034100003], [86.45079040500013, 26.120880128000124], [86.45381164600013, 26.12623977700008], [86.45894622700013, 26.12878990100006], [86.4649658190001, 26.130212783000047], [86.47792816200013, 26.131740570000034], [86.484939575, 26.128810882000096], [86.49813079800015, 26.125690461000147], [86.50718689000018, 26.13270187400019], [86.50917053300009, 26.13688087500003], [86.51423645000011, 26.14025116100015], [86.51683807500018, 26.146631242000012], [86.5208206170002, 26.15107154800006], [86.5210495, 26.154790879000075], [86.51980590900007, 26.158210755000027], [86.51703643700006, 26.161050798000133], [86.50715637100006, 26.164890290000187], [86.49971771300011, 26.16683959900007], [86.49848938000014, 26.171289445000184], [86.49665069600007, 26.172279359000015], [86.49407196100015, 26.170980453000027], [86.49080658000008, 26.16333961500004], [86.48443603400017, 26.162668229000076], [86.47616577200017, 26.15985107400013], [86.47112274300008, 26.155290603000026], [86.46055603000019, 26.15373039200017], [86.45561218300014, 26.15586090200003], [86.45558166500012, 26.158620834000146], [86.44888305600017, 26.16263008200002], [86.44676971400008, 26.16611099300019], [86.44371032800012, 26.175760270000183], [86.44042205900007, 26.177289964000124], [86.43815612800006, 26.175672531000146], [86.437538147, 26.170110703000034], [86.43312835700004, 26.164239885000086], [86.42524719300019, 26.162969590000046], [86.42179870600006, 26.16340065000003], [86.42189025800019, 26.165870666000103], [86.42388153100018, 26.169950485000072], [86.42153167700008, 26.17131233200007], [86.41900634800015, 26.17106056199998], [86.41757965100015, 26.169790268000042], [86.41697692800011, 26.167829513000072], [86.41767883300014, 26.165088654000044], [86.41668701200007, 26.16353988700007], [86.40558624200014, 26.16631126400017], [86.40587616000016, 26.173469545000103], [86.40022277800011, 26.17530822800012], [86.39131164500009, 26.176572800000088], [86.39155578700019, 26.184820175000084], [86.39321899500015, 26.187009812000156], [86.3977279660001, 26.190481187000046], [86.39621734500008, 26.199119569000175], [86.38958740200013, 26.20600128200016], [86.39093780500008, 26.20996093700012], [86.3944473270002, 26.21051025300011], [86.39557647800007, 26.205070496000076], [86.39836883600003, 26.202867508000054], [86.41490173300008, 26.2001781460001], [86.4184112550002, 26.20204925600001], [86.42624664300013, 26.210519791000024], [86.42440032900015, 26.21427917500006], [86.42392730600017, 26.217430115000127], [86.42637634300019, 26.22426986800002], [86.42990875200019, 26.229270935000045], [86.43444061400015, 26.22702980000014], [86.43750763000008, 26.21926117000004], [86.44168090800002, 26.217960357000152], [86.44729614400012, 26.217319489000033], [86.45404815700005, 26.217491150000114], [86.46100616400014, 26.21931839100006], [86.46369171200013, 26.222770690000175], [86.47780609100005, 26.221441270000128], [86.4842910770002, 26.222581864000176], [86.48545837400002, 26.22641944900016], [86.48921203600014, 26.2278804770001], [86.49724578900003, 26.225189209000177], [86.50081634400016, 26.226020813000048], [86.50306701700009, 26.22936058100015], [86.50518798900009, 26.238140106000117], [86.50403595000006, 26.248622894000107], [86.50158691500002, 26.254562378000173], [86.50348663400013, 26.25938034100011], [86.50260925300006, 26.26143074100014], [86.48874664300007, 26.261791229000096], [86.48853302100014, 26.269409180000082], [86.49006652800011, 26.274909973000035], [86.49372863700017, 26.282381058000112], [86.50399017300009, 26.28245925900012], [86.50644683800004, 26.28432083200005], [86.51197815000012, 26.299829483000053], [86.51770019500009, 26.307310104000067], [86.52675628700013, 26.309940338000047], [86.54125976700004, 26.31050109900019], [86.55124664200008, 26.303480149000166], [86.556167603, 26.30185127300018], [86.56207275400004, 26.30504036000019], [86.57102203400012, 26.307670593000125], [86.57813263000014, 26.308578491000105], [86.58766174400006, 26.305839538000043], [86.59374999900012, 26.31006050100018], [86.59806823700018, 26.3144912730001], [86.60323333800005, 26.314870833999976], [86.60935974100005, 26.31330108700007], [86.61618042000015, 26.310480118000157], [86.62071991000005, 26.31101989800004], [86.62442779600008, 26.31282043500005], [86.63088226400015, 26.310390473000098], [86.63793945200018, 26.310899735000135], [86.64650726400015, 26.309520722000173], [86.65323638900009, 26.31282043500005], [86.65602874700005, 26.318742752000105], [86.66162109400011, 26.319789886000024], [86.66909027200012, 26.315490722000106], [86.67275238100012, 26.315910340000187], [86.67598724300012, 26.319129943000064], [86.68199157700008, 26.319618226000046], [86.68297577000004, 26.313608169000076], [86.6853866580002, 26.311679841], [86.68411254800014, 26.30525970500014], [86.68834686200017, 26.303159714000174], [86.69998168900014, 26.305629730000078], [86.71292877100007, 26.303520204000165], [86.7197494510001, 26.301210403000084], [86.72543335000006, 26.30095100400007], [86.73491668700001, 26.302949905000162], [86.74240112200016, 26.306421280000052], [86.74845886300017, 26.30529976000014], [86.75638580300006, 26.30677986200004], [86.76605987600016, 26.303449631000092], [86.76628112900005, 26.297840118000067], [86.77127075200013, 26.295448303000114], [86.77746582000009, 26.294221877999973], [86.77892303400006, 26.29141998200015], [86.7775421140002, 26.28837966900005], [86.777702331, 26.284759522000115], [86.7739257820001, 26.284170150000023], [86.7720565790001, 26.280490875000112], [86.7753982540001, 26.279069901000128], [86.77437591500012, 26.265890121000155], [86.77054595900012, 26.257110597000064], [86.77083587700014, 26.252630234000037], [86.77672576800012, 26.248590470000067], [86.77880859300006, 26.23719024600007], [86.78449249200008, 26.234180450000053], [86.78820037800011, 26.233869553000034], [86.80606842100013, 26.23879814100013], [86.81389618000003, 26.239698411000006], [86.8218231210002, 26.239040375000116], [86.82919311400008, 26.23752021900009], [86.83583831800013, 26.230321884000034], [86.84265136700009, 26.231090545000143], [86.85257721000005, 26.230739594000113], [86.86100006200013, 26.232019424000157], [86.86978149400016, 26.228559494000024], [86.87265014600018, 26.22392082200014], [86.87164306600016, 26.21084022600013], [86.87516784600012, 26.210161209000034], [86.87901306100008, 26.212419510000075], [86.88130950900018, 26.215980530000024], [86.88009643500015, 26.21965026900017], [86.88321685800014, 26.224079132000043], [86.89095306300015, 26.228578567000113], [86.89406585700016, 26.232942582000135], [86.8956832880001, 26.237432480000052], [86.89733886700003, 26.247400284000037], [86.90039825400015, 26.250181199000167], [86.90870666500007, 26.25341987600018], [86.91442871100008, 26.257289887000184], [86.9241714470001, 26.248540878000085], [86.93258666900005, 26.25007247900004], [86.93720245300005, 26.24888038600011], [86.94049072200005, 26.245042801000068], [86.94152069000017, 26.23936081000005], [86.9467697140002, 26.233181000000172], [86.9498291020002, 26.225219727000024], [86.94415283100011, 26.202489852000042], [86.94664001500018, 26.19682121400018], [86.94734954800003, 26.187490464000177], [86.95008087100013, 26.182348251000008], [86.95176696800013, 26.17642021299997], [86.95495605500008, 26.172689438000134], [86.96051788300002, 26.170679092000057], [86.97204589800003, 26.172990800000036], [86.97693634000007, 26.169771194000077], [86.98610687200011, 26.162120818000176], [86.99025726400015, 26.159610748000148], [87.0034790040001, 26.158220291000134], [87.00382232700014, 26.153360367000175], [87.00711822400012, 26.149341584000126], [87.01007080000016, 26.141630173000067], [87.01037597700008, 26.13909912200012], [87.00975036700004, 26.13384056100017], [87.01367187600005, 26.13286972000003], [87.01226806600005, 26.12552070600003], [87.01248931800006, 26.121931077000113], [87.01390838700013, 26.119859695000173], [87.01190185600012, 26.115289689000008], [87.00952148400017, 26.11141967700013], [87.00451660200014, 26.108802795000145], [87.00240325800007, 26.10620117300016], [87.00408172700014, 26.103149415000075], [87.00695037900016, 26.102750779000132], [87.01378631600011, 26.108150482000042], [87.01761627100018, 26.108940124000185], [87.02359771699997, 26.10618972700007], [87.02831268200009, 26.101221084000144], [87.03031158400012, 26.104200364000064], [87.03153228800005, 26.107471467000096], [87.03453826900017, 26.110189437000088], [87.03884124800015, 26.10840034600011], [87.04667663500015, 26.106779100000097], [87.0536804210002, 26.102899551000178], [87.05858612100019, 26.104000092000035]]]}}, {"type": "Feature", "properties": {"GID_3": "IND.5.38.1_1", "GID_0": "IND", "COUNTRY": "India", "GID_1": "IND.5_1", "NAME_1": "Bihar", "NL_NAME_1": "NA", "GID_2": "IND.5.38_1", "NAME_2": "Vaishali", "NL_NAME_2": "NA", "NAME_3": "Hajipur", "VARNAME_3": "NA", "NL_NAME_3": "NA", "TYPE_3": "Taluk", "ENGTYPE_3": "Taluk", "CC_3": "NA", "HASC_3": "NA"}, "geometry": {"type": "Polygon", "coordinates": [[[85.41668701200012, 25.940309524000043], [85.42208099300007, 25.93534088100006], [85.42330932600004, 25.931221007999966], [85.42745971700015, 25.930370331000006], [85.42719268800016, 25.928049086999977], [85.43327331500012, 25.923549652000133], [85.43808746300004, 25.92387962400005], [85.44399261500013, 25.92221069400017], [85.448257447, 25.923852921000105], [85.45427703899998, 25.923191072000122], [85.45730590800008, 25.926458360000083], [85.45597839400017, 25.9325618740001], [85.46356964200015, 25.92920112600018], [85.47677612300015, 25.922491074000106], [85.48249053900008, 25.918119432000083], [85.48574829100016, 25.906549455000118], [85.49352264300018, 25.905889511000055], [85.49859619100005, 25.90294075100013], [85.50309753400006, 25.902200699000048], [85.50609588700007, 25.906061172000136], [85.5174560550002, 25.916851044999987], [85.52760315000017, 25.920009613000047], [85.53192901600016, 25.909170149999966], [85.54627227800012, 25.905620576000103], [85.55020904500014, 25.90681076200019], [85.55323028600009, 25.918718338000076], [85.55487060500019, 25.921989441000107], [85.55943298400013, 25.92185020400018], [85.5640258790001, 25.919900895000126], [85.56550598100017, 25.919958115000043], [85.56624603300014, 25.921230315000173], [85.56910705500007, 25.922109604000184], [85.57068634100017, 25.918340682000064], [85.57768249400004, 25.917850493999993], [85.58009338500011, 25.919069291000028], [85.58439636200006, 25.91901016300011], [85.58730316200007, 25.92336082500003], [85.59121704100016, 25.924699783000165], [85.59803009000012, 25.924829484000156], [85.60101318300013, 25.925910950000116], [85.61109924300013, 25.92257118300006], [85.6131362910001, 25.920169830000077], [85.6255722040001, 25.92361068700012], [85.63044738700017, 25.915500642000097], [85.62886047300015, 25.909521104000078], [85.61978149400005, 25.905149459000086], [85.61788177500017, 25.90046119700014], [85.61955261200012, 25.896680832000072], [85.61936950800009, 25.894279480000023], [85.61543273800015, 25.893011093000155], [85.61852264300006, 25.88993263300017], [85.61863708600004, 25.886669158000018], [85.61576843200004, 25.885099411999988], [85.61360168500005, 25.876350402000185], [85.60762786800007, 25.87521171600008], [85.60336303800017, 25.87278938300011], [85.60082244900019, 25.866769791000138], [85.60383606000005, 25.85771751400017], [85.60122680700005, 25.854129791000048], [85.60141754200009, 25.849649429000067], [85.59751892100002, 25.846809387999997], [85.59422302200011, 25.84320831400015], [85.59541320800014, 25.84181022600012], [85.59969329800009, 25.842332840000154], [85.60721588100017, 25.835710525000138], [85.60719299200014, 25.8337497710001], [85.60108947800012, 25.83056068400009], [85.60080719000007, 25.827632904000154], [85.6102828970001, 25.820711135000067], [85.60610961900011, 25.81675911000019], [85.60172271800013, 25.808839799000168], [85.60027313300003, 25.803220750000037], [85.59777832100019, 25.798030854000103], [85.59992217900009, 25.793510438], [85.60367584200009, 25.791200637000145], [85.59915924100005, 25.785879135000187], [85.60241699300013, 25.78507042000018], [85.60500335700004, 25.77301979000015], [85.60949706999997, 25.771261215000038], [85.61279296900011, 25.772760391000077], [85.61393737800006, 25.770030975000054], [85.62023162800017, 25.772619249000115], [85.62185668900008, 25.770120622000093], [85.61963653500004, 25.763389589000155], [85.61675262500017, 25.762002946000052], [85.61797332700013, 25.7593402870001], [85.61593627900015, 25.757480622000173], [85.61264038000019, 25.757369994000044], [85.61273193400012, 25.75507163900005], [85.6157073980001, 25.753282548000072], [85.60434722900015, 25.729249954000068], [85.60550689800004, 25.727159501000017], [85.60745239200008, 25.72637939500015], [85.60465240500014, 25.707700729000123], [85.60031128000008, 25.705879211000024], [85.59349823000014, 25.705591202999983], [85.59243011500018, 25.700040818000048], [85.57805633500016, 25.697481155000105], [85.57659912100019, 25.688430786000083], [85.5714263910001, 25.685590743000034], [85.57058715900013, 25.68387031500015], [85.5644607550002, 25.68461990300017], [85.56487274200009, 25.680759430000023], [85.55503082300015, 25.657262803000037], [85.55230712800011, 25.655469894000134], [85.55304718000008, 25.652919770000153], [85.55039215100004, 25.650779724000188], [85.55078125100005, 25.641880035000042], [85.5502471910001, 25.63878059500007], [85.54630279600013, 25.63212967000004], [85.54561614900013, 25.62146186800004], [85.54357910100015, 25.618391037000038], [85.53228759700005, 25.618471146000047], [85.5267868040001, 25.602371216000165], [85.52641296400009, 25.585639954000158], [85.53090667700019, 25.584529877000023], [85.53328704900014, 25.575479508000058], [85.54522705100004, 25.57366943400018], [85.54634094300019, 25.571750641000165], [85.54332733200016, 25.570430757000167], [85.539649962, 25.56295967200009], [85.54701995800019, 25.56202125500016], [85.54914093000014, 25.559400558000164], [85.55094909700011, 25.541519165000068], [85.54577636700003, 25.53827094999997], [85.54419708300009, 25.53411102300015], [85.53687286400009, 25.550369262000004], [85.53060913100006, 25.551282882000123], [85.52542877100012, 25.54453086800015], [85.52523040900019, 25.534128189000114], [85.53018951400009, 25.50958061300014], [85.53119659400011, 25.506162643000152], [85.52559661900011, 25.506811143000164], [85.51950073300009, 25.506490708], [85.51315307600004, 25.503009795000025], [85.50869750900006, 25.50443267900016], [85.50461578300019, 25.500259399000186], [85.50316619800009, 25.49504280200017], [85.49846649200009, 25.48534965500005], [85.49481201100014, 25.486009598000066], [85.49231719900013, 25.489009857000042], [85.48892974800003, 25.495201112000075], [85.47116851800007, 25.497051239000143], [85.46768188500016, 25.49870109600016], [85.46156311100015, 25.499691010000163], [85.4585418690001, 25.501489639000056], [85.45197296100014, 25.50245094400009], [85.43004608100011, 25.51552009600016], [85.42254638700007, 25.49724006700012], [85.41324615400015, 25.501262666000173], [85.39972686800013, 25.505479813000136], [85.3923797610002, 25.507440568000106], [85.38587951700003, 25.50659942600015], [85.37441253700001, 25.50720024100019], [85.3424911510001, 25.510908128000096], [85.33570098800004, 25.512729645000093], [85.32064819300007, 25.512729645000093], [85.3114929210002, 25.51390266500016], [85.30371093800017, 25.516330719000166], [85.29910278300014, 25.520109176000062], [85.29483795100009, 25.525341034000064], [85.26831817500016, 25.567480088000025], [85.25535583500005, 25.581659318000106], [85.24369811900004, 25.597080231000177], [85.23645019500003, 25.602300645000128], [85.22531128000003, 25.608369827000104], [85.21241760300018, 25.61458015600016], [85.18704986500018, 25.62502098000016], [85.1931762690001, 25.632379532000073], [85.19439697400014, 25.637830735000023], [85.18998718200015, 25.649908066000023], [85.19036865300018, 25.65577125599998], [85.18958282600005, 25.664859772000057], [85.19230651800018, 25.676029205000077], [85.18543243400006, 25.70223999100017], [85.1843490600001, 25.712099075000026], [85.18205261300005, 25.722650528000088], [85.17069244300018, 25.741451263000044], [85.1679382320001, 25.754550935000168], [85.17117309600008, 25.760721206000085], [85.16948699900007, 25.77070045400012], [85.17346954300012, 25.782571793000102], [85.17391204900014, 25.78860092300016], [85.16858673200011, 25.798942567000154], [85.16770172100018, 25.80590820400016], [85.16308593700018, 25.816230775000065], [85.15907287600004, 25.83403968900012], [85.15612793000008, 25.83683014000013], [85.1497192380001, 25.835081101000128], [85.14250946000004, 25.843711853000116], [85.11712646500013, 25.85436058100015], [85.11131286600005, 25.86164093000008], [85.11015319900014, 25.875328064000144], [85.11025238100012, 25.887239457000078], [85.10811615100016, 25.892759323000064], [85.08743286200007, 25.91740989600015], [85.07486724800009, 25.926120759000128], [85.0698471070001, 25.93859100400016], [85.06680297800006, 25.95078087000013], [85.06741333100018, 25.960371017], [85.06620025700016, 25.966579438000053], [85.06133270300012, 25.972890854000013], [85.06668853700006, 25.97556114100007], [85.07132720900017, 25.969949723000127], [85.07541656600006, 25.973150253000085], [85.07878112900016, 25.97773170500011], [85.084136962, 25.976711273000035], [85.0876312260001, 25.974109650000173], [85.08998107900015, 25.973630906000153], [85.09070587200017, 25.97487068100014], [85.08976745600012, 25.978910445999986], [85.09488678100013, 25.977991105000058], [85.100196837, 25.97845077600016], [85.10220336900011, 25.982370376999995], [85.09908294700006, 25.987630844000137], [85.09960937500006, 25.992889405000142], [85.10647582900015, 25.993980409000187], [85.12030029200008, 25.98883056800014], [85.1261901850001, 25.98999023500005], [85.13442230300018, 25.98952102800007], [85.1408386240002, 25.986980439000092], [85.14214325000012, 25.993009568000048], [85.1410675050002, 26.001230239000165], [85.14041900699999, 26.007379532000073], [85.14906311000016, 26.007778168000016], [85.14903259300019, 26.009790420000115], [85.1513519290001, 26.008649826000067], [85.15129852199999, 26.010400771000036], [85.15673828200016, 26.010259629000075], [85.16219329800015, 26.011880875000145], [85.17459106400008, 26.01079940699998], [85.17990875200007, 26.004140855000117], [85.1846923820001, 26.003150941000058], [85.19126892000014, 26.006692887000042], [85.1977996830002, 26.00683975200019], [85.20034790000011, 26.006000520000043], [85.2025299070001, 26.003208161000032], [85.2063064570001, 26.003629684000146], [85.20770263700018, 26.003099442000178], [85.21800994800009, 26.003908157000183], [85.22013092000003, 26.005680085000108], [85.22544097900004, 26.003601075000176], [85.22750091500012, 26.007459641000082], [85.22690582200016, 26.013839722000114], [85.22701263500005, 26.015579224000135], [85.2287521360002, 26.016477586000065], [85.23635864300007, 26.01485061699998], [85.24080657900004, 26.012861252000164], [85.24672699100017, 26.013860703000148], [85.26204681400003, 26.014530182000044], [85.2665863040001, 26.010231018000127], [85.26967620900007, 26.010620117000087], [85.27001190200002, 26.009019852000108], [85.27577972500006, 26.001829147000137], [85.2834091200001, 25.99485969500006], [85.29091644200003, 25.989810944000055], [85.2851409910001, 25.979070663000186], [85.28456878700018, 25.970422745000178], [85.28086853100012, 25.964580536000085], [85.2824172980001, 25.95853042600004], [85.27970123300014, 25.952970505000167], [85.2770462040001, 25.951562882000133], [85.27777862600016, 25.94831275900009], [85.28526306200018, 25.942930222000143], [85.29287719600012, 25.944959640000036], [85.30280303900008, 25.942131042000142], [85.30782318100012, 25.942419053000037], [85.31292724600013, 25.94664955100012], [85.32559204100005, 25.949630738000167], [85.33100128200005, 25.94815826400003], [85.34599304200003, 25.938819885000157], [85.3561859130001, 25.939159393000182], [85.35617065400015, 25.933460236000144], [85.36073303300009, 25.932741165000095], [85.36181640600012, 25.930389404000096], [85.37850952100007, 25.928449631000092], [85.38397979800015, 25.934310913000104], [85.39199829100005, 25.934152603000143], [85.39816284200003, 25.939390183000114], [85.39878845200013, 25.942960739000114], [85.4021224980001, 25.944681168999978], [85.40389251800019, 25.941980362000095], [85.41668701200012, 25.940309524000043]]]}}]}