{"type": "FeatureCollection", "name": "bihar_state_boundary", "crs": {"type": "name", "properties": {"name": "urn:ogc:def:crs:OGC:1.3:CRS84"}}, "features": [{"type": "Feature", "properties": {"GID_1": "IND.5_1", "GID_0": "IND", "COUNTRY": "India", "NAME_1": "Bihar", "VARNAME_1": "NA", "NL_NAME_1": "NA", "TYPE_1": "State", "ENGTYPE_1": "State", "CC_1": "NA", "HASC_1": "IN.BR", "ISO_1": "IN-BR"}, "geometry": {"type": "MultiPolygon", "coordinates": [[[[86.04305267400008, 24.77740097100019], [86.03897857800013, 24.776670456999966], [86.03443908700018, 24.776170731000036], [86.03179168600002, 24.772752760999992], [86.02778625600013, 24.770290375000002], [86.02275848300002, 24.76938057000018], [86.01967620800019, 24.76776123200011], [86.01397705100015, 24.76899910000003], [86.0095672600001, 24.767999648000114], [86.00611114500003, 24.765680314000065], [85.99997711300017, 24.75138092200018], [85.977256775, 24.747631074000026], [85.97589111400009, 24.745969773000184], [85.9727172850001, 24.736289977000013], [85.97016906800002, 24.733579635000126], [85.96613311700014, 24.732290267000053], [85.96064758200004, 24.73170089700011], [85.95030212500018, 24.732118607000018], [85.94270324700011, 24.734420777000082], [85.92767334000007, 24.740499496999973], [85.92096710300018, 24.744560242000148], [85.91050720300018, 24.753669739000088], [85.90457153200015, 24.761280061000036], [85.90168762200011, 24.769861221000042], [85.88717651400009, 24.785589218000098], [85.88967895399998, 24.791650772000025], [85.87777709900013, 24.800291060999996], [85.86402893000007, 24.805429459000095], [85.85381317100013, 24.807640076000098], [85.84194183300019, 24.808059693000132], [85.82721710200019, 24.80964279200009], [85.82257843000008, 24.80895042500009], [85.81803131200007, 24.806961059000173], [85.81260681200013, 24.799360275000083], [85.81066131600011, 24.79449844500016], [85.78572845500014, 24.798681259000034], [85.77923583900008, 24.800489426000183], [85.77723693800016, 24.79895019600019], [85.76940155100016, 24.80287170500003], [85.76859283500005, 24.80404090900015], [85.76879882800012, 24.80881118800005], [85.7654495230002, 24.812509536000164], [85.76074981800008, 24.815071106000175], [85.7582778920002, 24.81508827199997], [85.74727630600012, 24.819919586000026], [85.73674011300011, 24.822650909000174], [85.73500823900014, 24.821382522000135], [85.7325210570001, 24.816482545000156], [85.72978973400012, 24.808490753000058], [85.72830963200005, 24.80066108600016], [85.72296905500002, 24.798908234000066], [85.72099304200003, 24.78696060200008], [85.7123107910001, 24.783332824000126], [85.70980072000003, 24.780990602000145], [85.70919799700016, 24.775638581000067], [85.70478057800011, 24.768831251999984], [85.70346832299998, 24.763492584000062], [85.70355987500011, 24.757450104000156], [85.7055358880001, 24.751621246000127], [85.70812988200015, 24.74769020100007], [85.70533752400002, 24.740051271000027], [85.70477295000006, 24.72872924799998], [85.70343780500014, 24.725370408000117], [85.69875335700016, 24.721069336000028], [85.69639587500012, 24.71725082500018], [85.69666290200013, 24.713472366000076], [85.68705749500003, 24.70089149600011], [85.6796569830002, 24.693767547000164], [85.64952850300011, 24.68704032900007], [85.64826202400019, 24.681880950000107], [85.65046692000004, 24.679241181000123], [85.6599731450001, 24.674730300000192], [85.65975952100018, 24.670312880999973], [85.66079711900005, 24.66757965000005], [85.66333007800012, 24.664712906000034], [85.66371917800018, 24.66098022600005], [85.66069793700001, 24.65060234200007], [85.66118621700008, 24.646640779000165], [85.66364288300014, 24.644470215000126], [85.6643295290001, 24.641040802000134], [85.66570281900005, 24.636260987000185], [85.66895294100004, 24.63052940400013], [85.67212677000003, 24.61940002500006], [85.67057800200013, 24.599430084000005], [85.67238617000015, 24.59818077100016], [85.67352295000006, 24.595630646000075], [85.67324829000006, 24.59294128500005], [85.67031097500012, 24.588092805000144], [85.66470336900016, 24.58193016100006], [85.6442794800002, 24.578290939000055], [85.63279724200015, 24.58056068500008], [85.62198639000007, 24.583858490000182], [85.61544799900008, 24.582929611000168], [85.6085205070001, 24.585039139999992], [85.60787963900003, 24.590789794000102], [85.59825134300007, 24.59757041900008], [85.59114074700005, 24.597059250000143], [85.58196258500004, 24.60009956300007], [85.57657623300008, 24.603010177000044], [85.56989288400013, 24.600219725999978], [85.56520080500013, 24.59666061400003], [85.56285095200013, 24.59127044700017], [85.56138610800008, 24.583669663000137], [85.56221771200018, 24.580989838000164], [85.56711578400007, 24.57822036800019], [85.56575775100004, 24.57166099500006], [85.568290709, 24.565200805000188], [85.56445312500011, 24.561849595000012], [85.55658721900011, 24.560640336000063], [85.55625915500019, 24.556819915000062], [85.55461120600017, 24.556129455000132], [85.55233001600004, 24.55941009600008], [85.54380798400013, 24.56447982900005], [85.53901672300009, 24.565870286000063], [85.53679657100008, 24.565240860000074], [85.5364608770002, 24.563800812000068], [85.53820037900005, 24.56145095900007], [85.53987121500012, 24.556140900000116], [85.54035186800019, 24.550348282000073], [85.5364608770002, 24.53601074200003], [85.5341873160001, 24.532190323000066], [85.51830291700009, 24.524549485000023], [85.51481628400018, 24.52782821600016], [85.50435638400012, 24.52972984300004], [85.50241851800001, 24.531429290000062], [85.5031967160001, 24.535722734000046], [85.50254821800013, 24.542879104000065], [85.49997711100008, 24.543889999000157], [85.49746704100005, 24.546880722000083], [85.4975204480001, 24.548500060000094], [85.4944610600001, 24.550619127000004], [85.48944091700014, 24.549150468000107], [85.48648071299999, 24.550750733000086], [85.48094940200019, 24.548120500000152], [85.47215270900006, 24.54779052700013], [85.45658874500015, 24.53921127300009], [85.44655609200004, 24.53997993600018], [85.44230651800012, 24.53944969100013], [85.4421310420002, 24.53938484300005], [85.43327331500012, 24.536079408000035], [85.42753601100009, 24.537290572000074], [85.4110260000001, 24.545112611000036], [85.4066162110002, 24.545661927000026], [85.40305328400001, 24.544940948000146], [85.39517211900011, 24.541280747000087], [85.38860321099997, 24.53708076500004], [85.38336944600013, 24.53519058200004], [85.38278198199998, 24.532531739000035], [85.37026977500011, 24.529581071000166], [85.36116027800017, 24.52971267700002], [85.34581756699998, 24.52799987900005], [85.33790588400007, 24.52799034100019], [85.33155059800004, 24.52624130200013], [85.32250213700019, 24.525579452999978], [85.31855773900014, 24.524629594000032], [85.31253051700008, 24.526580810000155], [85.2973480230001, 24.528640747000168], [85.28804779000018, 24.528400421000185], [85.28251648000014, 24.526689530000112], [85.2793579100001, 24.519100190000074], [85.27980804400005, 24.51388168300008], [85.28192901599999, 24.509160996000162], [85.28237152100013, 24.503759383999977], [85.28103637600003, 24.49975013800008], [85.28196716200017, 24.497200013000054], [85.26956176800007, 24.498371124000016], [85.2544403070001, 24.497930527999983], [85.24649810800014, 24.49529075700019], [85.23941803100007, 24.488822936000133], [85.23532867400002, 24.47985076800012], [85.22853851400009, 24.479410172000087], [85.22392273000008, 24.471189500000094], [85.21578216600011, 24.472549439000034], [85.2032623290001, 24.472949982000046], [85.19924926800019, 24.467390062000106], [85.19052124000007, 24.468580245000112], [85.18260192900004, 24.468660354000065], [85.17632293700012, 24.46797943200005], [85.16987610000007, 24.466091156000118], [85.167503356, 24.467359543000157], [85.1632385260001, 24.467189790000077], [85.15289306600016, 24.464149475000113], [85.15067291200012, 24.462869645000126], [85.14927673400007, 24.459280014], [85.14990997400008, 24.45585250900018], [85.15260315000012, 24.4537506100001], [85.15872955300017, 24.45125007600018], [85.16133117700014, 24.4432907100001], [85.1637268070001, 24.441419602000167], [85.16484069900008, 24.435800552000103], [85.16625976500006, 24.433490753000058], [85.1688385010001, 24.431789399000138], [85.16938018900015, 24.429470062000178], [85.1643905630001, 24.427690506000033], [85.15785980200002, 24.4241600040001], [85.15529632600004, 24.41801071300017], [85.14795684800009, 24.418188096000165], [85.12693023700001, 24.41151046800013], [85.12066650400004, 24.40843963700013], [85.11898803800005, 24.409139632000063], [85.11505889900013, 24.409019471000136], [85.10932922300015, 24.398820876000173], [85.09867096000016, 24.393920899000022], [85.09594726600005, 24.390771865999966], [85.09245300200013, 24.381521225000085], [85.08941650400004, 24.37919998200016], [85.08068084800004, 24.380750657000135], [85.06548309300018, 24.386760711000022], [85.07100677400007, 24.3996925350001], [85.06919860900007, 24.401199340000176], [85.07038879300018, 24.405179977000103], [85.07302093600009, 24.406539918000078], [85.0745468130001, 24.40846252500006], [85.07375335800009, 24.412998200000118], [85.0756759630001, 24.421751023000184], [85.07615661600016, 24.439870835000193], [85.06906890900018, 24.43565940999997], [85.06461334200003, 24.43058967700017], [85.06040954500014, 24.424608232000082], [85.05748748800005, 24.41648292600013], [85.05329132200012, 24.415130615000066], [85.04223632900016, 24.418279648000123], [85.03954315200014, 24.424127579000185], [85.03573608400012, 24.42311286900008], [85.03209686300016, 24.425350189000085], [85.0206680300002, 24.422019958000135], [85.01460266100008, 24.41912079000008], [85.0106964110002, 24.41608047500017], [84.99040222200011, 24.41222953700003], [84.96856689399999, 24.375949860000162], [84.94793701200018, 24.37177085899998], [84.9349517820001, 24.376459121000153], [84.9253387460002, 24.37804031500002], [84.91297912700009, 24.37565040600009], [84.90331268400007, 24.37231063900009], [84.89803314200009, 24.372129440000094], [84.89441680900006, 24.375040054000067], [84.90051269500015, 24.38208007900016], [84.8981781010001, 24.393819809000036], [84.89190673900004, 24.398530960000187], [84.8823471070001, 24.417102812999985], [84.87789917000003, 24.422630310000045], [84.88004303100007, 24.432041168000126], [84.87805175800008, 24.44379043600003], [84.88017273000003, 24.46280097900012], [84.87625122100019, 24.462789536000116], [84.87271881000004, 24.465820313000165], [84.86744689800014, 24.466920852000044], [84.86293029900008, 24.457641601999967], [84.85974884000018, 24.45664024299998], [84.8570327750001, 24.45758247500015], [84.8573379520002, 24.46076965400016], [84.84748077500007, 24.46593093900009], [84.84198761000005, 24.455471038000155], [84.83439636200006, 24.452520370000116], [84.83062744100005, 24.459209443000134], [84.8327331540001, 24.46116066000019], [84.83345794800005, 24.469589235000115], [84.82718658400017, 24.470119477000082], [84.82792663600014, 24.486000061000084], [84.83262634200014, 24.511480333000122], [84.81949615400015, 24.524820328000146], [84.80164337200006, 24.521118164000086], [84.79532623400013, 24.529491424000128], [84.78970337000015, 24.521549225000115], [84.7836761480001, 24.517709732000185], [84.77989959800004, 24.504850387000147], [84.76297760000006, 24.501768113000026], [84.74201965300017, 24.496458054000186], [84.74006652900005, 24.48826980500013], [84.72490692100018, 24.472949982000046], [84.71750640900018, 24.46882820200011], [84.71292877200005, 24.468631745000096], [84.7065277100001, 24.472358704000158], [84.6940765390001, 24.461799622000115], [84.6840591420002, 24.45919990600015], [84.67891693100006, 24.456342697000082], [84.67401123100007, 24.44114112900013], [84.66622924900014, 24.431190491000166], [84.66584777900016, 24.428430558000173], [84.66838836600016, 24.426290513000083], [84.66779327500001, 24.412960053000063], [84.66294860800019, 24.410610199000132], [84.66011810300006, 24.395980835000103], [84.65825653100018, 24.393741608000028], [84.64305114800004, 24.39861106900014], [84.62885284500004, 24.400171280000166], [84.62288665800014, 24.403949739000097], [84.6192932130001, 24.402059554999994], [84.61521148600013, 24.403810502], [84.61251068200016, 24.401212693000105], [84.600967406, 24.400978090000137], [84.59420013400018, 24.40401077200005], [84.58992004400005, 24.404380799000023], [84.58184814500004, 24.401460647000192], [84.5800628670001, 24.41041946500019], [84.5724792490002, 24.412340165000103], [84.56539154100017, 24.40747070400016], [84.56121826100019, 24.401840210000046], [84.55912017800006, 24.39710807800003], [84.5643081660001, 24.389890670000057], [84.56578064000007, 24.383939744000088], [84.55603790300017, 24.37972259600008], [84.54585266100014, 24.373699189000035], [84.54167938299997, 24.376710892000062], [84.52152252100001, 24.37626075700007], [84.52406310999999, 24.368761063000022], [84.52796173000019, 24.364830018000077], [84.52671050900011, 24.36102104200006], [84.51882171700004, 24.353160859000127], [84.51937866300011, 24.345840454000097], [84.52548980700004, 24.339479446000098], [84.51741027800006, 24.333669662999966], [84.51419067500018, 24.32360839900008], [84.51069641100008, 24.317171097000028], [84.50319671700004, 24.31541061500019], [84.50454711800012, 24.30590057400019], [84.50123596300017, 24.298809052000138], [84.5022964480001, 24.294549943000106], [84.49688720700004, 24.292720795000093], [84.49353790200013, 24.287040711000145], [84.48420715300006, 24.296920776000036], [84.48751068200005, 24.29883956900011], [84.48874664300013, 24.30216980000006], [84.48706054600012, 24.30483245900018], [84.47856903100018, 24.302890778000176], [84.47534942700008, 24.302562713000157], [84.46839904700016, 24.305290223000043], [84.46511078000015, 24.30838966400006], [84.46196746800013, 24.31755066000005], [84.45453643700017, 24.338649749000126], [84.44666290300012, 24.339700698000115], [84.44491577100013, 24.334180832000072], [84.41742706300016, 24.331361770000058], [84.41816711500013, 24.3423595430001], [84.42253875800009, 24.35914993200015], [84.39494323700006, 24.367790222000053], [84.39978790400005, 24.374639511000055], [84.39766693200005, 24.3774108880001], [84.39202880800002, 24.375749588000133], [84.38501739500015, 24.3793411260001], [84.38221740800003, 24.389699936000113], [84.37377166700014, 24.390991212000188], [84.36725616500019, 24.386959076000153], [84.36136627100007, 24.38663292000018], [84.35530090400016, 24.390960693000068], [84.3469619760001, 24.392070770000146], [84.33586120600017, 24.39583015400018], [84.33798217800017, 24.401290894000113], [84.33162689200014, 24.40464973400003], [84.32586670000012, 24.410930634000124], [84.32779693600014, 24.416570663000186], [84.32778930800004, 24.422161102000132], [84.32486724800003, 24.423669816000086], [84.31823730500008, 24.420219421000127], [84.31505584600006, 24.423452378000036], [84.31939697200005, 24.42925071700006], [84.32749176100003, 24.427728653000088], [84.33065796000011, 24.428430558000173], [84.3303985600001, 24.431190491000166], [84.31498718300014, 24.447509765000007], [84.29321289000018, 24.450822830000163], [84.29022216800018, 24.458080293000137], [84.28526306200018, 24.465919495000037], [84.29418945300006, 24.48076057600008], [84.30824279700005, 24.48690033100013], [84.3217086800002, 24.48975753800005], [84.32565307500016, 24.496709823000174], [84.3263473500001, 24.502719880000143], [84.32168579200004, 24.513179780000144], [84.31910705600006, 24.522310258000118], [84.3128433220001, 24.526769639000065], [84.31192779500014, 24.533758164000176], [84.30944824300013, 24.539541245000066], [84.3020095820001, 24.54725265400009], [84.29743194500014, 24.563142776000177], [84.2929763790001, 24.56599044700016], [84.2799758920001, 24.563360214000056], [84.26922607400007, 24.564252853000085], [84.27189636100013, 24.554021836000118], [84.28009033200016, 24.551919938000083], [84.27828216500018, 24.54747009200014], [84.26859283400006, 24.54685974099999], [84.26944732600009, 24.541368486000124], [84.26474761900016, 24.54057121300019], [84.26274108900003, 24.537111282000183], [84.25846862700018, 24.53769111600019], [84.25714111200006, 24.530750276000163], [84.24852752600003, 24.531589507999968], [84.2499465950001, 24.535739899000134], [84.24829864500003, 24.538761139000144], [84.24108886700014, 24.54322052000009], [84.23426056000017, 24.54357910200008], [84.23500824000018, 24.55318069400016], [84.22068023600008, 24.55033111600011], [84.21749114900007, 24.535169603000156], [84.20892334000018, 24.537160874000165], [84.20620727500011, 24.545330049000086], [84.20050048800016, 24.549440384000093], [84.19991302500011, 24.55702018700015], [84.18830108600008, 24.555320740000127], [84.1869583130001, 24.549301148000154], [84.18158721900016, 24.547060013000078], [84.17288207900003, 24.54713058600015], [84.1728210460002, 24.54198074400017], [84.1823959350001, 24.523609161000024], [84.18641662600015, 24.522499084000117], [84.18225860600018, 24.51834106399997], [84.18226623600009, 24.515630722000083], [84.17926025300017, 24.510419846000048], [84.17137146000016, 24.509790421000105], [84.16114044100016, 24.51258277900007], [84.15364074700011, 24.517641067000056], [84.15589141800007, 24.519481660000054], [84.15571594200014, 24.52433967600018], [84.16440582200005, 24.533712387000037], [84.16065979100017, 24.538240432000123], [84.14955902100007, 24.540300369000136], [84.14605712900004, 24.540300369000136], [84.13629150400004, 24.529361726000047], [84.13701629600013, 24.518180847000167], [84.13996124400006, 24.504800797000087], [84.13654327400008, 24.502540589000148], [84.12901306100008, 24.500680923999994], [84.12490844799999, 24.498319626000068], [84.12258148200004, 24.48666954000015], [84.1097793570001, 24.481399536000026], [84.10092163200005, 24.487901688000136], [84.0969696040001, 24.495721817000117], [84.08909607000004, 24.504127503000177], [84.08658599799998, 24.5146312710001], [84.08969116300017, 24.533929825000087], [84.08870697000015, 24.536079408000035], [84.08429718000014, 24.538700103000053], [84.07833862400008, 24.54500961400015], [84.07723999000012, 24.552480699000057], [84.0736770630001, 24.557580948000066], [84.07467651400015, 24.564750672000173], [84.07247924900014, 24.56960105900015], [84.06774139400005, 24.571029663000047], [84.06526184100017, 24.575059892000127], [84.05974578800004, 24.576980592000098], [84.06265258799999, 24.58371925300014], [84.06136322100019, 24.58937072800012], [84.05808258000008, 24.588361740000096], [84.05293273800015, 24.587961197000084], [84.05142212000004, 24.591520311000068], [84.05311584400016, 24.594699860000162], [84.04785919300019, 24.60650825600004], [84.04487609800003, 24.606960297], [84.0467376700002, 24.612289429000043], [84.03823852500017, 24.619409561000168], [84.03324890100015, 24.61895942700005], [84.03205108700013, 24.62157821699998], [84.02899169900013, 24.622640609000143], [84.02678680300016, 24.627742768000132], [84.02416992300016, 24.62906074500006], [84.0196380610002, 24.626819610000155], [84.01566314700011, 24.627601624000192], [84.0145263660001, 24.631639481000093], [84.00196838500011, 24.63540077200014], [83.99221038799999, 24.638032913000075], [83.97924041700003, 24.61512947200015], [83.97235107500006, 24.59662818999999], [83.96488189700005, 24.58764076200015], [83.9575805670001, 24.57632827900005], [83.94818115200013, 24.56651115400018], [83.93649291899999, 24.5559196480001], [83.93300628600008, 24.551742554000157], [83.92845916800007, 24.547910690000037], [83.92407226500012, 24.546209335000185], [83.91793060200007, 24.545789718000037], [83.90274810800014, 24.542440413999998], [83.87885284400011, 24.536500930000102], [83.86804199200003, 24.532880783000167], [83.8576889040001, 24.537559510000108], [83.84807586599999, 24.53631019600016], [83.84149170000006, 24.53450012200011], [83.82740020700004, 24.533149718000118], [83.81623077400019, 24.531259537000153], [83.80895233100006, 24.528949739000154], [83.79901123000008, 24.529880525000067], [83.79448700000017, 24.529449462000002], [83.7880325320001, 24.527170180999974], [83.78174591099997, 24.523580552000055], [83.74865722700014, 24.510530471000095], [83.73073577800011, 24.508790969000188], [83.71669006400003, 24.504949569000132], [83.70236969100011, 24.507339478999995], [83.6956787100001, 24.510610580000048], [83.68245696999998, 24.5155811300001], [83.67080688500016, 24.514770507000037], [83.66252899200015, 24.515680312000086], [83.64483642500005, 24.516180038000073], [83.60015869100016, 24.51324081500013], [83.59240722599998, 24.51489067000017], [83.57121276800018, 24.517009735000045], [83.54725647000004, 24.524030686000003], [83.54244232200017, 24.526180267000143], [83.53504181000017, 24.525579452999978], [83.5238418580002, 24.525920867000025], [83.50950622600016, 24.52754020800012], [83.49816894500009, 24.52705955500005], [83.4976196290001, 24.52897071800004], [83.4932022100001, 24.536079408000035], [83.49341583200004, 24.54207038900006], [83.50495910600011, 24.544389725000087], [83.51718139600013, 24.54916954099997], [83.51793670600011, 24.554941177000046], [83.52458953800004, 24.567300796000154], [83.52400207500006, 24.575021743000093], [83.52514648400012, 24.58019828800002], [83.52498626700014, 24.585039139999992], [83.52350616500007, 24.587820053000144], [83.51999664300013, 24.591011047000052], [83.51721954300018, 24.598730087000092], [83.51743316700009, 24.603229522000163], [83.52555847100001, 24.613689422000164], [83.53453063900008, 24.61560058700013], [83.53843688900014, 24.621629715000154], [83.54171753000008, 24.62455940199999], [83.54141235400004, 24.626180650000038], [83.53890991200012, 24.627742768000132], [83.52068328800016, 24.63001060500011], [83.524192809, 24.642099381000094], [83.52394104000007, 24.64435005200005], [83.52169036900011, 24.644531250000114], [83.51590728800005, 24.642820358000165], [83.50717163200005, 24.649370194000085], [83.50251007100007, 24.648710251000125], [83.49971771200006, 24.649410248000038], [83.49752044700006, 24.651660918999994], [83.497047425, 24.659219743000165], [83.49948120100015, 24.668479920000095], [83.50218200800003, 24.671581268000068], [83.5131912240002, 24.67892074600013], [83.51370239300013, 24.681150436000053], [83.51264953600014, 24.68341064400005], [83.50917053300014, 24.68474960400016], [83.49990081800013, 24.69453048800011], [83.49571228000013, 24.696220397000047], [83.49498748800005, 24.70268058700009], [83.49205017100007, 24.70516014100008], [83.48960876400014, 24.705858231000093], [83.48589325, 24.702711106000038], [83.48335266100003, 24.702959060000126], [83.48071289200004, 24.705732345000172], [83.47997284000007, 24.709938050000062], [83.48036956800007, 24.716209410999966], [83.48327636700014, 24.722770690999994], [83.48332214400011, 24.731069565000098], [83.48245239300019, 24.7349395760001], [83.47984313900008, 24.737831116999985], [83.47532653700017, 24.738019942999983], [83.47174835200013, 24.735670091000088], [83.46695709199997, 24.73452758700006], [83.4624328610002, 24.735130310000102], [83.45308685200007, 24.733320236000054], [83.444671631, 24.740449905000162], [83.4414672850001, 24.74403000000018], [83.43424224900008, 24.756849288000183], [83.42542266800012, 24.76311111400014], [83.4194183350001, 24.769870758000025], [83.41129302900015, 24.775320054000076], [83.4034423830002, 24.776670456999966], [83.39409637500017, 24.779470443000037], [83.3868026740002, 24.78421974300005], [83.38633728000008, 24.786590577000084], [83.38849639799997, 24.791540146000102], [83.39254760799997, 24.79710960500006], [83.38990020700004, 24.80185127200008], [83.39006042400007, 24.804420472000174], [83.39559936600006, 24.810991288000082], [83.39566802900015, 24.815599441000074], [83.39492797900004, 24.820209504000047], [83.39131164500014, 24.823158265000075], [83.38963317900016, 24.82715034500012], [83.39038848900015, 24.833080293000137], [83.38915252700019, 24.836071015000186], [83.38527679500015, 24.840070725000146], [83.38250732500018, 24.840259552000077], [83.38076019300019, 24.843030929000122], [83.38101959300013, 24.844459534000123], [83.3786468510001, 24.84613990700018], [83.36827087300014, 24.863180161000173], [83.35575103900004, 24.868650437000156], [83.35399627700014, 24.870611191000023], [83.35724639900013, 24.87352752800001], [83.36316680900006, 24.876970292000124], [83.36424255400016, 24.87858009500019], [83.36386871400015, 24.88043975900007], [83.36180114700005, 24.88233947800012], [83.3562316890002, 24.884309768000094], [83.35489654600013, 24.88553810100018], [83.3550567630001, 24.887479782000185], [83.35617828400012, 24.889219284000035], [83.35962677000015, 24.89018058800019], [83.36001586900011, 24.891849519000118], [83.35138702400019, 24.903060914000093], [83.35121154800004, 24.906232833000047], [83.35202789400006, 24.907840729000043], [83.35598755000012, 24.909839630000135], [83.35730743400012, 24.91140174800006], [83.35803222600003, 24.913990021000075], [83.35735321100009, 24.919240952000166], [83.35852050800008, 24.937400819000175], [83.35761261100004, 24.945989609000094], [83.35790252700002, 24.951629638000043], [83.35701751800008, 24.955352783000137], [83.34938049300013, 24.959529878000183], [83.34629821800013, 24.96294975300009], [83.34393310500008, 24.963880539000172], [83.3384628290001, 24.963550569000063], [83.34052276500017, 24.97481918400007], [83.34040832500011, 24.979219435999994], [83.34593200600017, 24.992090226000187], [83.34619903600009, 24.99596023500004], [83.34487915000011, 25.00262069700011], [83.34387207000009, 25.010482788000047], [83.3420867910001, 25.011461259000043], [83.3390960690001, 25.011890412000128], [83.32765197700019, 25.016321182000127], [83.31965637200005, 25.015541078000012], [83.31817627000015, 25.017320634000043], [83.3160705570001, 25.027339935999976], [83.31649780200019, 25.038381577999985], [83.31784057700014, 25.041650771000036], [83.32345581000015, 25.048051834000034], [83.32145690900006, 25.05243110600003], [83.3219223010002, 25.055830003000153], [83.32495117300016, 25.055971145000115], [83.32624053900008, 25.055389405000085], [83.32711792000015, 25.053390504000163], [83.330169678, 25.050979614000028], [83.33210754300006, 25.05050087100011], [83.33380889800003, 25.050991059000125], [83.33360290600007, 25.05803108200007], [83.33123779300001, 25.059829713000113], [83.32778167800018, 25.061000825000065], [83.3312072760001, 25.07335281400003], [83.332221984, 25.082460404000074], [83.33351135200013, 25.084791183000107], [83.33669281100003, 25.086349488000167], [83.33802795300016, 25.08806037900007], [83.34031677299998, 25.09864997900013], [83.34012603700006, 25.112400054000148], [83.342887878, 25.1124801630001], [83.34783935600007, 25.11079978900017], [83.35375976500012, 25.110372544000086], [83.3573608390002, 25.124191284000176], [83.35762786900005, 25.12792015100007], [83.3521270760001, 25.131219864000172], [83.35399627700014, 25.14017105000005], [83.35343933100006, 25.149160386000062], [83.3524703980001, 25.151821136000137], [83.35080719000013, 25.15339088500008], [83.34320831300016, 25.158670425000082], [83.3450927740002, 25.16669082600015], [83.34673309400006, 25.1695995340001], [83.34813690200019, 25.178600311000082], [83.342247009, 25.178859711000086], [83.33801269500015, 25.179910660000075], [83.3353576660001, 25.18139267000015], [83.33586120700011, 25.183570862000067], [83.34121704000017, 25.185550688999967], [83.3439483630001, 25.187402726000187], [83.34739685000005, 25.193040848000066], [83.34960937600016, 25.198940277000133], [83.35597228900019, 25.198661804000096], [83.36026001000016, 25.196350098000096], [83.3666229260001, 25.200330734000147], [83.37210083000019, 25.201110841000116], [83.37455749500015, 25.202510834000066], [83.3777084350001, 25.20965957700008], [83.37957763800011, 25.21175003200011], [83.38173675600007, 25.210798265000165], [83.38535308800016, 25.20602989200006], [83.38822174000018, 25.20700836200001], [83.38999176099998, 25.21163940400004], [83.38990020700004, 25.214120865000098], [83.39113616899999, 25.215589524000052], [83.39505004800009, 25.216909409000095], [83.39597320600012, 25.22252082900019], [83.39727783200004, 25.22521019000004], [83.40151214600007, 25.23003006100015], [83.40233612100013, 25.23755073600006], [83.40416717500011, 25.24241066100012], [83.40690612800017, 25.247249603000114], [83.40927123900019, 25.249280930000054], [83.4170684820001, 25.24611091700018], [83.41934204100016, 25.2463607790001], [83.41854858400018, 25.252069474000166], [83.41934204100016, 25.25332069500007], [83.42251587000015, 25.252241133999973], [83.42872619600007, 25.244489671000167], [83.43136596700009, 25.244501114000116], [83.43115234400011, 25.250080108000077], [83.433219909, 25.253561021000053], [83.43979644700005, 25.259201050000172], [83.44294738700017, 25.25926017800009], [83.45355224700012, 25.251279832000023], [83.45729064900019, 25.250410081000098], [83.46028137200011, 25.251970292000124], [83.46325683600008, 25.256408692000036], [83.47043609500014, 25.2626781460001], [83.47191619900008, 25.26545906100006], [83.47004699700011, 25.26922989000019], [83.47101593000008, 25.272148132000098], [83.48026275600012, 25.282409668000184], [83.48206329300012, 25.28289031999998], [83.48619842600004, 25.279502869000112], [83.48961639400005, 25.281169892000094], [83.49127960200019, 25.286590576000094], [83.4947662350001, 25.28729057400011], [83.49572753800015, 25.284402847000024], [83.4968872070001, 25.283000946000072], [83.49820709200014, 25.28297042900016], [83.50260162300003, 25.289571761000104], [83.50807189900002, 25.286199570000065], [83.51117706200017, 25.287820816000078], [83.51795196500001, 25.29323959300018], [83.51690673800016, 25.29846954300018], [83.51693725700011, 25.300609588000043], [83.5180664070001, 25.30248069800018], [83.52002716100014, 25.3033218380001], [83.52310180600006, 25.300451279000185], [83.52561187800012, 25.299539566000192], [83.52879333500016, 25.30144119200014], [83.53118133500004, 25.304510116000017], [83.5425796510001, 25.30932044900004], [83.54531097400019, 25.309850694000147], [83.54664611900012, 25.311609269000087], [83.54435729900007, 25.313142776000007], [83.533149719, 25.31287193300011], [83.5346527100001, 25.315200807000053], [83.5394668580002, 25.317649842000094], [83.54747772300016, 25.315851212000155], [83.55123138400012, 25.31389236600006], [83.55430603000019, 25.314069749000055], [83.56088256900011, 25.316080093000153], [83.56426239000007, 25.315851212000155], [83.56289672800006, 25.309658050000166], [83.56417083800017, 25.308149339000124], [83.56938171399997, 25.310131072000047], [83.57224273600013, 25.317619323000145], [83.57788086000016, 25.316648483000108], [83.5788269040001, 25.31726837200017], [83.5808181750001, 25.322349549000023], [83.583892822, 25.324890136000192], [83.58805847200006, 25.32644081100011], [83.60320281900016, 25.331569672000057], [83.6072158820001, 25.33230972400014], [83.61065673800005, 25.332590104000076], [83.61464691100008, 25.33166122400013], [83.62005615200007, 25.328580857000077], [83.62238311800007, 25.32952118000003], [83.62477111800013, 25.33493804900013], [83.62835693300008, 25.336250306000068], [83.62898254500016, 25.337909699000136], [83.62847900400016, 25.34113121000013], [83.62996673600014, 25.343240738000077], [83.63182830800014, 25.342050553000092], [83.63877105800009, 25.34015274100011], [83.64250183100017, 25.34111976700018], [83.64440155000005, 25.34500122100019], [83.64657592700007, 25.34720039400014], [83.64351654100011, 25.354440689000114], [83.64540863000008, 25.357641221000108], [83.65022277800011, 25.35910034200009], [83.65059661800012, 25.361570357999994], [83.64965820300006, 25.365440369000055], [83.65020751899999, 25.36795997700017], [83.65616607599998, 25.36366081300008], [83.65879821700008, 25.36302948100007], [83.66020202700008, 25.363870620000114], [83.65791320800014, 25.369211198000187], [83.66020965600006, 25.371000289000165], [83.664779662, 25.366899490000037], [83.66908264100016, 25.364461898000172], [83.6722183230001, 25.364589691000162], [83.6789932260001, 25.36658096200017], [83.68628692700008, 25.369449616000054], [83.68897247300004, 25.371288300000117], [83.68784332300004, 25.374141694000116], [83.67681884900003, 25.376750946000186], [83.67520141600005, 25.378391265999994], [83.67626953100006, 25.38170051600008], [83.68940734900013, 25.38585090700019], [83.69277954200004, 25.393770219000146], [83.69458007800012, 25.396099090000007], [83.69628143300014, 25.396350860000098], [83.69893646300005, 25.388191223000035], [83.70140838600003, 25.38585090700019], [83.70400238000008, 25.386148454000022], [83.70947265600012, 25.39525032100005], [83.71540069600013, 25.399232865000045], [83.71806335400015, 25.399810791999982], [83.7253112790001, 25.397670746000017], [83.72717285100009, 25.398500443000046], [83.72944641200019, 25.40621948200004], [83.73250579800003, 25.41060066200015], [83.73494720500014, 25.40933036800004], [83.73784637400013, 25.400890350000168], [83.74060058499998, 25.400209428000096], [83.74198150700005, 25.40059089600004], [83.74809265100015, 25.404340744000024], [83.7507019040001, 25.404970169000137], [83.75332641600016, 25.404169083000113], [83.75805664100017, 25.401210785000103], [83.75887298600009, 25.400510787000087], [83.75195312500017, 25.39839172300009], [83.749717712, 25.396770477000075], [83.74973297100013, 25.39206123400004], [83.7619323720001, 25.387910844000032], [83.76225280700004, 25.39114189100013], [83.76346588100006, 25.398611068000037], [83.76518249500015, 25.399660110000127], [83.77068328900003, 25.400199890000067], [83.7822723380001, 25.398729324000044], [83.79660797200017, 25.408279418999996], [83.79936981200007, 25.410980225000174], [83.80327606200018, 25.41810989400011], [83.8052215580002, 25.424530030000142], [83.80319213800016, 25.42692947500018], [83.79270172100018, 25.430158616000085], [83.79435729900001, 25.431619645000126], [83.79670715400005, 25.432792665000193], [83.80294036900017, 25.432859421000046], [83.81762695200007, 25.437320709000005], [83.82064819300018, 25.437610626000094], [83.82408142200012, 25.43324089100014], [83.83020019600013, 25.433589935000043], [83.83837127700008, 25.43688964900008], [83.83937072800006, 25.438779831000147], [83.83943939200003, 25.442110062000097], [83.83751678400012, 25.44622993500019], [83.83338165300006, 25.450149536000026], [83.8304367070001, 25.45108032200011], [83.82150268600009, 25.451580048000096], [83.8185882570001, 25.452947617000177], [83.81381988600003, 25.453899384000124], [83.81037139900008, 25.454250335000154], [83.8079376230001, 25.45325279299999], [83.80555725100015, 25.45370102000004], [83.80671691800012, 25.458509445000118], [83.81022644000006, 25.465919495000037], [83.8123397820001, 25.46790123000011], [83.81474304200003, 25.468320847000086], [83.82256317100018, 25.462022782000076], [83.82467651500008, 25.46124076800004], [83.82935333200004, 25.461490632000107], [83.83378601100009, 25.462961196000094], [83.84787750200013, 25.471002578000025], [83.85111999400016, 25.473720550000053], [83.85491943400012, 25.484859467000035], [83.85977935700015, 25.48920059300019], [83.86443328800004, 25.490619660000107], [83.86672973600014, 25.49349975700011], [83.87126159700006, 25.50319290100009], [83.86820984000002, 25.511632919000135], [83.8729629520002, 25.52040290800005], [83.87692260800009, 25.52140808200005], [83.88247680600011, 25.521459580000055], [83.88810730000006, 25.52321052700006], [83.89280700700016, 25.52546119700014], [83.896263122, 25.52827262900007], [83.89942169200003, 25.53177070600003], [83.91356659000013, 25.55434036300005], [83.91705322300004, 25.558490753000115], [83.92098236000015, 25.561729432000106], [83.92530059800004, 25.56315231300016], [83.93966674800015, 25.565431595000064], [83.94432067900004, 25.56734085200003], [83.9558792110002, 25.57542991600019], [83.9915695200001, 25.601022720000174], [84.0000457770002, 25.607719422000002], [84.01423645000011, 25.6161308290001], [84.02822113000008, 25.622739793000164], [84.05683136100004, 25.632221222000112], [84.07650756800012, 25.637531281000122], [84.07969665500008, 25.652730941000073], [84.07402801400013, 25.672500610000043], [84.07356262200017, 25.683572769000023], [84.06964874200014, 25.695610047000173], [84.08289337200017, 25.71269035300014], [84.09439086900016, 25.720380783000167], [84.10787201000011, 25.723640441000043], [84.12309265100015, 25.72394943300003], [84.13511657700008, 25.731630326000015], [84.13669586100019, 25.727540969000188], [84.13675689600018, 25.723751069000116], [84.13150024500015, 25.72393036000011], [84.12654876800019, 25.718519211000114], [84.1293029790001, 25.717359542000167], [84.13572692800005, 25.71688270700008], [84.14453125, 25.720609664000165], [84.14834594700005, 25.726011277000055], [84.14524841400004, 25.728609086000176], [84.14823150600012, 25.730960847000176], [84.15550995000012, 25.72594070399998], [84.1675033570001, 25.721750260000192], [84.17398071300016, 25.715740204000156], [84.19431304800014, 25.70342063900017], [84.19719696100009, 25.692230224000184], [84.19950866700009, 25.672349930000053], [84.20291137600015, 25.66963958800011], [84.21707916200018, 25.664060592], [84.2332229610002, 25.66395950400016], [84.24759674000012, 25.662811279000096], [84.26843261700003, 25.663259507000078], [84.27291870100015, 25.661689758000136], [84.28557586700003, 25.661529541000107], [84.29013061600006, 25.662830353999993], [84.29280090300011, 25.66852951100003], [84.28218841600017, 25.674610139000094], [84.28357696600011, 25.677139282000155], [84.28777313300014, 25.676322937000066], [84.29212951700015, 25.677049638000028], [84.2947769160001, 25.674158097000145], [84.29876709000018, 25.67179107700008], [84.312126159, 25.672428131000174], [84.3133926380001, 25.668909074000055], [84.31858825699999, 25.671939851000104], [84.32071685900007, 25.68208122400017], [84.32356262200011, 25.70400047300018], [84.3231887820001, 25.723131180000053], [84.32443237300004, 25.73327064500012], [84.32562255900012, 25.737100602000055], [84.33129119900019, 25.744571687000132], [84.33748626700009, 25.74513053800007], [84.35440826500007, 25.74361992000013], [84.36617279100005, 25.73843956000013], [84.36950683500004, 25.73600959800018], [84.3716888420002, 25.73830032300009], [84.36757660000012, 25.741701127000113], [84.36953735400016, 25.74373054500012], [84.37296295200008, 25.742269517000068], [84.38001251200001, 25.748689652000053], [84.38852691599999, 25.74427986100011], [84.384483337, 25.737680436000062], [84.38117217900015, 25.73425102300007], [84.393646241, 25.72890281800011], [84.39311981200007, 25.72602081300016], [84.39546966600017, 25.724399567000148], [84.40043640200008, 25.716890335000187], [84.39710998599998, 25.70907020599998], [84.4018783570001, 25.699501038000164], [84.41089630200008, 25.698471069000107], [84.42360687300004, 25.69507980300017], [84.42417144700005, 25.711719513000105], [84.43247222800005, 25.712078094000162], [84.43855285600011, 25.710680009000043], [84.44877624500015, 25.71449089000015], [84.44901275600012, 25.711380004000148], [84.45516967700019, 25.71031188900014], [84.4586563100001, 25.703210831000035], [84.45877838100012, 25.698432923000155], [84.46319580000016, 25.698642730000188], [84.46276092500017, 25.69588279800007], [84.460319518, 25.690710067999987], [84.4665069580002, 25.685510635000128], [84.48934173600003, 25.691089631000068], [84.48838806100008, 25.677850723000176], [84.49903106699998, 25.67739105200002], [84.50576782300016, 25.682260514000063], [84.5163803100001, 25.67770957900018], [84.52458953900015, 25.68435096799999], [84.52794647200017, 25.71537017900016], [84.53047180300013, 25.72462082000004], [84.53586578300019, 25.726490020000142], [84.53138732800011, 25.692832947000056], [84.55233001700014, 25.684030533000055], [84.55639648500016, 25.688570023000125], [84.55860900900012, 25.70098114000001], [84.55896759100011, 25.72165107799998], [84.55562591600011, 25.736408234000123], [84.59552001900005, 25.739110946000096], [84.6130599980001, 25.730739594000056], [84.62419128400006, 25.727909089000093], [84.63059997500017, 25.72834014900019], [84.62989807200012, 25.73311042800009], [84.62628173800005, 25.74160194500007], [84.62232971200007, 25.747318268000072], [84.61487579300018, 25.75283813500016], [84.60318756000004, 25.75757026600013], [84.60053253100017, 25.760629654000127], [84.60289001400008, 25.77243995800012], [84.6101379390002, 25.77728080700018], [84.61466980100016, 25.77242279000012], [84.62075042800012, 25.77238083000003], [84.61905670100003, 25.7889709480001], [84.62111663800005, 25.79236030600009], [84.62021636999998, 25.794090272000062], [84.61682891900011, 25.795549393000044], [84.61089324900018, 25.80065917999997], [84.59819793700012, 25.809650422000175], [84.58715820400016, 25.81960106000014], [84.57141876200012, 25.829839707000076], [84.55654907200011, 25.837511062000033], [84.54685211300006, 25.84132003800005], [84.54425048799999, 25.829980850000084], [84.53292083800017, 25.832229615000074], [84.5269775390002, 25.834329605000107], [84.52625274700006, 25.85540962300007], [84.5199966420002, 25.861150742000177], [84.52825927700019, 25.864730835000046], [84.5399093630001, 25.860361100000034], [84.5405502320001, 25.862119675000145], [84.53164672800006, 25.872720719000142], [84.52864074700011, 25.877740860000074], [84.50652313300014, 25.872379303000116], [84.48528289800015, 25.88924980200005], [84.47867584300013, 25.88836097700016], [84.46655273500016, 25.88368988100018], [84.46105194000006, 25.8887310020001], [84.45066070500013, 25.890220642000088], [84.44371795700016, 25.88966941900003], [84.43118286000009, 25.89266967700013], [84.42768859900008, 25.891189575000055], [84.42331695600012, 25.89242172300004], [84.42417144700005, 25.89833831800013], [84.42151641700013, 25.902208329000132], [84.4175415040001, 25.911439896000047], [84.40928649900019, 25.924381256000174], [84.40830230800003, 25.931350709000128], [84.38629150400016, 25.938180924000108], [84.36501312200011, 25.95053291300013], [84.35138702400013, 25.959341049000045], [84.34880066, 25.959981919000143], [84.34371185400016, 25.958730697000192], [84.31385040200013, 25.94796943800003], [84.30927276500017, 25.946889878000036], [84.30310821600006, 25.946390152000106], [84.2963333140001, 25.946989060000078], [84.29155731200018, 25.94828033500005], [84.28366089000014, 25.9556007380001], [84.27536773600019, 25.961290360000135], [84.2645874010002, 25.967260362000104], [84.25466918900008, 25.971088409000004], [84.24455261200012, 25.97681808500016], [84.2404861440001, 25.982759476000126], [84.23522949300013, 25.986000060000038], [84.22344207800012, 25.991170883000052], [84.21412658700001, 25.996200561000023], [84.201812744, 26.0005607600001], [84.19474792600005, 25.99130058300011], [84.19227600000016, 25.989538193000158], [84.17640686100015, 25.99775123600017], [84.1724395760001, 25.998790741999983], [84.17024231000016, 25.991661073000103], [84.16622924700005, 25.99150085499997], [84.16600799700001, 26.00270080500013], [84.16726684600019, 26.025470735000113], [84.15902710000017, 26.032241822000174], [84.13667297400013, 26.047010422000028], [84.12792205700003, 26.055530548000092], [84.11605072100014, 26.074880600000142], [84.10717010500002, 26.081712723000066], [84.09104156400008, 26.096540450000077], [84.0811386100001, 26.099769592000087], [84.06923675500008, 26.09912109400011], [84.04905700700016, 26.099700928000118], [84.04824829100005, 26.10383033700009], [84.04514312800006, 26.106319428000063], [84.04223632700018, 26.11162185700016], [84.04361724900019, 26.117170334000093], [84.04187774700017, 26.120500565000043], [84.0452423100001, 26.12042045600009], [84.04239654500009, 26.13154983600009], [84.03362274100016, 26.137479783000174], [84.01814270000017, 26.14512062099999], [84.02363586500019, 26.154140472000165], [84.02731323299997, 26.15303039500003], [84.02841186400002, 26.159620286000063], [84.02784729000007, 26.162960052000187], [84.02289581300005, 26.16534805400005], [84.0197067260001, 26.16406249900018], [84.01381683300008, 26.16698074300001], [84.00302124000012, 26.178230286000087], [84.00406646800008, 26.18069076600011], [84.00211334200014, 26.190139771000077], [84.00901031500013, 26.19955825800014], [84.01499939000013, 26.19742965800009], [84.02044677800001, 26.19755935600017], [84.02359008800005, 26.200920106000012], [84.02323913700008, 26.204490661000136], [84.0195007320001, 26.206010820000074], [84.01902008100001, 26.20928955100004], [84.02091216999997, 26.21422004700014], [84.02426910500003, 26.21976089400016], [84.02047729500015, 26.223649979000186], [84.01676940900012, 26.22161293100004], [84.00946044900007, 26.22392082200014], [84.00820159900019, 26.225311279000152], [84.0055160510002, 26.234069825000063], [84.01091003400018, 26.235811233999982], [84.0104827890001, 26.238790513000026], [84.01152038500015, 26.240682601999993], [84.01412200900012, 26.24058914200009], [84.0183868420001, 26.238780975000168], [84.02050018300008, 26.241630554000096], [84.02400207500011, 26.239589691000106], [84.03132629300006, 26.239070892000086], [84.0311584480001, 26.235670090000042], [84.03363037100007, 26.232088089000058], [84.04680633600003, 26.23019027800018], [84.04943847700014, 26.2255706790001], [84.05726623600003, 26.22521019000004], [84.05835724000008, 26.226749421000136], [84.07357788100006, 26.22488021900017], [84.0736770630001, 26.22103118900003], [84.07936859200004, 26.221210480000025], [84.0801467890002, 26.224420546999966], [84.0819015510001, 26.22710037300004], [84.07952117900015, 26.23184013500014], [84.0873870850001, 26.23653984000009], [84.09137725700003, 26.234029770000063], [84.0922927850001, 26.240221023000117], [84.10035705500013, 26.239280701000098], [84.10135650700005, 26.24307060400008], [84.11045837400007, 26.241830826000182], [84.11270141600005, 26.24967956600011], [84.10994720500014, 26.25309753400012], [84.1123428350001, 26.25657272400008], [84.11295318600008, 26.261920930000088], [84.12375640900018, 26.258819580000193], [84.12594604500015, 26.261449815000105], [84.14140319900008, 26.25774955700018], [84.14533996600017, 26.26165962200014], [84.15347290000017, 26.245269775000054], [84.15730285600017, 26.24413108900012], [84.15934753500017, 26.245901109000044], [84.15570831400004, 26.252540588000045], [84.1551284790001, 26.257720948000042], [84.15740203900009, 26.260919570000056], [84.1636505140001, 26.261369706000153], [84.16761779700016, 26.26402092000012], [84.17135620200014, 26.267730712000116], [84.17099762000015, 26.270500184000127], [84.16815948500005, 26.27367973300005], [84.16964721700003, 26.277231217000065], [84.17096710200008, 26.286640168000076], [84.16874694800009, 26.292869568000185], [84.17150878900009, 26.303691863999973], [84.17944335900006, 26.311780929000065], [84.18173980700016, 26.317039490000184], [84.17681884800004, 26.322490693000134], [84.1672058100001, 26.338109970000062], [84.16723632900005, 26.360229492000087], [84.16961669900019, 26.3625602730001], [84.17135620200014, 26.37397956799998], [84.15634155400005, 26.378259659000037], [84.15402984600007, 26.37615966800007], [84.13078308100017, 26.382190705000028], [84.12844085700016, 26.384210586999984], [84.11675262400001, 26.385248184000147], [84.11519622800006, 26.387569428000177], [84.09654235900018, 26.3879108430001], [84.09230041500001, 26.390430451000043], [84.08970642100019, 26.38751983700007], [84.08767700100009, 26.390119552000158], [84.08116912900005, 26.38966941800004], [84.08055877800012, 26.386220932000185], [84.07884216200017, 26.385721206000028], [84.07721710100009, 26.383962631000088], [84.07200622500005, 26.38446998700016], [84.07061767700009, 26.386890411000024], [84.06151580800008, 26.39009094300019], [84.06181335400004, 26.39427948000008], [84.05507659900013, 26.400247574000048], [84.05497741700009, 26.402048111000113], [84.0450973510001, 26.404071808000083], [84.04498291100003, 26.40529060300014], [84.04126739400004, 26.405550003000087], [84.04087066600005, 26.408491135000077], [84.0382614130001, 26.410400390000063], [84.03618621800007, 26.407840730000032], [84.03056335500014, 26.413009644000113], [84.03318023700012, 26.413780213000052], [84.02178192100013, 26.425041198000145], [84.02052307200012, 26.428840637000178], [84.01640319900002, 26.431922913000164], [84.01494598300008, 26.439470292000124], [84.01611328100006, 26.4419708260001], [84.01098632800012, 26.448459626000158], [84.00903320300006, 26.44498062200006], [84.00170135500008, 26.443590165000046], [83.9926300050002, 26.447610856000097], [83.99044799800004, 26.447629929000186], [83.98346710300018, 26.434900283000104], [83.98195648200016, 26.434619904999977], [83.9612960820001, 26.437149048000094], [83.94626617500006, 26.438108445000182], [83.93607330200018, 26.44168090800008], [83.91902160600011, 26.44552993800005], [83.90811920200008, 26.44950103700006], [83.90228271400014, 26.45025062500008], [83.9030227660001, 26.46104049800016], [83.90154266400003, 26.467309951999994], [83.90323638900009, 26.472270966000167], [83.90496826200012, 26.494348526000067], [83.90746307400013, 26.500379563000024], [83.90679168700012, 26.506759643000123], [83.90175628700001, 26.51044082700008], [83.90084075900012, 26.51371192900018], [83.90220642000008, 26.51807975800017], [83.9146728520002, 26.520240784000123], [83.93048858600014, 26.524780274000022], [83.93499755900012, 26.52444076600017], [83.93923950300007, 26.521280288000128], [83.94584655800008, 26.518421174000025], [83.94352722200017, 26.51589965800008], [83.94271850600006, 26.513479233000112], [83.94565582400008, 26.5102005010001], [83.95616912900016, 26.508199692000176], [83.96254730300018, 26.50860023600012], [83.9654159550002, 26.51173973100009], [83.9665527350001, 26.52095031800019], [83.96810913100006, 26.52584075900006], [83.97054290700004, 26.529439926000066], [83.97418975800002, 26.531940460000044], [83.98359680200019, 26.53146171500009], [83.9903030390002, 26.53014183100015], [83.99835205100004, 26.527381897000055], [83.99864959700017, 26.525030136000055], [84.00068664500014, 26.525011063000193], [84.01448059100011, 26.532020569000167], [84.02004241900005, 26.532079697000086], [84.03082275400004, 26.535551072000146], [84.04300689800004, 26.54096031299997], [84.04776001100015, 26.54348945600009], [84.04878234900019, 26.550331117000155], [84.0481414790001, 26.557519914000125], [84.04931640600006, 26.56159019500018], [84.05474853600009, 26.567689895000058], [84.05690765400004, 26.573410034000005], [84.06285095300018, 26.57969284000012], [84.06772613600003, 26.581300736000117], [84.07122039800015, 26.58448028700019], [84.07028961200007, 26.589258194000024], [84.07914733900009, 26.594350815000098], [84.0825271600001, 26.599599838000188], [84.0817871100001, 26.603111268000077], [84.0847625720001, 26.610559464000175], [84.08280181800006, 26.615051270000038], [84.08352661200018, 26.61825943000008], [84.0796203610002, 26.623701095000115], [84.08213806200001, 26.626550674000043], [84.0838394160001, 26.631410599000105], [84.08059692400008, 26.633920669000133], [84.08138275100015, 26.6367797850001], [84.0804214490002, 26.640752792000114], [84.0817794800002, 26.642860413000108], [84.08448791400014, 26.64013290500003], [84.09407806400014, 26.638320923000038], [84.09493255600012, 26.636480330999973], [84.09934997600004, 26.635570526000095], [84.09934997600004, 26.633968354000046], [84.1043167110002, 26.632661820000123], [84.10607910100003, 26.637231827000164], [84.11563110400016, 26.637430191000078], [84.12146759000007, 26.63462066700015], [84.12098693899998, 26.637550354000155], [84.12413024900019, 26.637411117000113], [84.12906646800013, 26.638500213000157], [84.13742065500008, 26.636480330999973], [84.13951110800014, 26.639030456000057], [84.15203094400005, 26.638500213000157], [84.15345764100005, 26.633670807000044], [84.14853668300003, 26.627748490000045], [84.16725158700007, 26.62417030400013], [84.16779327300014, 26.626291276000075], [84.17698669400005, 26.62454032900007], [84.18467712400007, 26.625850678000063], [84.20198822000015, 26.62434005700004], [84.20388030900011, 26.62053108200007], [84.20681762700013, 26.620950699000105], [84.21569824300002, 26.61868095500006], [84.22199249300019, 26.615680694000048], [84.22305297800011, 26.613090515000067], [84.2286682130001, 26.613210678000144], [84.23094940200008, 26.609790803000067], [84.24009704600007, 26.6100406650001], [84.25063324000018, 26.60794067400019], [84.25888824399999, 26.60732269300013], [84.26291656500018, 26.60302162100004], [84.27221679600007, 26.599361419000104], [84.27346801700014, 26.601350785000193], [84.27741241500019, 26.600738526000043], [84.27934265200008, 26.606580735000023], [84.28679656900016, 26.60392189100014], [84.28919982900004, 26.606990814000085], [84.29313659600007, 26.60551071200001], [84.29502105700016, 26.606630325000026], [84.2970275890001, 26.615699768000184], [84.302673341, 26.617471695000177], [84.30651855400009, 26.61703109700011], [84.31076049700016, 26.614572525000085], [84.32549286000011, 26.61532020500016], [84.33007049500009, 26.618320465000068], [84.35093689000018, 26.620428086000118], [84.37059021100015, 26.615390778000062], [84.37885284300012, 26.621839523000062], [84.38343811000016, 26.62150955200002], [84.39499664200008, 26.62573814500007], [84.40056610100004, 26.624130250000178], [84.41439819400011, 26.627170563000107], [84.40737152200012, 26.63805961500009], [84.40479278600009, 26.642751695000186], [84.40223693900009, 26.671222687000068], [84.36675262400018, 26.678810120000037], [84.35484314000013, 26.678880691000074], [84.35012054400016, 26.681400299000188], [84.3448028570001, 26.68042945800005], [84.33706665000011, 26.68144035300014], [84.32566070600012, 26.684257508000087], [84.32334136900016, 26.688478470000064], [84.3185119630001, 26.716230393000103], [84.31101989700016, 26.733602525000038], [84.30561828600008, 26.737680436000005], [84.30664825500008, 26.739570617000027], [84.2980270380001, 26.75327110400019], [84.28675079200019, 26.751440048000006], [84.27861022900015, 26.751239776000148], [84.27130127000015, 26.744541168000126], [84.26677703900003, 26.74207115200005], [84.2593612660001, 26.740819930999976], [84.25528717000014, 26.73896026600005], [84.25448608300019, 26.734268189000034], [84.25234222500012, 26.731470108000053], [84.24738311800019, 26.72929000800019], [84.24227905300006, 26.730770112000073], [84.23398590000016, 26.739530563000073], [84.23320770300018, 26.745109559000184], [84.22460937500017, 26.757101059000092], [84.23548889199998, 26.766981123999983], [84.2411270140002, 26.775430680000113], [84.24848937900015, 26.792680741000027], [84.2493515020002, 26.80227279700017], [84.25229644800015, 26.808679580000103], [84.24680328300008, 26.814540863000047], [84.2485198980001, 26.820898056000146], [84.24283599900014, 26.82181930600018], [84.24646759000012, 26.827579498000148], [84.25102996800013, 26.830699920000086], [84.25041961699998, 26.837820053000087], [84.25211334200009, 26.84492111100019], [84.24563598600008, 26.85872268800017], [84.24109649600018, 26.862430571999994], [84.23538208000002, 26.864339829000187], [84.22863769400016, 26.86981010500017], [84.22196197600005, 26.870180130000108], [84.22109985300006, 26.872238159000176], [84.20922088700001, 26.87099075300017], [84.19655609099999, 26.861181260000023], [84.18955993600014, 26.85981941200015], [84.18531799400017, 26.86009025700008], [84.18080902000014, 26.85737991299999], [84.17646789500003, 26.853340148000143], [84.17694854700005, 26.84937858500001], [84.17533111600005, 26.84593963600014], [84.17740631100008, 26.842660905000002], [84.17471313500016, 26.83578109800004], [84.16892242400002, 26.834518433000085], [84.15727996800007, 26.836360932000048], [84.15054321200006, 26.83946991100015], [84.1316528320001, 26.855690003000177], [84.13183593800017, 26.87055969300019], [84.13929748500016, 26.874040603000083], [84.13752746500006, 26.876300812000125], [84.13861846900011, 26.883069991000013], [84.14073944000017, 26.88391113299997], [84.14083862300009, 26.887580872000115], [84.13024902400014, 26.885271071999966], [84.12301635700004, 26.88902092000012], [84.12201690800003, 26.892650605000142], [84.11164092900015, 26.89188957200014], [84.10941314700017, 26.894430161000116], [84.10640716600005, 26.895090104000076], [84.10063171300015, 26.90084075900012], [84.09922027500005, 26.895210265000173], [84.10106658900008, 26.893831253000087], [84.09986877500006, 26.887990952000166], [84.09683227500017, 26.886339187000146], [84.09262085000017, 26.87783050600001], [84.09002685600012, 26.877151489000084], [84.08651733400018, 26.87891960200011], [84.08789062400012, 26.882352830000116], [84.08550262400007, 26.885242462999997], [84.07625579900014, 26.878780365000182], [84.0715560910001, 26.88187027000015], [84.06008911100008, 26.886461258000054], [84.05905151500002, 26.890779495000004], [84.05200195200001, 26.891700745000037], [84.04898071300005, 26.899940492000155], [84.05079650800013, 26.901649475000056], [84.04737854000012, 26.906219483000143], [84.04514312800006, 26.904741287000093], [84.04239654500009, 26.909128190000047], [84.04408264100016, 26.909799576000182], [84.04924011300005, 26.914590836000116], [84.04766845700004, 26.931829453000148], [84.04521942200017, 26.930421830000114], [84.03846740799997, 26.930879594000146], [84.03655242800016, 26.93301963900018], [84.03866577200006, 26.938289644000065], [84.03630828900015, 26.941131591999977], [84.02980804499998, 26.939569474000052], [84.02880859300006, 26.941200257000105], [84.02490234400011, 26.942720414000178], [84.02636718800017, 26.9489612590001], [84.03169250500014, 26.94933128400004], [84.03514862000003, 26.948720933000118], [84.03909301700014, 26.954309464000175], [84.03861999500009, 26.95775985800003], [84.04086303700007, 26.957452774000046], [84.0441589350001, 26.960870742000054], [84.04666137700019, 26.96194076500001], [84.0459976200001, 26.968090058000143], [84.04125976600011, 26.96801185600009], [84.04345703199999, 26.980390549000163], [84.04250335700004, 26.981571197000108], [84.03643036, 26.984031677000132], [84.03901672400013, 26.988019943999973], [84.04596710200002, 26.987159729000155], [84.0495224010001, 26.99081039500004], [84.04432678200004, 26.997680664000143], [84.045166016, 26.99973106300007], [84.04270172100013, 27.00312042200011], [84.03993225100015, 27.00587272600012], [84.03044891400003, 27.011819839000054], [84.03572845500014, 27.019319534000147], [84.03595733500003, 27.029012680000164], [84.04030609100016, 27.035301209000068], [84.0408172610002, 27.044679642000062], [84.03563690300018, 27.046510697000144], [84.03125763000014, 27.046461105000105], [84.02426910500003, 27.044719696000186], [84.0121765130001, 27.05379104600007], [83.99489593600015, 27.061250686000164], [83.99076080300006, 27.06859016499999], [83.99109649600001, 27.071292876000086], [84.00559234700012, 27.07193946900003], [84.01194000200013, 27.081279754000036], [84.0168914790001, 27.083761215000095], [84.01831817600015, 27.087238311000192], [84.01609802200011, 27.09176063500007], [84.01892852700007, 27.09344100900006], [84.02072143600003, 27.09548187200005], [84.0142211920001, 27.10008049000004], [84.01162719800004, 27.104881287000183], [84.00531768700012, 27.104030610000052], [84.00251007000008, 27.100280762000125], [83.99751281600015, 27.09848022500006], [83.99265289300013, 27.100149156000043], [83.99017334000001, 27.098840714000175], [83.98123168900014, 27.093820572000084], [83.97786712600004, 27.092620850000117], [83.97120666600011, 27.091941834000068], [83.95494079600007, 27.08612060600018], [83.94777679500015, 27.086200715000132], [83.9440994260001, 27.08725166400012], [83.94082641500012, 27.089620590000038], [83.9394226070001, 27.092992783000057], [83.94034576500013, 27.10230064400008], [83.93856811400019, 27.10732078700005], [83.93839263900014, 27.111022950000006], [83.9395599360002, 27.116670608000163], [83.94143676800007, 27.119831086000147], [83.94766235300011, 27.123620988000027], [83.95081329300007, 27.12634086600019], [83.95247650099998, 27.12898254400011], [83.9536361700001, 27.131940843000166], [83.95079803500005, 27.139080048000153], [83.95091247500011, 27.14088058500016], [83.9586486820001, 27.148670197000058], [83.96658325200002, 27.16084289500003], [83.96830749500015, 27.16559982300015], [83.9797210700001, 27.173402786000167], [83.98419952500001, 27.178710937000176], [83.98512268100001, 27.18176269500003], [83.9787826540001, 27.200439453000115], [83.97660827700003, 27.20342064000016], [83.96457672100018, 27.21100997900004], [83.96167755200003, 27.213760377000085], [83.96031189000018, 27.216659546000074], [83.96328735300011, 27.221080780000136], [83.96411895700015, 27.22319030900013], [83.96376037700014, 27.225269319000006], [83.96153259300002, 27.227951050000115], [83.95501709000018, 27.23106956600003], [83.95585632400014, 27.23352050799997], [83.95448303200004, 27.235040664000167], [83.94814300500008, 27.238330841000163], [83.92531585800009, 27.24253082300004], [83.91175842300004, 27.246501924000086], [83.90762329100016, 27.248029708000047], [83.90190124600002, 27.25213050800005], [83.89795684900008, 27.259429932000046], [83.89549255300011, 27.268150331000072], [83.89615631200007, 27.277070999000102], [83.89804077200017, 27.278989791000072], [83.90406799300018, 27.281171799000163], [83.91050720200013, 27.285631180000053], [83.91883087200017, 27.292659759000117], [83.92188263000003, 27.296358108000163], [83.92565155100004, 27.30418968200013], [83.925346375, 27.309520722000173], [83.92359924300007, 27.316431046000105], [83.91668701100014, 27.32533073500008], [83.90804290900007, 27.330390930000135], [83.89758300800014, 27.33012962300012], [83.89356231800019, 27.329050064000057], [83.8879470820001, 27.326469421000127], [83.87240600600012, 27.316209792999985], [83.8590774540001, 27.311670303000085], [83.85463714600002, 27.311229707000052], [83.85051727300015, 27.312099457999977], [83.84797668400017, 27.31397056600008], [83.8474197380001, 27.31686019900019], [83.84523773100011, 27.319652557000097], [83.84252929600012, 27.32131195200003], [83.83625793500016, 27.319480896000186], [83.83058929399999, 27.321359634000032], [83.828956603, 27.32275962900013], [83.82849121100003, 27.32467079200012], [83.82833099400005, 27.325918198000124], [83.82933807300014, 27.327470780000112], [83.84934234600018, 27.335609437000187], [83.85498809800015, 27.34033012300017], [83.85624694900008, 27.34772110000017], [83.85640716600011, 27.34821129000005], [83.85850525000018, 27.350961686000062], [83.86479187000003, 27.346393585000044], [83.8735198980001, 27.35161590700011], [83.87574210300005, 27.35250929300014], [83.88989257800012, 27.358198166000193], [83.89272019900005, 27.36158269800012], [83.89352417100014, 27.362545014000148], [83.89421844600014, 27.36751556400003], [83.89945983900009, 27.37000465400007], [83.90130455800005, 27.37189583900016], [83.90551757800012, 27.376214982000192], [83.90840898900018, 27.384296055000107], [83.90804793000007, 27.385977666000088], [83.90728759800004, 27.389516831000094], [83.89962137900017, 27.38996136000003], [83.88827508200006, 27.390618996000057], [83.87523651100014, 27.39191246000013], [83.87681579600013, 27.40031623900012], [83.87758636400014, 27.405698776000065], [83.8735046380001, 27.412263871000107], [83.86938476500018, 27.42543029799998], [83.87024688800017, 27.42850685200017], [83.87448120100015, 27.43089485200005], [83.88282012899998, 27.434514998999987], [83.89759826700009, 27.43761062699997], [83.91548919700017, 27.441213608000112], [83.93313598700007, 27.44937896800019], [83.93326568600008, 27.44940567000009], [83.94432067900004, 27.447551727000075], [83.94526672300015, 27.44672584600005], [83.94631195000005, 27.4458122260001], [83.9453201300002, 27.443326950000028], [83.94805145300018, 27.440965654000024], [83.96470642100007, 27.443822860000182], [83.96630859400005, 27.445026399000028], [83.96818542500017, 27.446434020000027], [83.97472381600016, 27.441865921000158], [83.97481536800012, 27.44183921700011], [83.97982025200014, 27.44221496500012], [83.97961425800014, 27.439115525000147], [83.98609161399997, 27.44368171600007], [83.99366760300006, 27.44393158000014], [83.99826049900008, 27.445936204000077], [83.998832703, 27.44558906600014], [83.9989166270002, 27.445615769000085], [83.99894714300007, 27.44552230800008], [83.99950409000007, 27.445190429000093], [83.9998397830002, 27.44303131100014], [84.00024414100011, 27.440467835000163], [84.00063324000007, 27.441396714000177], [84.00086975100015, 27.441959381000117], [84.00191497800006, 27.4412765510001], [84.00411224300007, 27.44107055600017], [84.00447082500006, 27.441959381000117], [84.00583648600013, 27.441089630000135], [84.00757598800004, 27.441959381000117], [84.00745391900011, 27.440721512000096], [84.00874328500004, 27.44049262900006], [84.00968933200011, 27.440343857000187], [84.00978088400001, 27.44015502900004], [84.01103973500017, 27.437524795000172], [84.01401519700016, 27.438615799000047], [84.01791381700014, 27.43461608900003], [84.02101898300003, 27.435914994000086], [84.02348327600009, 27.4339904790001], [84.02510833700018, 27.43274688600019], [84.02941894600008, 27.433629990000043], [84.0294036860002, 27.433773042000155], [84.02796173100018, 27.4382305150001], [84.02897644100011, 27.438932419000082], [84.02994537400008, 27.439598085000114], [84.03077697700007, 27.43940734800003], [84.03318023700012, 27.43885231000013], [84.03347778400013, 27.440122604000067], [84.03379821700008, 27.441461564000008], [84.03778076100014, 27.440717697000025], [84.04100799500014, 27.442457199000046], [84.04129028300008, 27.44243240300017], [84.0453567510001, 27.442083359000037], [84.04557037300015, 27.44271469100005], [84.04573059100011, 27.443202973000155], [84.05354309199998, 27.442628862000163], [84.05419921800012, 27.442621231000146], [84.05683136100004, 27.44920158500014], [84.05894470200019, 27.451162339000007], [84.06390381000017, 27.455762862000086], [84.06064605700016, 27.460973739000053], [84.06182098400012, 27.461429595000084], [84.06288146900005, 27.46184349000015], [84.06412506000015, 27.466690064000034], [84.06871795600006, 27.469415665000042], [84.07059478800011, 27.473318100000085], [84.07111358700013, 27.479114534000075], [84.07231140100009, 27.480903625000053], [84.07269287200012, 27.48148155200016], [84.07604980400004, 27.480607986000166], [84.07804107700008, 27.482128143000125], [84.08031463600014, 27.48383331300016], [84.08612060600001, 27.483093263], [84.08856964100005, 27.484125138000024], [84.09292602500011, 27.485960007000074], [84.09317779600008, 27.48694038299999], [84.0936279300002, 27.488695145000065], [84.09754943900003, 27.489431382000134], [84.10079956099997, 27.502361298000096], [84.09928894000012, 27.504842759000155], [84.10012054400005, 27.505119325000123], [84.10191345300012, 27.51021575900006], [84.099830628, 27.516788482000095], [84.10961151200019, 27.521036148000178], [84.11071777300015, 27.521514893000074], [84.11100006200013, 27.521217347000174], [84.11296081600017, 27.51925850000015], [84.11880493200005, 27.519132614000057], [84.11958312900003, 27.514129640000192], [84.11967468300014, 27.513540267000167], [84.12588500900006, 27.510807037000177], [84.13201904400017, 27.51170921400012], [84.14092254600001, 27.51764297500017], [84.14589691200001, 27.516897201999996], [84.1480102540001, 27.51863670300014], [84.14871978700012, 27.517814637000185], [84.15285492000004, 27.516660691000084], [84.15296936099998, 27.516628267000044], [84.15198516900011, 27.512298584000177], [84.15335083100013, 27.51006126400017], [84.15231323300009, 27.509609223000155], [84.15145111000004, 27.505561828000054], [84.15148925900007, 27.504096985000047], [84.15101623500004, 27.503513337000072], [84.15201568600003, 27.500616074000106], [84.14751434300018, 27.49601554900005], [84.14838409400011, 27.495273591000114], [84.14753723100011, 27.492635727000163], [84.15099334799999, 27.488811493000128], [84.15099334799999, 27.486181260000023], [84.15099334799999, 27.485704423000072], [84.15397644000012, 27.48582840100005], [84.1549224850001, 27.484819412000093], [84.15583801300005, 27.483839035000074], [84.16581726000015, 27.483615875000112], [84.1692581170002, 27.48160362300007], [84.16943359500016, 27.48061752400008], [84.16963195900001, 27.479490281000153], [84.17322540300017, 27.478870392000147], [84.17372131300016, 27.47556114200006], [84.1746063220001, 27.4751472480001], [84.17767334100012, 27.47387123100009], [84.17820739799998, 27.473649978000026], [84.1782836920001, 27.473667146000025], [84.18206024200009, 27.47451972900012], [84.18456268400001, 27.47315216200002], [84.18611145100004, 27.47230529800015], [84.19089508000013, 27.47189903300017], [84.19325256300004, 27.469045640000104], [84.19660186800019, 27.4730281840001], [84.19731903100006, 27.47241592500012], [84.20171356200018, 27.47191619900019], [84.20791626000016, 27.469415665000042], [84.21101379300006, 27.465198516999976], [84.20604705800008, 27.459356308000054], [84.20950317500012, 27.456455232000167], [84.20989227300015, 27.456127167000147], [84.21038818400007, 27.452812194000046], [84.20881652800006, 27.446414947000164], [84.21057891800007, 27.442461014000116], [84.21063995300005, 27.442333223000105], [84.2217025760001, 27.44021987900004], [84.22242736800018, 27.441471100000115], [84.22306823800011, 27.447019577000106], [84.22306823800011, 27.4474277490001], [84.22605896100004, 27.450132371000052], [84.22752380400016, 27.45045661900008], [84.22911834700005, 27.450815200000193], [84.23254394500015, 27.45471763600011], [84.23375701900017, 27.456127167000147], [84.23728942900004, 27.454332353000098], [84.24133300900013, 27.45229911800004], [84.24146270800009, 27.45232963600006], [84.24618530400005, 27.454511643000046], [84.24724578900015, 27.45370102000004], [84.24829864500003, 27.452896118000012], [84.25276947000003, 27.45326805100018], [84.2562484730002, 27.451900481000166], [84.25691986200002, 27.449214934999986], [84.26030731300011, 27.446550370000068], [84.26158142000008, 27.44554519600007], [84.26087951700003, 27.439840316000186], [84.26072692800011, 27.43860435600004], [84.2640762320001, 27.435251236000056], [84.26830291800007, 27.43412971600003], [84.27020263700012, 27.431539535000184], [84.27476501500013, 27.42866134700006], [84.27574157700013, 27.421119691000115], [84.28031921300015, 27.415214539000033], [84.27973937900015, 27.409524918000102], [84.28122711100013, 27.406417847000114], [84.27762603700006, 27.400825500000053], [84.27873992900004, 27.395233154000096], [84.28458404600013, 27.396350861000144], [84.285621644, 27.395318985000188], [84.28657531700014, 27.39436340300017], [84.28750610300006, 27.391458511000167], [84.28759765699999, 27.391269685000168], [84.28794097800011, 27.390899658000023], [84.29341125400009, 27.385042191000025], [84.29589080800008, 27.3841724400001], [84.29750823900002, 27.38454437300004], [84.29974365300006, 27.38864708000017], [84.30272674600008, 27.390262603000167], [84.30683136000005, 27.387651443000095], [84.30789947600016, 27.387434005000046], [84.31291961600004, 27.386409760000106], [84.31835937600016, 27.382781982000154], [84.31963348300019, 27.381935120000094], [84.32116699200014, 27.381679536000092], [84.33081817700008, 27.380115510000167], [84.33320617700014, 27.37818908700001], [84.33429718000008, 27.377336502000105], [84.33921814100006, 27.37757873600009], [84.33992004400011, 27.377614975000142], [84.34121704200015, 27.377233504999992], [84.34867858900014, 27.375043870000127], [84.34911346400014, 27.374916076000034], [84.35907745400016, 27.373529434000034], [84.36064148000008, 27.373359681000125], [84.361457825, 27.3734664910001], [84.37442016500017, 27.375814438000077], [84.37493133500016, 27.37646675100018], [84.38971710200008, 27.372117997000032], [84.39001464900008, 27.37182617200017], [84.39394378700013, 27.368017198000132], [84.39916229200014, 27.370128632000046], [84.40000915500013, 27.369703291999997], [84.4082336420002, 27.370128632000046], [84.41246795600011, 27.36824989400003], [84.41621398900014, 27.370515823000176], [84.42253112700007, 27.36963272100013], [84.42638397300016, 27.371744155000044], [84.43434906100015, 27.370042801000125], [84.43740844700017, 27.369388580000077], [84.44331359900008, 27.370016099000054], [84.44601440500008, 27.368415832000096], [84.44676208500016, 27.364910125000165], [84.44771576000011, 27.36421203700013], [84.45433044499998, 27.36296844399999], [84.4595947270002, 27.361976625000125], [84.45993805000006, 27.361927033000086], [84.46402740400003, 27.35909652700019], [84.46689605600005, 27.359565735000103], [84.4672546380001, 27.3587818150001], [84.46823883100006, 27.35662651199999], [84.47172546500008, 27.354995728000063], [84.47492218000014, 27.357027053000024], [84.47509765600012, 27.358198166000193], [84.47810363900004, 27.362287522000145], [84.48802185099998, 27.358324051000068], [84.50454711800012, 27.355588913000076], [84.50509643600009, 27.35513877900013], [84.50521850700017, 27.35511589099997], [84.51216888500005, 27.35435295000019], [84.51251983700013, 27.35431480400007], [84.51673126200018, 27.35260772800001], [84.5229187010001, 27.35351562599999], [84.53570556600016, 27.349884033000023], [84.56718444800009, 27.34726333600014], [84.58867645300012, 27.341026306000117], [84.60372161800018, 27.33843994199998], [84.61091613700012, 27.335815429000036], [84.61192321700014, 27.33645057600006], [84.616607666, 27.33704566900019], [84.61776733400006, 27.337295533000088], [84.62201690700005, 27.338207246000138], [84.62074279800004, 27.337570191000054], [84.62447357200017, 27.336078644000054], [84.64521789500014, 27.30601501500007], [84.68412017800011, 27.236415864000094], [84.68785095200008, 27.22883033800008], [84.6876068110002, 27.22753906300005], [84.69168090900013, 27.22226524300015], [84.69161987400014, 27.218015671000103], [84.69306182900016, 27.21480178800016], [84.68941497800012, 27.213914872000146], [84.68933105400015, 27.21387863200016], [84.68897247300004, 27.21304702900005], [84.68704986500012, 27.212926865000043], [84.68946838300019, 27.208822251000072], [84.6827545160001, 27.200368882000078], [84.68571472200006, 27.19641494700005], [84.68401336700003, 27.18821525500016], [84.68251800500013, 27.185914993000097], [84.68259429900007, 27.18559265200014], [84.6836242670002, 27.185707093000076], [84.68301391600005, 27.183732986999985], [84.68473815900018, 27.184045792000063], [84.6851196290001, 27.18411445600003], [84.68529510500008, 27.18370628400004], [84.6861114510001, 27.18384361300008], [84.68585967900003, 27.182418823000148], [84.68648529100011, 27.180982589000166], [84.68735504200004, 27.180114746000015], [84.68364715600006, 27.179885865000188], [84.68586731000005, 27.177629471000046], [84.67791748000008, 27.170114517000115], [84.6818313600001, 27.170019150000144], [84.68201446600011, 27.170049667000114], [84.68312835600011, 27.16855812100016], [84.68278503500005, 27.167930602000183], [84.68238830600018, 27.16719055200008], [84.6795196540001, 27.166215897000143], [84.67919921900017, 27.16278839100005], [84.67912292600016, 27.162349700999982], [84.67924499400016, 27.16225624100008], [84.6836242670002, 27.15898895300012], [84.68648529100011, 27.160604476000117], [84.68868255600012, 27.15864181500018], [84.68881988500004, 27.158517838000137], [84.68857574400016, 27.158205032000183], [84.68449401800012, 27.154018403000066], [84.6845626830002, 27.15317916800018], [84.68462371900011, 27.152400972000066], [84.68251800500013, 27.15181541400011], [84.68537139900013, 27.14980507000007], [84.68563079800003, 27.145128251000074], [84.68571472200006, 27.143215179000094], [84.68225860600006, 27.135749817000033], [84.68169403100018, 27.13544655000004], [84.68064113399998, 27.134879951000187], [84.67952740400005, 27.13289091900009], [84.679937, 27.132809000000123], [84.68005048100008, 27.13278626400006], [84.68051147400013, 27.13269424400005], [84.68100658500015, 27.132595223000123], [84.68114036600008, 27.132568466000123], [84.68138885500014, 27.132518768000125], [84.68115182100007, 27.13191215100011], [84.68075947600005, 27.130908056000067], [84.68051910400004, 27.130292893000046], [84.68002319300012, 27.129037857000128], [84.6804920310002, 27.128163295000093], [84.68051811200013, 27.128114645000153], [84.6805306120001, 27.128091017000145], [84.68090777800006, 27.12737714700006], [84.6810148890001, 27.127174211000124], [84.68022956300013, 27.126136830000178], [84.67966641100008, 27.125392928999986], [84.67870330900018, 27.12412071200015], [84.6775360110002, 27.122575759000142], [84.67750609600012, 27.12205830000005], [84.67741401500007, 27.120464257000037], [84.67821183600012, 27.1197231540001], [84.67902400100007, 27.11896900000005], [84.67909712400018, 27.11890097700001], [84.6791534420002, 27.11884880000008], [84.67911529600008, 27.11501503000011], [84.67819894100018, 27.114772896000147], [84.67483805300009, 27.113884657000085], [84.67482800000005, 27.11388200000016], [84.67321227600013, 27.111526626000114], [84.6721040000001, 27.109910999000135], [84.67320295000007, 27.10705013000012], [84.67492684200005, 27.1077961470001], [84.67602198300017, 27.10827007100005], [84.67691774300005, 27.108656886000176], [84.67691469800008, 27.108645341000056], [84.67689878500005, 27.108584345000168], [84.67688829200017, 27.108544122000126], [84.67760300000015, 27.10884200000004], [84.67801700000012, 27.10901500000017], [84.67592516900015, 27.105190278000066], [84.67591857800005, 27.105178834000185], [84.67778778100006, 27.10292434600018], [84.67693328800016, 27.09995460500005], [84.67642211900005, 27.095483780000052], [84.67231750500008, 27.098014831000114], [84.66970825200013, 27.093372346000137], [84.66846466100014, 27.093805314000065], [84.66684722800017, 27.09436607500004], [84.66660308900015, 27.092252731000144], [84.66857910200014, 27.09286117700003], [84.67256927400007, 27.090887070000008], [84.67173004200009, 27.090290069000105], [84.67082977199999, 27.089643479000074], [84.66886901800012, 27.090221406000182], [84.6687088010001, 27.09021759100017], [84.66822052000015, 27.087406159000068], [84.66696167100014, 27.088062287000184], [84.66535949600018, 27.08889770600007], [84.66629791300011, 27.08731460700011], [84.66697692900016, 27.086164475000146], [84.66546630900007, 27.086566925000056], [84.66361999500003, 27.084915162000073], [84.66041564900013, 27.083316802000184], [84.66001892100019, 27.082311630000163], [84.65727996800013, 27.084051132000184], [84.65702056800018, 27.083442688000105], [84.65628814600012, 27.08168983600001], [84.66088867200011, 27.0803222670001], [84.65865325900018, 27.078939437000088], [84.65846252500017, 27.079034806000095], [84.65556335400004, 27.08027839700003], [84.65522003100011, 27.079158782000036], [84.65529632500005, 27.077465058000087], [84.65481567400013, 27.077821732000075], [84.65429687500011, 27.078210831000035], [84.652008056, 27.077066422000144], [84.65183258000008, 27.07698440500019], [84.65081787200012, 27.07451439000016], [84.64970398000014, 27.076347351000038], [84.64846038900004, 27.07535171600017], [84.64958953900003, 27.070907593000072], [84.64651489300019, 27.06481552200006], [84.64746093700012, 27.063671112000065], [84.64514923100018, 27.059520722000002], [84.6451187130001, 27.059415817000115], [84.64796447800012, 27.05832672100007], [84.64733123900004, 27.057125092000035], [84.6483688350001, 27.051378250000084], [84.64846038900004, 27.051118851000183], [84.64534759600014, 27.050718307000125], [84.64659118700007, 27.048755645000085], [84.64485168500005, 27.047246934000043], [84.65419006300016, 27.043117523000035], [84.66123199499998, 27.04003906200012], [84.66150665300017, 27.039934159000097], [84.66590118400006, 27.038215636000075], [84.6751861570001, 27.034606934000124], [84.67539978100001, 27.034528733000116], [84.6841278080002, 27.031358720000128], [84.70363617000015, 27.02676200899998], [84.70800781200018, 27.023735047000002], [84.70809936600011, 27.023672105000117], [84.71171569800003, 27.021215440000162], [84.71195220900017, 27.021175385000163], [84.71618652300003, 27.02129364100017], [84.71649932800005, 27.020420075000175], [84.7187194820001, 27.01955413900015], [84.71878814700017, 27.019529343000045], [84.72052764900019, 27.017992020999998], [84.72061920100015, 27.01791572500008], [84.72082519500015, 27.01730155900009], [84.72103119000002, 27.017316819000087], [84.72152710000006, 27.015203476000124], [84.72513580200018, 27.013463974000103], [84.72543334900001, 27.013446808000083], [84.72973632800017, 27.013216020000186], [84.73081970100003, 27.014015197000106], [84.73184204100005, 27.014707565000037], [84.74017333900014, 27.01122665400004], [84.75446319600007, 27.00469780000003], [84.75893402100007, 27.00265121500007], [84.76277923600014, 27.004907608000167], [84.76284790000017, 27.005039214000078], [84.76440429700006, 27.008741380000117], [84.76408386200012, 27.00970649800007], [84.76622009200008, 27.013114930000143], [84.77309417700019, 27.016635895000093], [84.77482605, 27.01753234900019], [84.78466033900008, 27.01396179200009], [84.78472900400016, 27.013702393000187], [84.78759002600009, 27.00832557800004], [84.78839111400009, 27.01073074300018], [84.78900909500015, 27.008617402000027], [84.79100036600016, 27.008617402000027], [84.79067230300012, 27.007852554000124], [84.79091644200014, 27.00781440700007], [84.79077899900005, 27.007421000000136], [84.79065510600003, 27.00705722200007], [84.78961944600013, 27.00401496900014], [84.78960418800011, 27.00393867500003], [84.7896548490001, 27.003808676000006], [84.79000854500009, 27.00290107700016], [84.78861325800017, 26.998610215000042], [84.78851318400007, 26.99830246100015], [84.79062668300008, 26.998550120000118], [84.7906269990001, 26.997610001000055], [84.7909160000001, 26.997514999000032], [84.7922598620001, 26.998679721000144], [84.79311379200004, 26.99942003000018], [84.79410549600004, 26.997804699000028], [84.79387677800014, 26.99770072000001], [84.79339599600013, 26.99748230000006], [84.79299069600017, 26.997298501000046], [84.79274018800004, 26.997184899000047], [84.79453937700015, 26.996210212000165], [84.79572296200013, 26.995569230000058], [84.79582977200005, 26.99580764900014], [84.79718194000003, 26.998937117000082], [84.79932403599997, 27.003894806000062], [84.79965010300009, 27.00378697200017], [84.80029296900017, 27.00357437100007], [84.80036163200003, 27.00355148400007], [84.80119323600013, 27.003273011000033], [84.80242913000006, 27.000415962000147], [84.80281829699999, 27.001173020000067], [84.80467224200004, 27.004764556000055], [84.80549621500006, 27.00514984200015], [84.80971527100013, 27.007514953000168], [84.8096923820001, 27.007797241000105], [84.8091430660001, 27.007995605000133], [84.80889129700012, 27.010232925000025], [84.80941772400007, 27.011016847000008], [84.80989074600012, 27.011724472000026], [84.81095886100013, 27.011121748999983], [84.81224060100016, 27.011209488000077], [84.81237030000011, 27.011425018000125], [84.81265258800005, 27.012605666000127], [84.81274414000018, 27.014581681000095], [84.80912017800017, 27.013715743000034], [84.8109130860002, 27.017799377000074], [84.81274414000018, 27.018062592000092], [84.81341552700019, 27.018115997000166], [84.81394195600012, 27.019275666000112], [84.81386566200007, 27.020299912000098], [84.81445312500006, 27.020233154000096], [84.8149871830002, 27.020174026000177], [84.81562042200011, 27.01791572500008], [84.81578064000007, 27.018041611000058], [84.81983184700016, 27.020423890000075], [84.82218933000007, 27.020425797000144], [84.82479858500005, 27.021043777000102], [84.83188629200004, 27.01930427500008], [84.83934021100009, 27.014457703000176], [84.84434509300013, 27.012537003000034], [84.84841918900008, 27.011016847000008], [84.84973144600019, 27.010513306000178], [84.85686493000014, 27.007995605000133], [84.8570327750001, 27.007724762000066], [84.85748291100003, 27.007001876000118], [84.85546875000006, 27.006172180000192], [84.85540008600009, 27.006143571000052], [84.8542175280001, 27.00221443200013], [84.85419464199998, 27.002101899000138], [84.85487365700016, 27.00153350800008], [84.854003906, 26.999172212000076], [84.85348510699998, 26.99884033100011], [84.85341644300019, 26.998516083000084], [84.85620117100018, 26.998516083000084], [84.85649109000013, 26.998516083000084], [84.85997009300013, 26.997432710000055], [84.859260559, 26.99654197600006], [84.85897827100013, 26.996189117000085], [84.85971832300004, 26.995450975000153], [84.86022186200006, 26.994947434000153], [84.85984802200005, 26.99233818100015], [84.85971832300004, 26.99233245900001], [84.85971832300004, 26.99180221600011], [84.85971832300004, 26.99131584100013], [84.85934448300003, 26.990535737000073], [84.85959625300006, 26.990348816000107], [84.85887145900017, 26.98954010000017], [84.85748291100003, 26.987987518000182], [84.85798645000006, 26.986495973000103], [84.85997772300004, 26.98795127900007], [84.86121368400006, 26.988857269000107], [84.86115264800014, 26.98829841700001], [84.86109161299999, 26.98773956300016], [84.86842346200012, 26.983514786000114], [84.86865997300004, 26.983987808000165], [84.86933135900017, 26.983596802000136], [84.87115478500004, 26.98376274200018], [84.87115478500004, 26.982717513000125], [84.87115478500004, 26.98251914900004], [84.87318420400004, 26.981809616000078], [84.87364196800007, 26.981649398000116], [84.89079284700006, 26.977176666000048], [84.89091491800014, 26.976314545000037], [84.89103698600013, 26.97543716500013], [84.89278411800007, 26.97441863900019], [84.89241027800006, 26.971086503000038], [84.89364624100011, 26.96959495600015], [84.89501953000013, 26.96934699900015], [84.89462280200019, 26.97080993700007], [84.89427185000005, 26.972080230000074], [84.89691925000011, 26.972616195000114], [84.89866638100017, 26.971630096000126], [84.90085601900012, 26.970464707000076], [84.91038513300003, 26.96818351700017], [84.9127883910001, 26.967607498000007], [84.91937255900007, 26.968725205000055], [84.92620849700012, 26.967357636000145], [84.93156433000013, 26.968500137000092], [84.94571685800014, 26.96361541800013], [84.95553588900015, 26.9594039910001], [84.95851898100005, 26.96064949100014], [84.9588775630001, 26.96080017100013], [84.96448516800018, 26.960275649000096], [84.96498107900004, 26.959445953], [84.96511840800014, 26.959415436000086], [84.96665191700009, 26.95825386200005], [84.9680862420002, 26.95803832900009], [84.96802520800014, 26.957216263000078], [84.97177887000004, 26.95186615000017], [84.97229960500005, 26.95115986100012], [84.98051446400018, 26.940017786000055], [84.97705841000004, 26.939277650000065], [84.97977404200003, 26.936787052000057], [84.97990417500006, 26.93652534600011], [84.98001861600005, 26.936414719000084], [84.98039245600006, 26.93554496800016], [84.97877502500006, 26.931816101000095], [84.97731018100018, 26.93174934500007], [84.97604370200014, 26.93169212400005], [84.97232055700016, 26.92871475300018], [84.9740524290001, 26.925851821000094], [84.97282409600018, 26.925296783000135], [84.9715728750001, 26.92473220800008], [84.97303009100011, 26.922979354000176], [84.9740524290001, 26.92174911600017], [84.9732055660001, 26.920965195000065], [84.9728851320001, 26.91705322300004], [84.97293853700018, 26.91677856600012], [84.97286224300007, 26.916759492000153], [84.96982574500015, 26.916032791000134], [84.98061370900012, 26.91481590400008], [84.9912948610002, 26.913360596000132], [84.99678039600008, 26.912612916000057], [85.00179290800008, 26.911893844000076], [85.00388336200018, 26.90957069300015], [85.00334167400013, 26.909090043000162], [85.00276184100005, 26.908576966000112], [85.00291442900004, 26.90621566800013], [85.00438690200008, 26.903129579000108], [84.99803924500009, 26.90633964600005], [84.99530792200011, 26.905345916999977], [84.99518585200013, 26.90391922100008], [84.99505615300018, 26.902486801000066], [85.00611877400007, 26.89478302000009], [85.0219192510001, 26.892814636000082], [85.02513122500011, 26.891427993000036], [85.0319671630001, 26.891548156000113], [85.04411315900018, 26.891164779999997], [85.0458147560002, 26.89111512900007], [85.05429077100013, 26.888996124000187], [85.0543669610002, 26.888984435000168], [85.05462646400008, 26.888944626000182], [85.05545044000007, 26.88881683300019], [85.05473327700014, 26.888336183000035], [85.05358886800002, 26.887575150000032], [85.05358886800002, 26.886083603000145], [85.05506134000018, 26.886404038000137], [85.05644989000012, 26.886705399000107], [85.05895995999998, 26.88579940900007], [85.06125640800013, 26.88597297700005], [85.06166839700018, 26.887077332000047], [85.06241607700008, 26.886705399000107], [85.06204223700001, 26.885089874000073], [85.05741882300009, 26.88111495999999], [85.05607605000012, 26.884468079000044], [85.05572509800004, 26.88449287500015], [85.05469513000008, 26.884567261000086], [85.0543365480001, 26.88459205700019], [85.0528411860002, 26.882976532000043], [85.05060577400013, 26.88496589700003], [85.05197143500004, 26.882106781000118], [85.0534362790001, 26.88226127600018], [85.0543365480001, 26.882354737000185], [85.05445861900017, 26.88098907400007], [85.0482330320001, 26.878305435000186], [85.04813385000006, 26.87823104900002], [85.04538726900012, 26.87937545800014], [85.04351806600005, 26.87711525000003], [85.04426574600012, 26.87490844700011], [85.04211425800008, 26.87461471500012], [85.04005432100007, 26.877281190000076], [85.03967285100015, 26.87775802699997], [85.03966522300004, 26.877555848000043], [85.03955078100017, 26.875520707000135], [85.03830719000001, 26.874774933000083], [85.03160858100011, 26.875017166000134], [85.03151702900016, 26.875020981000034], [85.03010559000018, 26.870300293000014], [85.0323104860002, 26.86742210300008], [85.0288543690001, 26.866228104000186], [85.02889251600016, 26.86602592500003], [85.02960205100015, 26.862596512000096], [85.03043365500008, 26.862319946000127], [85.03109741200018, 26.86209869400011], [85.03098297100001, 26.859188080000138], [85.03101348800016, 26.859014511000055], [85.0246353140002, 26.85625839200003], [85.02444458000019, 26.855432511000174], [85.02586364700011, 26.855100633000063], [85.04617309600019, 26.85071182300004], [85.05967712400019, 26.848926543999994], [85.06022643900008, 26.849405289000117], [85.05894470200013, 26.852308275000155], [85.05896759000012, 26.85239219600004], [85.05980682400008, 26.855636596000124], [85.06056976300005, 26.854745864000108], [85.06061554000019, 26.854814530000112], [85.06342315700005, 26.853786469000056], [85.06465148900008, 26.85526275600006], [85.06315612900016, 26.856134414000053], [85.06365966800018, 26.856878281000093], [85.06526947000015, 26.85799789400005], [85.06465148900008, 26.856134414000053], [85.06713867299999, 26.85625839200003], [85.06378173800016, 26.853523254000038], [85.06562042200005, 26.849315644000058], [85.068138122, 26.85071182300004], [85.06861877500006, 26.853614808000145], [85.06887817400013, 26.853693009000153], [85.0776062010001, 26.856311798000036], [85.07853698700006, 26.85659217800014], [85.07856750400015, 26.856754303000116], [85.07866668600019, 26.856687545000113], [85.07914733799998, 26.857336045000125], [85.07894134600019, 26.85762405400004], [85.0799179070001, 26.858383179000043], [85.08001708900014, 26.858514786000057], [85.08096313600015, 26.85782814100014], [85.0827941890002, 26.856496811000113], [85.0837860110002, 26.856878281000093], [85.08353424100017, 26.856065751000187], [85.08451080200007, 26.855840682999997], [85.08565521300017, 26.856382371000052], [85.08572387700013, 26.855558395000116], [85.08589935200018, 26.853523254000038], [85.0896835320001, 26.853332520000038], [85.0865478520002, 26.855148315000122], [85.08963012700002, 26.85650634900003], [85.08926391500012, 26.8574829100001], [85.08888244700017, 26.858493804999966], [85.09161377000015, 26.85971450900007], [85.09155273500016, 26.859830857000134], [85.0877685550002, 26.865081788000168], [85.08836364800015, 26.866140366000025], [85.08888244700017, 26.867069244000106], [85.08997345000012, 26.867069244000106], [85.09095764200003, 26.867637635000165], [85.090744019, 26.86806297300018], [85.0913696290001, 26.867876054000078], [85.09161377000015, 26.86801528900014], [85.09198761000016, 26.867948533000117], [85.09198761000016, 26.868560791000164], [85.09832000700015, 26.866815567000174], [85.09971855000015, 26.86847098600009], [85.10168479200013, 26.870798125000192], [85.11251831000015, 26.871416093000164], [85.11336517400002, 26.87216568000008], [85.12291717500017, 26.87131691000002], [85.12318420400015, 26.871315003000177], [85.126853944, 26.8702697760001], [85.13633728100012, 26.867595673000096], [85.14331817600015, 26.870798111], [85.15601348800004, 26.870315551000033], [85.16767120400004, 26.868322373000183], [85.17861175400003, 26.868934631000002], [85.18689727700018, 26.869508743000097], [85.19131469700011, 26.86981582700008], [85.19770812900009, 26.86659431400011], [85.19509124700011, 26.86330604500006], [85.195014953, 26.863214493000157], [85.19313049200014, 26.849714278000192], [85.19361877500012, 26.843814849000125], [85.19600677400013, 26.841718674000163], [85.19262695300017, 26.82954406800019], [85.18854522700013, 26.824451447000058], [85.18842315600006, 26.821212768000066], [85.1792297360002, 26.814888001000156], [85.17911529500003, 26.81191444400008], [85.17985534700017, 26.808038713000087], [85.18430328300013, 26.799451828000088], [85.1817169200001, 26.798097610000127], [85.18258667000015, 26.795488357000124], [85.19117736800018, 26.793792725000174], [85.19141387900015, 26.793714523999995], [85.19509887700002, 26.790796280000166], [85.19701385400015, 26.78491592400013], [85.195014953, 26.779333115000156], [85.19971466100003, 26.76931572100017], [85.20154571600011, 26.768888473000175], [85.20272064200014, 26.768615723000153], [85.20829773000008, 26.761051178000173], [85.21253967400008, 26.76168632600013], [85.21249389700012, 26.761108399000022], [85.21228790200018, 26.75870323100014], [85.21614837600004, 26.757923127000083], [85.23041534400011, 26.76131439300019], [85.23411560000005, 26.763216020000073], [85.24198150600017, 26.761592866000058], [85.25051879900019, 26.759830476000047], [85.25516509900007, 26.760940551000147], [85.2591171270002, 26.758914948000154], [85.25962829600013, 26.75603103600008], [85.25985717900016, 26.756006242000183], [85.26251983600008, 26.75501442000018], [85.28576660100003, 26.753656386999978], [85.28660583500016, 26.753608705000147], [85.28724670500009, 26.753549577000058], [85.30251312300004, 26.752117156999986], [85.30407714800009, 26.75238609300004], [85.30611419600001, 26.75273704600005], [85.32010650700005, 26.74889945900003], [85.32450866600004, 26.745002747000058], [85.32471465999998, 26.74481773299999], [85.32497406000016, 26.744857787000115], [85.32518768300014, 26.744932176000134], [85.32910156300017, 26.746274949000167], [85.32863616900005, 26.74554443400018], [85.32798767100019, 26.74453544700009], [85.3363189690001, 26.741415024000105], [85.35719299300007, 26.760194778000027], [85.35930633600009, 26.760940551000147], [85.36057281600006, 26.76157569800006], [85.363525391, 26.76305198700004], [85.36536407500012, 26.760755540000048], [85.36601257300009, 26.75994491700004], [85.37171936000004, 26.758115769000028], [85.37711334300019, 26.760616303000177], [85.3803024300002, 26.76504135099998], [85.3861389160001, 26.774019241000133], [85.39421844500009, 26.775215150000065], [85.39912414500009, 26.778009416000145], [85.4046173100001, 26.78271484400011], [85.40802001899999, 26.78902626000007], [85.4096374520002, 26.791137696000135], [85.41159057600015, 26.79093170100009], [85.41907501200018, 26.790121078000027], [85.42208099300007, 26.788560868000104], [85.4274063100001, 26.785795213000142], [85.43111419600012, 26.78621482800014], [85.43129730200013, 26.786336899000048], [85.43473815900018, 26.7898960120001], [85.43593597500018, 26.78935814000016], [85.43722534200003, 26.788776398000152], [85.44869995000016, 26.783468246999973], [85.44928900800005, 26.783632222000165], [85.44977600000016, 26.783767999000133], [85.45375833800017, 26.782133369000064], [85.45481900000016, 26.781698000000176], [85.45574188500007, 26.78231392300006], [85.45567739000012, 26.78205978200009], [85.45563514300011, 26.781893064000144], [85.4606169990002, 26.784115000000156], [85.46099075100005, 26.784364833000097], [85.46060885000014, 26.784691226000007], [85.46033509000006, 26.784925059000102], [85.46617900000007, 26.78877600100003], [85.46648523200014, 26.788555762000044], [85.46682000000015, 26.788315000000182], [85.47099877500011, 26.789110957000048], [85.47521972600003, 26.789915086000065], [85.47776389600006, 26.79163101300003], [85.48011784700003, 26.79321889600004], [85.4812088010001, 26.79953193700004], [85.48152160600011, 26.80135917700005], [85.48156652600011, 26.80174599300011], [85.48159012800011, 26.80194997199999], [85.48679116400001, 26.800742424000077], [85.48783100000009, 26.80050099900012], [85.49831388900014, 26.798115025000072], [85.49824847900004, 26.79936601600008], [85.4982070100001, 26.800157819000162], [85.49736803500002, 26.801204957000095], [85.49749478100006, 26.80134228999998], [85.49811553900008, 26.802015305000168], [85.49885719600007, 26.806145694000065], [85.49919100100004, 26.808006000000148], [85.49874111900016, 26.809158056000058], [85.4994074660001, 26.809473264000076], [85.5002060000001, 26.809850999000105], [85.50070456100008, 26.81078183600016], [85.50072479300013, 26.810819626000068], [85.49997712100009, 26.81189173100006], [85.50209041700015, 26.81313514100009], [85.50388300000003, 26.813739999000006], [85.50560078400008, 26.81487510800008], [85.50581386400012, 26.81501591000017], [85.51044500100005, 26.816025000000025], [85.51067476000014, 26.816083864000063], [85.51129150300011, 26.816242217000138], [85.51379971700015, 26.815749224000115], [85.51461000000012, 26.815590001000146], [85.52211800000015, 26.814116000000126], [85.53229499400004, 26.824565993000135], [85.53324876400006, 26.825558244999968], [85.53529357800016, 26.827686311000036], [85.54508984400019, 26.837865876000023], [85.54579506300018, 26.83760836800002], [85.54709625300018, 26.83713340800017], [85.55562591600011, 26.834028243000034], [85.5581817630001, 26.83980178900009], [85.55991381900003, 26.843715754000186], [85.56321788100001, 26.842486017000112], [85.56792423200017, 26.840734581000163], [85.57288735100019, 26.85311783500015], [85.57429500000006, 26.856630001000156], [85.57642400100008, 26.85923200000002], [85.57765199900007, 26.860731000999976], [85.57954150500012, 26.859682120000173], [85.58038310600017, 26.859214907000137], [85.58141326900005, 26.85611534100019], [85.58269474800016, 26.85703373300015], [85.58473206300005, 26.858493900999974], [85.58858490000006, 26.852281867999977], [85.58801042700003, 26.85152537700003], [85.58783721200018, 26.851297279000164], [85.58768791699998, 26.849276468000028], [85.58751701300008, 26.846960175000106], [85.59413909800008, 26.850046159000044], [85.59678588300011, 26.851296802000036], [85.60211919500017, 26.853817088000028], [85.60921500000012, 26.85701599900011], [85.62164306500017, 26.869339057000104], [85.62261597800011, 26.870205285000168], [85.62622097700006, 26.873414980000064], [85.62861599900015, 26.87307200000015], [85.63152814600011, 26.87264989800019], [85.63668800000005, 26.871902000000148], [85.63799714900006, 26.869028480000054], [85.63854997900017, 26.867815048000182], [85.64256621000004, 26.857948298000053], [85.6446151080001, 26.85291497200018], [85.65391528100014, 26.850425928000107], [85.66380059100004, 26.847847720000118], [85.68254089300007, 26.842960357000095], [85.70161193000013, 26.834102209000093], [85.7047729890001, 26.83263400800007], [85.72332002600001, 26.82001496400011], [85.73101799800014, 26.807815835000156], [85.73097930300003, 26.805783480000116], [85.73091900100002, 26.802615999000125], [85.73262032800005, 26.800115643000026], [85.73374922300007, 26.798875702000032], [85.73671700000006, 26.795615999000063], [85.73702942800014, 26.786407642000086], [85.73711400800005, 26.78391478499998], [85.73734300100006, 26.777717999999993], [85.73706677300015, 26.77633891100004], [85.73572540300017, 26.769639968999968], [85.73314624300014, 26.758724591000146], [85.7310260000001, 26.749749999000073], [85.73635093600012, 26.737203970000053], [85.73337302900006, 26.735820728000135], [85.73287199900017, 26.735588000000064], [85.73240700000014, 26.734718000000044], [85.73369801000018, 26.730481873000087], [85.73371893400014, 26.730413218000024], [85.73051499899998, 26.72951499900006], [85.73107991000012, 26.72746120000005], [85.73174999000014, 26.725025042000084], [85.73156733600013, 26.724991526000167], [85.73111700000015, 26.72490900100013], [85.73083530700006, 26.72485743200008], [85.73038500000018, 26.724775000000193], [85.72972080400012, 26.722967267000058], [85.72841644300007, 26.719415665000042], [85.73013299100018, 26.71744318600014], [85.72933475800016, 26.715286335000144], [85.72714199900014, 26.709362000000112], [85.72864499899998, 26.705763000000047], [85.72709356200016, 26.70337957000004], [85.72678400100006, 26.702904000000103], [85.72714995500013, 26.70004697600018], [85.72655386900016, 26.69971941400007], [85.7265240000001, 26.699703000000113], [85.7264821330001, 26.69968025500009], [85.72578430200019, 26.69930076700018], [85.72759246900011, 26.695211411000002], [85.7276134970001, 26.695163047000108], [85.72763100100013, 26.695124000000135], [85.7256470120002, 26.68640705300004], [85.72602667500007, 26.686071780000077], [85.72765391300004, 26.684635078000042], [85.72733414000015, 26.68429286500009], [85.726936341, 26.683866502000058], [85.72711944700006, 26.683515548000173], [85.72694718700001, 26.68226974700019], [85.72690600099997, 26.68197100000009], [85.7271500010001, 26.68177799900019], [85.72593699900011, 26.674845001000108], [85.72581503100014, 26.673944223000035], [85.72876699900013, 26.673575999000093], [85.72812744800007, 26.671253347000118], [85.72781400100018, 26.670115001000113], [85.73068358000017, 26.66764643800002], [85.73162822800003, 26.666834041000072], [85.73219707100009, 26.666940317000126], [85.73311598700008, 26.667111998000053], [85.73265103900019, 26.666187076000085], [85.73861700000003, 26.663658001000158], [85.73871600000007, 26.66361600000016], [85.73844537100018, 26.66246376600003], [85.73720600000019, 26.65718700000008], [85.73663659500005, 26.656555086000026], [85.73461914100011, 26.65431594900008], [85.73561260600019, 26.653219227000136], [85.735976999, 26.65281700000014], [85.73759500000006, 26.652077001000123], [85.73723165600018, 26.651479670000185], [85.73721313500016, 26.651449203000027], [85.73751831100003, 26.651115417000142], [85.7378692630001, 26.65077018800008], [85.73833482600014, 26.65095701299998], [85.74162511700018, 26.64751755300017], [85.74915313700006, 26.63964843700012], [85.75536346500019, 26.637537003000034], [85.76194763100017, 26.635921478], [85.7638295970001, 26.63465330700018], [85.76760880100016, 26.632107135000183], [85.7690960010001, 26.631202999000152], [85.76997291800006, 26.630671136000103], [85.77176666200018, 26.62958335800016], [85.77550837900009, 26.62894192100009], [85.7760390000002, 26.628850999000065], [85.80221572300007, 26.624363048000077], [85.80316343600003, 26.62385324800016], [85.8038330010001, 26.6234930010001], [85.80410219600009, 26.622124933000066], [85.80546600100001, 26.615193998999985], [85.8055730000001, 26.614670000000103], [85.81069151300005, 26.61035256800011], [85.81190490700004, 26.609329224000135], [85.81832122800012, 26.603818893000096], [85.81982421800012, 26.60252380500009], [85.83262634300019, 26.60125160300015], [85.83269500700004, 26.601577758000076], [85.83353424100017, 26.610940934000098], [85.83460998600009, 26.610774994000053], [85.83515167200017, 26.610778809000067], [85.84207916300005, 26.610296249000157], [85.85331726000004, 26.609516145000043], [85.85562133800005, 26.604701997000177], [85.85650634700005, 26.5995407100001], [85.8599700920002, 26.589586259000043], [85.85069275000012, 26.57653427200006], [85.85150909300006, 26.571937562000073], [85.85211944700012, 26.56841468900018], [85.85524749800004, 26.569593430000054], [85.85888671900017, 26.571670532000155], [85.85968780600007, 26.571268083000177], [85.85981750500008, 26.57131576500001], [85.85987091000015, 26.57117843600014], [85.86062622000009, 26.57080078100006], [85.86089325000017, 26.568576812000174], [85.8705520630001, 26.57466316200015], [85.87060546800012, 26.574724197000137], [85.87292480400004, 26.57937622000003], [85.87401580800008, 26.578914643000132], [85.8780136100001, 26.58091545200017], [85.88133239800004, 26.582509995000066], [85.88175201500002, 26.583477020000032], [85.88581085300012, 26.582462310000096], [85.88892364400004, 26.582429886000057], [85.89323425300012, 26.594543456000167], [85.89482879600013, 26.594337464000148], [85.8962860110002, 26.594661712000175], [85.89731597900015, 26.594017029000042], [85.90272522000015, 26.594543456000167], [85.90275573700006, 26.594713211000055], [85.90299987800012, 26.600378037000155], [85.9038162240002, 26.60021591200018], [85.91162872300009, 26.604169845], [85.91191101100014, 26.604331970000032], [85.91481781000005, 26.60401535000011], [85.91621399000013, 26.6086158760001], [85.91902923700007, 26.609317781000186], [85.92411804300014, 26.609714509000128], [85.92910003700007, 26.610311508000052], [85.92872619600013, 26.611314774000107], [85.93019104000018, 26.612781526000163], [85.93121337800005, 26.61511612000004], [85.93108367900004, 26.616285325000092], [85.93502044600007, 26.613214492999987], [85.94023895300012, 26.615827561000003], [85.9404144290001, 26.615915298000118], [85.94261932500007, 26.612915039000086], [85.95034027200006, 26.61322021600006], [85.94966888500016, 26.616003037000155], [85.94851684600019, 26.620916367000063], [85.95171356100008, 26.624362946000076], [85.95281982500012, 26.624216079000064], [85.95714569100011, 26.62893867500003], [85.95760345500014, 26.62947273300017], [85.95672607400013, 26.633102418000192], [85.95469665600007, 26.637163163000025], [85.9555206300002, 26.638113023000074], [85.95569610500007, 26.643625258999975], [85.95730590800014, 26.64561462400019], [85.95880127000004, 26.648969651000073], [85.95967102100013, 26.64885330100003], [85.95971679600012, 26.64891624400019], [85.96163940400004, 26.649955750000004], [85.96252441500019, 26.651081085000158], [85.96341705200007, 26.650918960000126], [85.96389770500014, 26.65083313100007], [85.96541595500014, 26.65021515000018], [85.96612548900004, 26.651218414000027], [85.96711731000016, 26.65261459499999], [85.9700164790001, 26.65161704999997], [85.97032165600007, 26.652034760000106], [85.97232055700016, 26.65481567300003], [85.9754562390001, 26.654558181000084], [85.97797393900004, 26.657651901000065], [85.97818756200019, 26.657917023000152], [85.98062896600004, 26.6576080320001], [85.98696136500007, 26.65680885400002], [85.98999023500005, 26.656425476000095], [86.00217437800018, 26.654561996000098], [86.00813293500016, 26.655929565000008], [86.00823974500008, 26.65586853000002], [86.01281738200004, 26.65401458800011], [86.01468658400017, 26.65863418700019], [86.01422882100002, 26.659284592000063], [86.02059936400019, 26.66067505000018], [86.02101898100017, 26.66081619400012], [86.03073883100006, 26.66642189000015], [86.05039978000013, 26.661294937000036], [86.05722046000011, 26.659515381000062], [86.06502533100007, 26.658082961000048], [86.07201385600001, 26.65679931600016], [86.07621002200011, 26.649513245000094], [86.09001922700008, 26.643014908000055], [86.09035492000004, 26.642873764000058], [86.11997222800011, 26.630434036000054], [86.12983703600008, 26.62961578400018], [86.13150024300012, 26.629478455000083], [86.14073944100005, 26.628713607000066], [86.14321899500004, 26.616409303000182], [86.14241790699998, 26.616224289000172], [86.13911438000014, 26.607967377000023], [86.13842010500014, 26.606208802000083], [86.14483642599998, 26.604728697999974], [86.14894104000018, 26.60845565799997], [86.15742492600009, 26.609605789], [86.16360473500009, 26.614545823000185], [86.16931915300006, 26.61392402700011], [86.17100524900013, 26.614982606000183], [86.17391967800012, 26.61681556700006], [86.17581939700017, 26.615489960000048], [86.17721557600015, 26.614515305000168], [86.1773223880001, 26.614500046000046], [86.17826843200004, 26.615167618000044], [86.1848526010001, 26.61342620800019], [86.18860626200006, 26.614450454000064], [86.1889572130001, 26.614532470000086], [86.19454956000015, 26.614421845000095], [86.19628906200018, 26.612432480000052], [86.19566345200008, 26.610940934000098], [86.1955413820001, 26.611026764000087], [86.19521331900006, 26.610414505000165], [86.19777679400016, 26.60770988500019], [86.19889068600014, 26.60072898900006], [86.19821930000018, 26.597814560000074], [86.1990203850001, 26.597520828000086], [86.19783782900015, 26.595148087000155], [86.19781494100005, 26.595014573000128], [86.1994171140002, 26.593299865000176], [86.20170593300008, 26.595607758000085], [86.20301818900015, 26.59691620000018], [86.20375823900008, 26.594738008000093], [86.20399475000005, 26.594039917000146], [86.20796966600011, 26.596153259000005], [86.21061706600011, 26.592716218000135], [86.21369171200018, 26.59247207700008], [86.2144165040001, 26.59241485600006], [86.21721649200015, 26.59110832300007], [86.21741485700011, 26.59101486300011], [86.21755981400008, 26.590822219000188], [86.21961212200011, 26.588109970000005], [86.22308349700018, 26.58966255200005], [86.22611236700016, 26.591058731000032], [86.22626495400004, 26.59101486300011], [86.23024749800004, 26.591026306000117], [86.2312088010001, 26.591802598000186], [86.23193359400011, 26.59156036400003], [86.23339843800017, 26.592023850000032], [86.23369598400012, 26.592798234000156], [86.23681640600017, 26.59041595500014], [86.2368392940001, 26.590721130000077], [86.237319947, 26.597314836000123], [86.23692321800013, 26.597644806000062], [86.2380828850001, 26.59827995400002], [86.23953247100013, 26.600124360000052], [86.2396545410001, 26.60124778800008], [86.24102783300003, 26.60112381000016], [86.24245453000003, 26.602075577000107], [86.24251556300004, 26.603113174999976], [86.24551391600005, 26.602516175000176], [86.24475097700008, 26.60547447300013], [86.24576568499998, 26.605726242999992], [86.24581909300014, 26.60641479500015], [86.24631500300018, 26.60688972500003], [86.24599456800019, 26.607585907000043], [86.24711608900003, 26.6090774540001], [86.24773407000009, 26.60823822000009], [86.2479171760001, 26.608415604000072], [86.25112152100013, 26.60900878900003], [86.25102996900017, 26.61036110000009], [86.25009918300009, 26.612060547000112], [86.25092315700005, 26.612186433000034], [86.25243377700019, 26.613445281999986], [86.25457000800009, 26.61678314300002], [86.25507354700011, 26.615579605000107], [86.26289367800007, 26.61529159600019], [86.27383422800011, 26.61655616799999], [86.27793121300004, 26.61703109700011], [86.28903961300006, 26.614376068000126], [86.28938293400017, 26.614330291000158], [86.29521179200015, 26.612930298000038], [86.30800628700018, 26.618646623000018], [86.31024169900019, 26.61964035000011], [86.32479095600007, 26.619356156000038], [86.32928466900017, 26.619302749000155], [86.33003997900016, 26.61915397700011], [86.34656524600013, 26.615903855000113], [86.3464813220001, 26.61576271000007], [86.34603881900017, 26.6150417340001], [86.34559631300016, 26.61391067600016], [86.34381866500013, 26.611515046000193], [86.34376526000005, 26.611448288000133], [86.34305572400018, 26.611686707000047], [86.34132385300012, 26.608230590000176], [86.34271240300012, 26.606470107999996], [86.34329986600011, 26.605722427000046], [86.35501861500012, 26.604316712000184], [86.3588333130001, 26.603858948000152], [86.36072540200007, 26.60333824100013], [86.38745880200008, 26.59665489200006], [86.39594268800016, 26.594533921000163], [86.39629364100017, 26.59444618200007], [86.39723968600003, 26.59528350800008], [86.39937591600005, 26.59279251100014], [86.3995132450001, 26.592716218000135], [86.39941406300005, 26.590763091999975], [86.39935302700019, 26.588697434000153], [86.39733886800008, 26.584857940000063], [86.43265533500016, 26.572666168000126], [86.44797515800019, 26.5697212230001], [86.45788574200003, 26.56781768900015], [86.48832702600009, 26.54942703200004], [86.50112915100016, 26.541597367000122], [86.50327300999999, 26.541252136000082], [86.51816558700006, 26.538848875999975], [86.5241165160001, 26.543212891000053], [86.52809143000019, 26.54275512700019], [86.5305862420002, 26.542518616000052], [86.53381347600009, 26.54051590000006], [86.54421997100019, 26.538114547000077], [86.54723358200005, 26.53463745100015], [86.5529479970001, 26.529914855000186], [86.55410766600005, 26.52333831700014], [86.55680084300019, 26.523950578000097], [86.55817413400007, 26.522653580000053], [86.55778503400018, 26.52057457000018], [86.55804443300008, 26.51773643500013], [86.55727386500007, 26.518157959000177], [86.55722046, 26.517915725000023], [86.56331634499998, 26.50931549000012], [86.5637664790001, 26.50928497299998], [86.56656646800008, 26.50154876800019], [86.56690216100003, 26.500722885000187], [86.57122039800004, 26.498815537999974], [86.57204437200016, 26.49745941200007], [86.57283782900015, 26.49760437100008], [86.57277679400016, 26.49689483800006], [86.58059692300003, 26.494821548000118], [86.58289337200006, 26.49444007799997], [86.58976745500007, 26.493307115000107], [86.5903549200001, 26.49325370700018], [86.59819025600007, 26.490644475000067], [86.6054992670002, 26.488630295000064], [86.60775756800012, 26.488012314000173], [86.61470794600018, 26.486118318000138], [86.61482918200011, 26.486253495000028], [86.6150894160001, 26.486543655000048], [86.61759948700006, 26.485155105000104], [86.62221527000014, 26.483615876000044], [86.62341308600014, 26.48381042500006], [86.62381744300012, 26.482278823000172], [86.62474822900003, 26.481504441000027], [86.62564849900008, 26.481573105000052], [86.62581634400004, 26.481014251000147], [86.6282196040001, 26.480615615000033], [86.62926483100017, 26.477130889000023], [86.62938690100015, 26.476728440000045], [86.630500794, 26.47859001200004], [86.63186645500014, 26.477472304999992], [86.62987518400013, 26.475111007000066], [86.62857818600008, 26.469434739000064], [86.6285171510001, 26.46911621099997], [86.63236236600005, 26.469144822000146], [86.631141663, 26.467927933000055], [86.63161468600015, 26.467716218000078], [86.63179779000006, 26.467609406000122], [86.63174438400006, 26.46777916100001], [86.63261413500015, 26.468275070000118], [86.63413238600009, 26.466268539999987], [86.63630676300016, 26.465021133999983], [86.63683319000012, 26.46578979500009], [86.64093780500019, 26.465167999000187], [86.64087677000003, 26.464365006000094], [86.64122009300007, 26.464315414000055], [86.67917633000008, 26.453683853000143], [86.67945861800018, 26.45361137499998], [86.69261932400019, 26.45061492900004], [86.69574737600004, 26.450883867000073], [86.69763183700007, 26.448911667000175], [86.69760894800004, 26.448764800000163], [86.69790649500004, 26.448596955000085], [86.69847869900013, 26.448266984000043], [86.69800567700008, 26.444433212000092], [86.69798278800005, 26.44421959000016], [86.69983673000013, 26.44307899600011], [86.70093536400009, 26.442440034000185], [86.70215606600004, 26.437265396000157], [86.70220184300018, 26.43708229000009], [86.7102279670001, 26.43610382200012], [86.71256256100014, 26.435823441000082], [86.72258758600015, 26.434619904999977], [86.72818003100008, 26.42540189200014], [86.72966774200012, 26.42440617300008], [86.73046875000017, 26.425649644000032], [86.73058864000012, 26.42583433900012], [86.73103318900007, 26.42651918500013], [86.73151758800009, 26.42627726300003], [86.7319030750001, 26.42608452000013], [86.73277282600003, 26.425649644000032], [86.7322616570001, 26.4241600040001], [86.73176838900014, 26.422734828000102], [86.73165907200007, 26.422418984000103], [86.73261999900006, 26.422214999000175], [86.7335207320001, 26.422045050000065], [86.73501586900005, 26.42401504500009], [86.73948669300012, 26.423040390000153], [86.7398147580002, 26.42421531700012], [86.74010480000004, 26.425275763000116], [86.74134713600017, 26.424875419000045], [86.743087769, 26.42431449900016], [86.7457199100001, 26.426916123000126], [86.74917602300019, 26.4280033120001], [86.74954223700007, 26.433231354000156], [86.74669647100018, 26.433603287000096], [86.74653312200007, 26.43424802500016], [86.74644470200002, 26.43459701600017], [86.74762774500016, 26.435051817000044], [86.7496797170001, 26.435840892000044], [86.75241851900006, 26.441015244000084], [86.75480665200018, 26.44152845600007], [86.75551600099999, 26.441681000000074], [86.75568749100017, 26.443732934000025], [86.75588992700006, 26.4461555580001], [86.75945281900016, 26.446996690000105], [86.76272583000014, 26.447814950999998], [86.76284794500003, 26.451217656000097], [86.76302429700007, 26.451229999000134], [86.7630387170002, 26.45123099500006], [86.76354284900015, 26.451180472000033], [86.76657867500018, 26.450876236000113], [86.76692962700008, 26.45150756900017], [86.76719665400003, 26.45199584900007], [86.76682655900004, 26.452330809999978], [86.7665939330002, 26.452541352000026], [86.766303274, 26.452806578000093], [86.76583110700011, 26.453237666000064], [86.76623535200008, 26.453704834000177], [86.76640771400014, 26.45390783900018], [86.76657867500018, 26.454109193000136], [86.76495361400009, 26.455467224000188], [86.76728440700009, 26.458002320000105], [86.76745600100008, 26.458189000000118], [86.7676999910002, 26.45845799000017], [86.77020263700018, 26.45887374900019], [86.77155304000007, 26.459098817000154], [86.78260803100005, 26.454357147000053], [86.80323791500007, 26.447149277000165], [86.82379913400018, 26.441812515000038], [86.8293457040001, 26.440374374000157], [86.83580017100007, 26.43869781600017], [86.8375396730001, 26.44068717900018], [86.8384399420001, 26.44026756200003], [86.83851623599998, 26.44031524700017], [86.84041595500008, 26.44221496600005], [86.84051513700007, 26.442138672000112], [86.84250640800008, 26.441432954000163], [86.84220123400007, 26.440824508000105], [86.84188842700001, 26.440189361000023], [86.84536743200005, 26.439928056000156], [86.84591674799998, 26.440748214000166], [86.84698486299999, 26.44230270500009], [86.84947204700012, 26.44205284100019], [86.84785461400014, 26.444042206000063], [86.84835052400013, 26.447895049000067], [86.85208129900013, 26.448266984000043], [86.85303497400008, 26.44781875600006], [86.85419464100005, 26.44727325500014], [86.85841369600018, 26.448143006000066], [86.85952758800016, 26.45121193000017], [86.85958862300015, 26.45130729700014], [86.86239624000018, 26.454233169000133], [86.86239624000018, 26.454977036000116], [86.86239624000018, 26.45584869400011], [86.86310577300014, 26.455944061000082], [86.86330413800016, 26.45597076500019], [86.86425781200018, 26.45609664900013], [86.86416626000005, 26.456212997000137], [86.86338806200018, 26.457214356000122], [86.86771392900005, 26.45721626300019], [86.86724090500019, 26.455226897999978], [86.86839294400005, 26.45568847700008], [86.86910247700018, 26.455972673000133], [86.86903381400009, 26.45517349300013], [86.86898040800014, 26.45448112500003], [86.87131500300012, 26.45411491300007], [86.87320709200009, 26.455226897999978], [86.87371826100019, 26.454200745000094], [86.87394714400006, 26.453735353000127], [86.87532043500005, 26.453735353000127], [86.87842559900014, 26.455226897999978], [86.8780517580002, 26.45627975500014], [86.87767791800019, 26.457340242000043], [86.88161468500005, 26.456737519], [86.88176727300004, 26.45681190500011], [86.88476562600005, 26.45932769800004], [86.88554382200016, 26.45926857000012], [86.8863754260002, 26.45920371900013], [86.88701629600013, 26.461080552000112], [86.89641571100003, 26.461715699000138], [86.89756012000015, 26.467033386000026], [86.89724731500013, 26.46792411800004], [86.89694213900009, 26.468772888000103], [86.89471435500013, 26.468915939000112], [86.89607238800016, 26.47175598200016], [86.89548492500012, 26.47181511000008], [86.894828797, 26.47187995800016], [86.89550018400007, 26.472888948000104], [86.89582061900018, 26.473371506000092], [86.89521026500012, 26.47434616099997], [86.89457702600004, 26.475358964000065], [86.89497375400003, 26.475538254000128], [86.89595031700009, 26.475980758000162], [86.89493560700015, 26.475980758000162], [86.89421081600011, 26.475980758000162], [86.8951034550002, 26.47773552000001], [86.89262390100004, 26.481437683000024], [86.89411163400013, 26.485786438000048], [86.89596557600004, 26.486787797000034], [86.89557647700008, 26.487289428000054], [86.90650940000006, 26.487911224000186], [86.9322280880001, 26.489316940000094], [86.93204498400007, 26.49028587300006], [86.930870056, 26.496484756000086], [86.93509674200016, 26.51649284400014], [86.94702148500016, 26.51674270600006], [86.94734954800003, 26.51731300400013], [86.94916534400016, 26.52052497799997], [86.94924926700008, 26.52059745800011], [86.94956970200002, 26.520599366000113], [86.96183013900009, 26.520006181000156], [86.96265411300004, 26.52153778000013], [86.96367645300006, 26.52345276000011], [86.96839904700005, 26.52332878100009], [86.96829986500018, 26.52278900099998], [86.96814727800006, 26.52196121200018], [86.97759246800013, 26.519723893000048], [86.98181915300017, 26.524820329000192], [86.99321746800013, 26.52283668600012], [86.99636840800008, 26.5239353180001], [87.00235748300008, 26.526147843000103], [87.017715453, 26.5318145760001], [87.02258300900007, 26.539731980000056], [87.03588104200014, 26.556596756000147], [87.04483032100018, 26.56794357200016], [87.04730987500017, 26.586956025000006], [87.05066681000017, 26.586816789000068], [87.07427978600009, 26.58546638600012], [87.07436370800013, 26.58443069500015], [87.07440185500013, 26.583974838000188], [87.07547760000006, 26.57730293300017], [87.07551574700011, 26.577014922000046], [87.07511901800007, 26.541614533000143], [87.07841491700003, 26.537015915000154], [87.08220672500005, 26.52294921900011], [87.08811950700004, 26.48529243400003], [87.09391784700006, 26.450016021000067], [87.11156463600008, 26.436834336000175], [87.13014984200004, 26.42302513100003], [87.14151000900017, 26.41458892900016], [87.16371154700005, 26.40441703900018], [87.16501617300014, 26.40381622400008], [87.17344665600001, 26.4030323020001], [87.19147491500019, 26.405109407000054], [87.18881988600015, 26.414014817000066], [87.20381927400007, 26.413295746000188], [87.2053527830002, 26.413227082000162], [87.2138137820001, 26.412849427000083], [87.21446228000013, 26.41011619600016], [87.21391296400014, 26.4096889490001], [87.21392059200008, 26.409416199000077], [87.21667480400004, 26.407989502000078], [87.21971893400001, 26.4064159400001], [87.22142028900004, 26.402915954000036], [87.22615051300005, 26.405570984000178], [87.22638702400019, 26.40837478700007], [87.22761535600006, 26.408504486000027], [87.22866058300008, 26.41004753100009], [87.22863006600016, 26.410488129000157], [87.22905731200018, 26.410631180000166], [87.2293167110002, 26.411014556000055], [87.22962188800017, 26.411296844000162], [87.22912597700008, 26.41160583600015], [87.23044586200012, 26.412071228000116], [87.23123931900011, 26.412351609000154], [87.23123931900011, 26.412817001000064], [87.23123931900011, 26.413347245000068], [87.24761199900018, 26.413988113000187], [87.25037384000012, 26.41359520000009], [87.25031280500014, 26.412519454000062], [87.25036621000004, 26.412435532000075], [87.25251770100016, 26.409114837000175], [87.25594329900008, 26.41008186500011], [87.2587051380001, 26.410860061000164], [87.2641830450001, 26.407777787000043], [87.26860046400009, 26.40529441800004], [87.26811218200004, 26.390819550000174], [87.26680755600006, 26.38627433700003], [87.26828766000017, 26.37440490800003], [87.26838684199998, 26.373611450999988], [87.27482604900013, 26.372341156000175], [87.28611755300005, 26.373077393000074], [87.29192352200005, 26.37343025200005], [87.29946136500013, 26.368715286000167], [87.30381011900005, 26.365997314000026], [87.30879211500013, 26.36829376200012], [87.31482696600006, 26.37107276900008], [87.31491851800018, 26.371114731000034], [87.31590271100015, 26.367250443000046], [87.32431793300009, 26.35990905900013], [87.33825683600008, 26.351470948000156], [87.34049224800015, 26.350118637000094], [87.34341430700005, 26.34751510600006], [87.34715271000005, 26.34960174600019], [87.35016632100007, 26.35133361900006], [87.35561370900012, 26.356147767000152], [87.36083221400014, 26.360822677000044], [87.35590362500011, 26.371835708000106], [87.35720062300015, 26.378934860000186], [87.35886383100012, 26.387870789000146], [87.36411285500009, 26.396619797000028], [87.3712921140002, 26.407754898000007], [87.37863922100013, 26.40674018800007], [87.38513946500007, 26.413028718000135], [87.39102935900013, 26.418697357999974], [87.41433715900007, 26.421529771000166], [87.42162323000008, 26.422418595000124], [87.42285919300014, 26.42236518800007], [87.43019866900005, 26.422044755000115], [87.43379974300012, 26.42453193700004], [87.4455108640002, 26.43274116400005], [87.4647521980001, 26.438924789000055], [87.4690933220001, 26.440065385000082], [87.48712921200007, 26.43698310800005], [87.4885101320001, 26.43674659700008], [87.49820709100015, 26.435087204000013], [87.51892852700013, 26.430620195000188], [87.53929901200007, 26.420686722000085], [87.55001831100014, 26.418214798000065], [87.55532074000018, 26.405414581000116], [87.57361602700007, 26.39681625300011], [87.59022522000004, 26.39221382200003], [87.59055328300008, 26.390251160000048], [87.59088134900003, 26.387994767000123], [87.5897369380001, 26.382236480000188], [87.58965301600011, 26.38181305000012], [87.60841369600018, 26.380601882999997], [87.61463165200007, 26.389829636000115], [87.630386353, 26.393468857000073], [87.63089752200011, 26.393587111999977], [87.64583600000014, 26.39334900000017], [87.65032900000011, 26.39327800000018], [87.65283369300016, 26.39323789000008], [87.65438796400008, 26.393213280000168], [87.65438648600013, 26.393224812000028], [87.65280900000016, 26.405531000000053], [87.66603490000006, 26.410211666000066], [87.68086199900017, 26.415459000000112], [87.68082400000014, 26.416699999000002], [87.68046768700009, 26.427865897000174], [87.68023700000009, 26.43509500000016], [87.68091600000014, 26.43509500000016], [87.68132401100007, 26.43509500000016], [87.68173206300008, 26.435095001000036], [87.69025900000008, 26.435242000000073], [87.69451900000013, 26.435316000000114], [87.69647103500012, 26.433094071000028], [87.70064500000007, 26.428343000000154], [87.70093323600008, 26.42801391800009], [87.70101854400002, 26.427916520000053], [87.70768800000013, 26.42745300000007], [87.70816782000003, 26.427419649000058], [87.70858001700014, 26.42739105300018], [87.71217346200018, 26.427118301000178], [87.71469748400011, 26.42587177500002], [87.71540400000015, 26.425523000000055], [87.71590400000014, 26.425276000000054], [87.71598472700015, 26.424717090000172], [87.71608700000019, 26.424009000000183], [87.71610891200004, 26.42385504200007], [87.71627800800013, 26.42266699800018], [87.7181152340001, 26.42174797100006], [87.71851312600018, 26.42154902700014], [87.71971900000011, 26.42180300100017], [87.7208790000002, 26.422045000000026], [87.72277100000002, 26.419823000000065], [87.72372105200014, 26.419204017000084], [87.7243118290001, 26.418819427000074], [87.72464031400017, 26.418892295000035], [87.72485400000011, 26.418940001000067], [87.72608136400004, 26.415862097000172], [87.72633933000003, 26.41520610800012], [87.72563926700013, 26.413154554000016], [87.72531904400017, 26.412216128000182], [87.72590691800013, 26.411960564000026], [87.72631100000018, 26.411785000000066], [87.7297900000001, 26.41027300000019], [87.72982125000004, 26.410259420000102], [87.73467270600014, 26.408151283000052], [87.7361600710002, 26.407505127000036], [87.73791471900006, 26.410613844000125], [87.74163099900011, 26.4171980000001], [87.74262047100007, 26.417364313999997], [87.74327900000009, 26.417475000000138], [87.74688100000009, 26.418040000000133], [87.74743148500005, 26.41812633600017], [87.74991607600003, 26.41851616000008], [87.75569915700004, 26.408945084000095], [87.75631713900003, 26.40791511600014], [87.76885986400015, 26.41209602400005], [87.76863479200017, 26.41235485800013], [87.76825577400007, 26.41279061600011], [87.76809700000007, 26.412973000000136], [87.77031400000004, 26.414658999999972], [87.77071121300014, 26.414960882000116], [87.77041515200006, 26.416682758000093], [87.77033500000016, 26.417144000000064], [87.77008800000016, 26.418565999000066], [87.77082065400003, 26.418499032000113], [87.77334594700017, 26.42122840999997], [87.7734615400002, 26.421395819000054], [87.77353400000015, 26.42150091400015], [87.77356700000007, 26.421549000000027], [87.77361597100014, 26.42149092900013], [87.77555802800015, 26.41918802200007], [87.77560116600017, 26.419219574000067], [87.77856300000008, 26.42138600000004], [87.77870528800014, 26.421490004000134], [87.77878570600001, 26.42154884400003], [87.77832504700018, 26.421353906000093], [87.77577935400012, 26.420276462000118], [87.77575700000006, 26.420267000000024], [87.77561803300006, 26.42020694400003], [87.77555800100004, 26.420181000000184], [87.77588125800003, 26.420693795999966], [87.7760850000002, 26.421017000000063], [87.77789300000006, 26.425171000000034], [87.7769630000002, 26.42555100000004], [87.77307200000013, 26.427141000000177], [87.7746110000001, 26.42706300000009], [87.77766395200013, 26.426907002000178], [87.77736663800005, 26.427440643000182], [87.77589547000014, 26.428910596000037], [87.77584500000006, 26.42896100000013], [87.77505500000007, 26.429750000000013], [87.77571900000015, 26.430416000000093], [87.77629900000017, 26.430994000000112], [87.77722320100014, 26.43039283000013], [87.77724593600016, 26.430378045000054], [87.77841905200006, 26.429615307000176], [87.77842881200019, 26.429673260000072], [87.77843500000012, 26.429710000000114], [87.77975672000008, 26.43392074200017], [87.7802809550002, 26.435590857000022], [87.77967071500018, 26.436203004000163], [87.77915994900019, 26.436709959000098], [87.77806794100007, 26.435826141000177], [87.77751200000017, 26.435375000000022], [87.77716800000013, 26.43509500000016], [87.77664362100018, 26.43528175700004], [87.77630600000003, 26.435402000000124], [87.77542900000009, 26.435717000000068], [87.77703900000012, 26.440406999999993], [87.77744200000006, 26.440643000000023], [87.78027470500001, 26.442299320000075], [87.77902221700015, 26.442441941000084], [87.77803800000015, 26.44255100000015], [87.7789130000001, 26.44643900000011], [87.77911356300007, 26.447328534000178], [87.7791254660001, 26.447400548000076], [87.77761200000009, 26.448920000000044], [87.77642100000014, 26.450115000000153], [87.7812730920001, 26.450366921000125], [87.78152499900011, 26.450380000000052], [87.781516522, 26.45040253700006], [87.78104500000006, 26.451656000000128], [87.78040300000009, 26.453363000000138], [87.78487399900007, 26.453712001000156], [87.78546300000005, 26.455069000000094], [87.78661300000016, 26.45771600000006], [87.78897926000019, 26.4603526140001], [87.79018383800002, 26.461694820000105], [87.78918054600018, 26.462252902000102], [87.7885532300001, 26.462601761000087], [87.78835300000009, 26.46271300000018], [87.7883907600002, 26.463013230000115], [87.78841398900005, 26.463197913000045], [87.7884369520001, 26.463390034000042], [87.78860461500005, 26.464792780000096], [87.78878003000005, 26.464973147000023], [87.78885300000007, 26.465326000000175], [87.7890168720001, 26.46611538100001], [87.78959700000019, 26.465094000000192], [87.79042100000015, 26.464389000000097], [87.79049418200015, 26.46432636900016], [87.79096221900005, 26.463926315000094], [87.79245758000008, 26.465541839000025], [87.79101562500006, 26.465969086000086], [87.78939819400006, 26.466447830999982], [87.78910064700005, 26.466535568000097], [87.78897857700008, 26.46765327500009], [87.79109522100003, 26.468479465000087], [87.79188882000005, 26.468789286000003], [87.79221300000006, 26.468916000000036], [87.79354095500008, 26.466455459000088], [87.79364013700012, 26.466600418000098], [87.79494489300009, 26.468524937000097], [87.8066350000002, 26.464246000000173], [87.81283856200008, 26.46197452399997], [87.81395721400008, 26.46156501700011], [87.81515320700004, 26.460966436000092], [87.81785100000002, 26.459616501000028], [87.8196870000001, 26.458731], [87.82489200000015, 26.45430500000009], [87.82771300000013, 26.451906000000008], [87.83221400000008, 26.449915000000146], [87.83071903200016, 26.439815994000128], [87.83797200000004, 26.43854200000004], [87.83949463700003, 26.438274487000058], [87.84430694600019, 26.437429429000133], [87.85121912000011, 26.43621445700012], [87.85213165500005, 26.43967881900005], [87.85350799500003, 26.444904327000074], [87.85359954700016, 26.444955826000125], [87.86372375400003, 26.449728013000026], [87.86354065000017, 26.450752258000136], [87.8651275630001, 26.452630996000153], [87.86417655600019, 26.453012070000057], [87.8624190000001, 26.453716000000043], [87.86115000000007, 26.455408000000034], [87.8607100000001, 26.455994000000032], [87.8610530000002, 26.458830000000034], [87.86112169300014, 26.45886683500015], [87.86119079500014, 26.458904267000037], [87.86172750500015, 26.459202784000183], [87.8621747840001, 26.459451880000188], [87.8612289420002, 26.46039772000006], [87.86067962600004, 26.460943223000186], [87.86075260400003, 26.46234159400018], [87.86078954400006, 26.46305069100015], [87.86080900000007, 26.463428000000192], [87.86499408400016, 26.464038465000158], [87.86512756600018, 26.464057938000053], [87.86579768800004, 26.46666722300006], [87.8660430000001, 26.467623000000174], [87.88814500000007, 26.476229000000103], [87.8884835360002, 26.477633057000162], [87.88954899900011, 26.48205199900002], [87.88998084500014, 26.483842407000054], [87.89015197700013, 26.484552384000096], [87.89018364500004, 26.484683894000113], [87.89028892400017, 26.485122680000188], [87.89048800000012, 26.485873000000083], [87.89063293300012, 26.486419746000024], [87.90252700000002, 26.47712700000011], [87.90366600000016, 26.47484500000013], [87.90571946000006, 26.470729482000138], [87.90892028700011, 26.464315414000055], [87.91094702000004, 26.459941174000164], [87.91209587700013, 26.45746221100012], [87.912102, 26.457449000000167], [87.90345000000019, 26.45026000000007], [87.90272900000008, 26.449661000000106], [87.90192485700004, 26.44899350899999], [87.90119935400014, 26.44839097200014], [87.92600299999998, 26.446455000000185], [87.9266740000001, 26.446404000000086], [87.9281620000001, 26.440065000000118], [87.92586815200002, 26.437526982000122], [87.92580400000008, 26.43745600000011], [87.9254590000001, 26.43728700000014], [87.92267832100015, 26.43592605100008], [87.92266800100003, 26.43592100000012], [87.9199884050002, 26.434610887000133], [87.91996001800004, 26.43459700800014], [87.91987609800003, 26.434415818000105], [87.91978566500012, 26.433972785000094], [87.91948100000019, 26.432478000000174], [87.91912100000008, 26.43071600000019], [87.92415600000015, 26.429234000000122], [87.9266740000001, 26.428881000000047], [87.92711210800013, 26.4285290200001], [87.92743682900004, 26.42826843200004], [87.9276199570001, 26.428215014000045], [87.92762328100002, 26.428191600000048], [87.92763495400004, 26.428108320000092], [87.92781615400008, 26.427963278000163], [87.92853500000007, 26.427389000000062], [87.92926, 26.41824500000007], [87.92930513600004, 26.41795358200011], [87.93499800000012, 26.41769600000009], [87.95016900000002, 26.40818900000005], [87.96286909200012, 26.400229221000075], [87.96831512500017, 26.39681625300011], [87.971131114, 26.396309133000045], [87.97671000000014, 26.395305000000008], [87.98070698600009, 26.39458478600011], [87.98072817700012, 26.394580971000096], [87.98430000000019, 26.393981000000053], [87.98730273000012, 26.393476424000085], [87.9932861330002, 26.392471314000034], [87.99361419600007, 26.392375945000083], [87.99415599900004, 26.39222000000001], [87.99415656400004, 26.392205254000032], [87.9943763760001, 26.386464956999987], [87.994521626, 26.382671744000106], [87.99452224100014, 26.382655619000104], [87.99462239700011, 26.38001104600005], [87.99502599599998, 26.36935412500003], [87.99575219000008, 26.3693540000001], [87.99626887300008, 26.36935237900002], [87.99620447300009, 26.368527047000157], [87.99619300000012, 26.368380000000172], [87.99998500000015, 26.36501300000009], [88.00006627300002, 26.36495324600014], [88.00037396599998, 26.364727026000082], [88.00491080600005, 26.366228403000036], [88.00496700000008, 26.366247000000044], [88.00491426300005, 26.36611527100007], [88.0047343870001, 26.365664544000026], [88.00471496600017, 26.365615844000047], [88.00471126000008, 26.365604669000106], [88.00464800000015, 26.36541300000016], [88.00447100000008, 26.364880000000085], [88.006306, 26.364500000000078], [88.0067139640002, 26.36441600700016], [88.00829771900004, 26.361450215000104], [88.00832400000019, 26.361401001000104], [88.01018500000015, 26.360779000000093], [88.03255473200005, 26.364631954000174], [88.03293596999998, 26.365707042000167], [88.03104400000012, 26.36834500000009], [88.03068150000018, 26.36860050000007], [88.03031900000019, 26.368856000000108], [88.03010800000015, 26.369486000000165], [88.02999899999998, 26.369810000000143], [88.0299377980001, 26.369992601999968], [88.02969400100005, 26.37072000000012], [88.03072400000013, 26.371273000000087], [88.03112794600014, 26.372110150000026], [88.03112203300009, 26.372126748000028], [88.03069300000004, 26.373331000000178], [88.03091423900014, 26.373410181000054], [88.03173800000019, 26.373705001000133], [88.03198931700013, 26.374589981000156], [88.0320890000001, 26.37494100000015], [88.03179100000011, 26.375789000000168], [88.03156300000006, 26.376438000000007], [88.03193048900005, 26.376299439000036], [88.03241700000007, 26.376116001000128], [88.03389700000014, 26.378180999999984], [88.0311500000002, 26.378650000000107], [88.03082300000017, 26.37870600000008], [88.03032500000018, 26.379948000000184], [88.02982300000019, 26.38119900000015], [88.02978055100016, 26.381308906000186], [88.02969400000018, 26.381533000000047], [88.02982537700012, 26.38160890100005], [88.03017000000011, 26.381808000000092], [88.03205900000012, 26.382900000000177], [88.03264600000017, 26.38249000000019], [88.032715, 26.382515000000126], [88.0334505850002, 26.3838390520001], [88.03390499900013, 26.38465700000006], [88.0343357370001, 26.38654140600005], [88.03466800100006, 26.387995000000046], [88.03582000000006, 26.388117001000126], [88.03702500000009, 26.388243001000035], [88.03715500000004, 26.39172400000001], [88.03880228300017, 26.390212074000146], [88.03901694300015, 26.390015052000024], [88.03912667600008, 26.390215145000127], [88.03980500000011, 26.391453000000183], [88.04049681100003, 26.392713655000136], [88.04048232800017, 26.392824209000025], [88.04045400000012, 26.393037000000106], [88.04038200000002, 26.393586999999968], [88.04248800000005, 26.39383500000008], [88.04254761700008, 26.393868807000104], [88.04379999900016, 26.394579000000192], [88.04362782600003, 26.394685543000037], [88.04310667700014, 26.39500813800015], [88.0429920000002, 26.39507900000018], [88.04350765600003, 26.39504664800012], [88.04377320700007, 26.395030050000173], [88.04455566500013, 26.394981385000165], [88.04478168899999, 26.394967258000122], [88.04498286000006, 26.39495500800018], [88.04498600000011, 26.394984000000136], [88.04501300000004, 26.39521200000013], [88.04509100000013, 26.395839000000137], [88.04510500000004, 26.39594800000009], [88.04616500000014, 26.39578800000004], [88.04672552000017, 26.395704334000186], [88.04759174600008, 26.395575038000175], [88.04733281400013, 26.395865905000164], [88.04701833300015, 26.396218893000082], [88.04660000000007, 26.396694000000025], [88.04750100000001, 26.39691899999997], [88.04840394100006, 26.39714602200013], [88.04908000000012, 26.397316001000036], [88.04870552000006, 26.397950774000094], [88.0484680240001, 26.398353354000164], [88.04813900000005, 26.398912000000053], [88.04783600000002, 26.399427000000003], [88.04915305700001, 26.400305248000052], [88.04991899900017, 26.400816001000123], [88.04993522799998, 26.400812351000184], [88.05021614400016, 26.400749191000102], [88.05255993200012, 26.400359086000037], [88.05293292300013, 26.40029701300017], [88.05295525800011, 26.40026709100016], [88.05299727400006, 26.40021080200006], [88.05306243900003, 26.400123596000128], [88.05417601700015, 26.3986820450001], [88.05475600000011, 26.400216999999998], [88.05492400400016, 26.400671001000035], [88.05570983800015, 26.400608063000107], [88.05802830200014, 26.400421981000193], [88.0576630000001, 26.400936000000172], [88.05740400000013, 26.4013020000001], [88.05678599999999, 26.402163000000087], [88.05793800000009, 26.402739000000167], [88.05827900000008, 26.402909000000193], [88.05857512300014, 26.403055872000095], [88.05877685600007, 26.40315628000019], [88.05848693800004, 26.40423965400015], [88.0583080130001, 26.404920788000027], [88.05815099900008, 26.405518001000132], [88.05943968100013, 26.40592040600012], [88.05946363500016, 26.40592788600003], [88.05949963100011, 26.405989213000055], [88.05958100000015, 26.406129000000135], [88.05987500000015, 26.406630000000007], [88.05957100000006, 26.407183000000146], [88.05939500000005, 26.40750500000013], [88.06053200000014, 26.40750500000013], [88.06189216200005, 26.408753448000027], [88.06242957500007, 26.409246646000156], [88.06261400000011, 26.409416000000135], [88.0626941490001, 26.409408449000125], [88.06275187500006, 26.40940301100005], [88.06371200000018, 26.40965000000017], [88.06648279600012, 26.410363947000178], [88.06661800000012, 26.409644000000185], [88.06666328700004, 26.409401557000137], [88.06673431400014, 26.409023285000103], [88.06697838899998, 26.407755230000078], [88.0684490000001, 26.40862600000014], [88.06866851900003, 26.408755939000173], [88.06895281300012, 26.408923566000112], [88.06971000000016, 26.40936999900015], [88.06978414300016, 26.409275430000093], [88.07039600000007, 26.40849500000013], [88.07107521800015, 26.407629010999983], [88.07110676400009, 26.407630280000035], [88.07390583800003, 26.407743451000044], [88.07207500900017, 26.41284900700009], [88.08111600000012, 26.419815000000085], [88.08117043000016, 26.4198795800001], [88.08602800000011, 26.425643000000036], [88.08624268500017, 26.425897626000165], [88.08683099300004, 26.427977031000125], [88.08740199900018, 26.429995999000027], [88.08752400000009, 26.430408000000114], [88.0906910000001, 26.43346200000019], [88.09091800000004, 26.43368300000003], [88.09123033000014, 26.433987373000093], [88.09740400000004, 26.437443000000087], [88.09901400000007, 26.443048000000033], [88.09941100000003, 26.45212000000015], [88.09616100000005, 26.459003000000166], [88.0944290000001, 26.462677000000042], [88.09550500000017, 26.46356800000001], [88.09668000000005, 26.464548000000093], [88.09697000000006, 26.46457700000019], [88.10205100000013, 26.465790000000027], [88.10594900000007, 26.466707000000042], [88.10624700000005, 26.467903000000035], [88.10041000000007, 26.472252000000026], [88.10699500000015, 26.471756000000028], [88.10709400000013, 26.471867000000145], [88.10923000000014, 26.47592500000013], [88.10289000000012, 26.479460000000074], [88.10375200000004, 26.48356400000017], [88.10832200000016, 26.48910700000016], [88.10819200000003, 26.489225000000147], [88.10580399999998, 26.491329000000178], [88.10292100000004, 26.49411600000019], [88.10302000000001, 26.49859800000013], [88.10128000000014, 26.50543400000015], [88.09518400000007, 26.504314000000193], [88.09368100000006, 26.505907000000036], [88.09291800000017, 26.506716000000154], [88.09339900000015, 26.50704400000012], [88.09911300000005, 26.510916000000066], [88.09804500000018, 26.51480900000007], [88.09771000000018, 26.51613200000014], [88.09955600000012, 26.516623000000095], [88.10551500000008, 26.51821500000017], [88.10590400000012, 26.52012800000017], [88.10717792100007, 26.52632001100011], [88.10732269400006, 26.52701568700013], [88.1074905390002, 26.528423310000164], [88.10525500000006, 26.530413000000124], [88.10573600000004, 26.53322000000003], [88.1061479490001, 26.535623705000035], [88.10761986900008, 26.535333800000103], [88.10819200000003, 26.535221000000035], [88.10967300000004, 26.531733000000088], [88.1103047960001, 26.53024383800016], [88.11031774200006, 26.530240886000115], [88.11040900000017, 26.530239999999992], [88.11508807100017, 26.53019058000018], [88.11514300000016, 26.53019000000012], [88.1193434280001, 26.525164487000097], [88.1235430000001, 26.52014000000014], [88.13070900000008, 26.51386800000006], [88.13182918700011, 26.512887265000188], [88.13217908600001, 26.512581026000134], [88.13442124200009, 26.513240820000192], [88.1376570000001, 26.51419300000009], [88.13907899999998, 26.51325500000013], [88.14032605300008, 26.512431507000088], [88.14129638600014, 26.511791229000096], [88.14539305400018, 26.510971133000055], [88.1456625880001, 26.511634322000134], [88.14769700000005, 26.516640000000052], [88.15011495300018, 26.51685124100004], [88.15090200000003, 26.516920001000074], [88.15389768300014, 26.51609430000002], [88.15506700000003, 26.51577200100013], [88.15744000000007, 26.51874200000009], [88.16538200000014, 26.52164100000016], [88.16602300000005, 26.534460000000138], [88.16826600000019, 26.537360999999976], [88.1705140000002, 26.536546000000044], [88.17063100600012, 26.53650299300017], [88.17382812500006, 26.532829284], [88.17605795000009, 26.531929115000082], [88.1786800000001, 26.53087100000016], [88.17962600000004, 26.534491000000003], [88.17961902600018, 26.534526228000118], [88.17939100000012, 26.53567800000019], [88.17913100000015, 26.536991000000114], [88.18055461200015, 26.539557390000027], [88.18242599899997, 26.542931000000067], [88.18571438400005, 26.54413137900019], [88.18573781399999, 26.54413993100019], [88.19050327000014, 26.544309903000055], [88.19665400000014, 26.54356400000006], [88.19668559100018, 26.543560051000156], [88.19896325700017, 26.541772986000183], [88.19899000000015, 26.54175200000003], [88.19915658900015, 26.539748300000156], [88.19924199500014, 26.538721066000107], [88.19962742100006, 26.53870048800013], [88.20040700000015, 26.53865900000011], [88.2014834630001, 26.53860145600015], [88.2031062760002, 26.53919911300011], [88.2040560000001, 26.539551000000188], [88.20494100000013, 26.53725100000014], [88.20649339400012, 26.535979777000023], [88.20742034900019, 26.535221101000104], [88.21456106700003, 26.535589199000015], [88.21533949500014, 26.537911378000047], [88.21299430800013, 26.538341631000037], [88.21109000000013, 26.538691000000085], [88.21051200000011, 26.539513000000056], [88.20966300000003, 26.540722000000073], [88.21235700000017, 26.54167000000018], [88.21491400000019, 26.541609000000108], [88.21642078000013, 26.541572509000048], [88.21689605600005, 26.541561126000033], [88.21697849200012, 26.54166070900004], [88.21733200000006, 26.54208800000015], [88.22080080100011, 26.546281754000006], [88.22001000000012, 26.547439000000054], [88.21949829900012, 26.54818867100016], [88.219223022, 26.5485916130001], [88.21389000000016, 26.550770000000114], [88.2153930070001, 26.55726799500013], [88.21803528000015, 26.555605044000117], [88.22180900000012, 26.5532300000001], [88.229086, 26.552264000000093], [88.23120098900011, 26.55198025300018], [88.23117900000017, 26.546587000000045], [88.23114800000008, 26.539211000000137], [88.23218500000013, 26.536005000000046], [88.23336000000018, 26.532370000000014], [88.22582200000016, 26.526640000000043], [88.21865100000014, 26.523701000000074], [88.20793200000014, 26.51590699999997], [88.20665740700014, 26.514980296000033], [88.20647851700005, 26.51202288500008], [88.20644400000015, 26.51145100000008], [88.20636000000013, 26.510060999000075], [88.20365088000011, 26.51030573800017], [88.19982910100003, 26.510650635000047], [88.19386291400014, 26.508010864000028], [88.18634033200016, 26.500070572000084], [88.18228112300011, 26.49660505100013], [88.17920700100012, 26.493980000000136], [88.17905749400006, 26.490954282000075], [88.17903902100005, 26.490579990000185], [88.18340296700018, 26.48839977299997], [88.18321700000018, 26.487103000000104], [88.18295300000017, 26.485259999999982], [88.19164300000011, 26.483080000000086], [88.19307000000003, 26.475613000000124], [88.19356034800012, 26.47304546400011], [88.19375610400016, 26.4720211020001], [88.21479028200008, 26.469730383000183], [88.21694169800008, 26.472650590000114], [88.21264600000012, 26.47458100000017], [88.21293300000002, 26.47637400000019], [88.21315433300015, 26.477756099000032], [88.21315800000019, 26.477779000000055], [88.21909, 26.4770860000001], [88.22622700000005, 26.476252000000045], [88.22595999999999, 26.472021000000098], [88.22112300000003, 26.46684799999997], [88.2211076750001, 26.46684503900019], [88.21757800000017, 26.466163000000165], [88.21644259800019, 26.465943834000143], [88.21534021100018, 26.46573077400012], [88.22070998600014, 26.4599441470001], [88.22460200000012, 26.455750000000137], [88.22683300000011, 26.45136200000013], [88.22793834499998, 26.449186949000023], [88.22897338900003, 26.447151184000063], [88.23217691700006, 26.446564203000094], [88.23388682500013, 26.446251033000124], [88.236648559, 26.449310303000118], [88.2397992560002, 26.449305853000112], [88.24044700000019, 26.449305000000095], [88.24340100000018, 26.449301000000162], [88.24704349600006, 26.44157605400011], [88.24835200100006, 26.43880099900008], [88.24904600000002, 26.43789700000019], [88.2504700410002, 26.436040911000134], [88.25219726500012, 26.433790208000175], [88.25534054800005, 26.432471641000063], [88.25639600000011, 26.432029000000114], [88.2595936410001, 26.43068776700011], [88.25963600000017, 26.430670000000134], [88.26085999999998, 26.429658000000074], [88.2627560000002, 26.428089000000114], [88.26439588300008, 26.42538325100014], [88.2656100000001, 26.42338000000018], [88.26749000000001, 26.42204800000013], [88.26790600000015, 26.421753000000024], [88.26807300000013, 26.42030700000015], [88.26834900000006, 26.417921000000092], [88.26315299999999, 26.41501000000011], [88.25985264200017, 26.415379681000047], [88.25538606600009, 26.415879993000033], [88.23607975900006, 26.396434653000142], [88.23581700000005, 26.396169999999984], [88.23580626700016, 26.396165587000098], [88.23059847000013, 26.394023708000077], [88.23044600100019, 26.393960999000114], [88.22991831600012, 26.392150663000052], [88.22924810000012, 26.38985080000009], [88.22994525500013, 26.38845026200005], [88.23171234000006, 26.384901047000085], [88.2347452800002, 26.380003419000047], [88.23760470000019, 26.37538655600008], [88.23761000000007, 26.37537800000007], [88.24136800000014, 26.37450100000018], [88.24266936300012, 26.37419675600006], [88.24312591500006, 26.37409019600011], [88.24352936300005, 26.374476640000125], [88.24372900000009, 26.3746680000001], [88.24510696500016, 26.375988384000152], [88.24511700000005, 26.37599800000004], [88.2451279490001, 26.37599775199999], [88.24873300000007, 26.37591600000019], [88.25126600000004, 26.375858000000164], [88.253785117, 26.374895298000126], [88.2548980000002, 26.374470000000088], [88.26164200000005, 26.380030000000033], [88.26759300000003, 26.38116100000019], [88.2676026260001, 26.381151660000114], [88.26836900000012, 26.380408000000045], [88.26994300000013, 26.378880000000095], [88.27226800000011, 26.37795900000009], [88.27283306700008, 26.377735087000133], [88.27397918600013, 26.377281190000133], [88.28189849900019, 26.360130309000112], [88.28539990800004, 26.358721734000028], [88.28637900000007, 26.358328000000142], [88.2899020000001, 26.35691100000014], [88.28991926800006, 26.356885268000156], [88.29132400000015, 26.354792000000145], [88.2919158900001, 26.35391016500006], [88.28914906900002, 26.351149047000092], [88.28913899999998, 26.351138999000113], [88.2867311510002, 26.350376541999992], [88.28336334300008, 26.34930992200003], [88.27935028000007, 26.346349716000077], [88.28169997900011, 26.339809057000082], [88.28101300000003, 26.338438000000053], [88.27955600000007, 26.33553100000006], [88.27626000000004, 26.332493], [88.27243800000014, 26.3305400000001], [88.27238762500019, 26.33058042300013], [88.27137500000015, 26.331393000000162], [88.26976000000008, 26.332689000000073], [88.26881754400011, 26.33617778500019], [88.26859295100007, 26.337008992000108], [88.26688700000005, 26.336743000000126], [88.26612603800015, 26.336624701000005], [88.26526641800007, 26.336490631000117], [88.26113128600008, 26.337850570000114], [88.25842716400012, 26.334721656000056], [88.25801100000018, 26.334240000000136], [88.25630999900005, 26.330117999000095], [88.25433794300011, 26.328331629000047], [88.25370788600014, 26.327760697000087], [88.24819946300005, 26.326538085000152], [88.24677430600019, 26.322367405000023], [88.24636800000013, 26.321178000000145], [88.2446980000002, 26.31628999999998], [88.23912805200013, 26.313198029000034], [88.23647170500016, 26.305464192999978], [88.23645000000005, 26.305401000000188], [88.23430599000011, 26.30659992200009], [88.2341610000002, 26.306681000000026], [88.23180532800012, 26.310308222000117], [88.23177315600014, 26.310357758000123], [88.22963721000013, 26.30755474800003], [88.22691277600018, 26.303978895], [88.2269060000001, 26.303970000000106], [88.22682900000012, 26.299615000000188], [88.2267760000002, 26.29665000000017], [88.22626771600005, 26.29496732500013], [88.22458599999999, 26.28940000000017], [88.2241810000001, 26.28926600000011], [88.22101600000002, 26.28821900000014], [88.21900200000005, 26.285671000000036], [88.21595418600009, 26.285110099000065], [88.21498102000004, 26.284931004000043], [88.21425600000009, 26.281681000000106], [88.21115900000018, 26.280001000000027], [88.20410200000015, 26.27959100000004], [88.19917300000003, 26.276791000000173], [88.19651590600006, 26.275281494000126], [88.19448900000003, 26.27413000000007], [88.18936810200017, 26.275100937000047], [88.18432000000013, 26.27474700000016], [88.18337246800007, 26.274681033000093], [88.17982615900019, 26.267581097000118], [88.17690300000015, 26.261727999000016], [88.1670610000001, 26.257199999000193], [88.163116, 26.257529999000155], [88.16097243900003, 26.257219991000056], [88.15882900000008, 26.25691000000012], [88.1474530000001, 26.253659000000027], [88.14669114500003, 26.25344129100006], [88.14444732600009, 26.252799987000117], [88.14064799800013, 26.249639604000038], [88.14064312700003, 26.248369476000107], [88.14063076600013, 26.245727641000087], [88.13864400000006, 26.244519000000025], [88.13794789200006, 26.244096019999972], [88.13741302400018, 26.243770599000186], [88.13669522200013, 26.240559914000187], [88.13593300300005, 26.23715001300019], [88.13597800000014, 26.237051000000065], [88.13879214000008, 26.230841755000142], [88.13880200000017, 26.23082000000005], [88.13582600000012, 26.228210000000104], [88.13105000000002, 26.226810000000057], [88.12612853900009, 26.226919862000102], [88.12596073100002, 26.227232824000055], [88.1256027230001, 26.227899551000064], [88.12284133700007, 26.22792380700014], [88.12131100000016, 26.227937000000054], [88.11995700000006, 26.22794899900009], [88.119947061, 26.227946860000145], [88.11796000000004, 26.227519000000086], [88.11610096400005, 26.227118954000048], [88.11187744200015, 26.226209641000025], [88.1120037030002, 26.22607092000004], [88.11265500000019, 26.225356000000033], [88.11390699900011, 26.223980001000143], [88.11450200000007, 26.223698000000127], [88.11601300000001, 26.222980000000064], [88.1115400000001, 26.219504000000086], [88.10838300000006, 26.21705100000014], [88.1062140000002, 26.216519000000176], [88.10572804000009, 26.216400010000086], [88.10423299100012, 26.21449976000008], [88.10246300000011, 26.212250000000097], [88.09718300000009, 26.206430000000125], [88.09679702400013, 26.20644173200003], [88.0935972220002, 26.20653899300015], [88.08969116300005, 26.203231812000183], [88.08830020000016, 26.19974428800009], [88.08800300000007, 26.19899900000007], [88.08759303000011, 26.197971074999998], [88.08724200000017, 26.19444100000004], [88.0854257690001, 26.193764643000122], [88.08162700000014, 26.19235000000009], [88.07298300000008, 26.185390000000098], [88.07482900000002, 26.181280000000186], [88.07144757300011, 26.178813839000156], [88.07141900000016, 26.1787930000001], [88.07103499400017, 26.17804894400018], [88.06983200000013, 26.175718000000074], [88.06920137400016, 26.17615927600019], [88.0671010000001, 26.17762900000008], [88.06343100000004, 26.176670000000172], [88.06162089500009, 26.175568575000057], [88.05864700000018, 26.17375900000019], [88.05429400000003, 26.172322000000122], [88.0523300000001, 26.171673000000055], [88.05063222600012, 26.172943227000076], [88.04836300000011, 26.174641000000122], [88.04833678900019, 26.17467992000013], [88.04618095100017, 26.177880991000052], [88.0404660000001, 26.1768110000001], [88.03743728400013, 26.177699916999984], [88.03233337500012, 26.173519135000106], [88.03363037100019, 26.170289993000097], [88.02852630600017, 26.167289734999997], [88.02748203300018, 26.164821637999978], [88.02662700000008, 26.16280000000006], [88.02448900000007, 26.161100999999974], [88.01751700000017, 26.155560000000037], [88.01174199400003, 26.154790964000142], [88.0112460000002, 26.151952000000108], [88.01096703400003, 26.150358423000114], [88.0107803350001, 26.14929008500019], [88.01509095900008, 26.14290806100007], [88.01496715000007, 26.14278332300006], [88.01389343300013, 26.14170154900006], [88.01306900000003, 26.140871000000004], [88.01296402300017, 26.140911641000116], [88.01179264800015, 26.14136452600019], [88.00681304900013, 26.143289566000135], [88.00192825500011, 26.141451723000046], [87.99910700000015, 26.140390000000025], [87.99603300000018, 26.141790000000015], [87.988403, 26.148611000000074], [87.98838970800017, 26.1486333200001], [87.98364213000008, 26.15660553900011], [87.98210906900016, 26.159179687999995], [87.97479248100018, 26.15286064200012], [87.97362721000013, 26.153203966000092], [87.97281200000003, 26.153444000000093], [87.969536, 26.154409000000157], [87.96405800000008, 26.15197900000004], [87.96334100000013, 26.148890001000154], [87.96869700000008, 26.147871000000123], [87.96877300000011, 26.139351000000033], [87.96951800000011, 26.138601000000165], [87.97096999799999, 26.137140002000024], [87.96833411700015, 26.132665404000193], [87.96784200000019, 26.13183000000015], [87.9678313080002, 26.131827035000185], [87.95713100000017, 26.12886000000009], [87.95843700000006, 26.12620600000008], [87.95868553300011, 26.125700981000136], [87.96381097400007, 26.125506439000162], [87.96718817300018, 26.12538015400014], [87.9674070000001, 26.12537200000014], [87.9680790000001, 26.12506600000006], [87.97563200000008, 26.121630000000152], [87.96935300000018, 26.10931000000005], [87.95823700000005, 26.10882899900014], [87.95820095100015, 26.10879450700014], [87.95508500000017, 26.105813000000126], [87.95498726300019, 26.105719543000077], [87.9549484260001, 26.105682373000036], [87.95481793100004, 26.10498624500019], [87.95461000000012, 26.103874000000076], [87.95440700000006, 26.102793000000133], [87.95813000000004, 26.100851000000034], [87.95765699999998, 26.097090000000094], [87.96225623900017, 26.094942238000044], [87.96272864800005, 26.094721630000038], [87.96409000000006, 26.09344200000004], [87.96570317600015, 26.09192365800004], [87.96775300000013, 26.09177300000016], [87.9694820000002, 26.091648000000134], [87.97019300000005, 26.08768400000008], [87.97025300000018, 26.087351000000012], [87.97135300000008, 26.08593100000013], [87.97219089900005, 26.084850130000063], [87.96959500000008, 26.082619000000022], [87.9681320000002, 26.081362000000126], [87.96540100000004, 26.08261400000015], [87.9640120000002, 26.08325000000019], [87.96296600000016, 26.083448000000033], [87.96103546100005, 26.08381430700007], [87.95984649600018, 26.084039689000065], [87.95643452600012, 26.083673921000184], [87.95379800000012, 26.08339100000012], [87.95052300000003, 26.08304000000004], [87.94300800000013, 26.084690000000137], [87.93788143000017, 26.084461019000116], [87.93694305500003, 26.079750061000027], [87.93717398300015, 26.07920508500007], [87.93821000000014, 26.07676100000009], [87.93469746100004, 26.070518884000023], [87.9332030000001, 26.06986200000017], [87.93112900000011, 26.06895100000014], [87.92827097600008, 26.06990223300005], [87.92253900000009, 26.071810000000085], [87.92195107900005, 26.076193001000092], [87.92186000000004, 26.076872000000037], [87.91919327300013, 26.07828562100019], [87.91652700000003, 26.079699000000176], [87.91680900000011, 26.082101000000137], [87.91748783400016, 26.087881852000066], [87.91750299900008, 26.088011000000108], [87.91447944800007, 26.08997068499997], [87.91293325200007, 26.09097283700015], [87.90263195500012, 26.08432496100005], [87.90192700000011, 26.08387000000016], [87.89572899900003, 26.07987000000014], [87.89377047300019, 26.080167552000034], [87.89256291900011, 26.080350868000096], [87.89197302400004, 26.079406787000096], [87.88928222700008, 26.075099945000034], [87.8890000560001, 26.07422108100019], [87.8882680000001, 26.0719390000001], [87.88542054900012, 26.07160273100004], [87.88471984800015, 26.07151985200005], [87.87606048500015, 26.06619072000018], [87.87769317600015, 26.057910920000097], [87.87690077800016, 26.05716774300015], [87.8764310000002, 26.056726999999967], [87.87521437100014, 26.05558585100016], [87.8752060000001, 26.055577999000036], [87.86823899600006, 26.055882789000066], [87.86325080100005, 26.05610084100016], [87.86321169500019, 26.0560699670001], [87.85906500000004, 26.05279600000017], [87.84915200000017, 26.04497000000015], [87.848943399, 26.04495550100006], [87.84480700000017, 26.044668000000172], [87.84215943900006, 26.04448395000003], [87.84211724000005, 26.044481017000066], [87.84170438700005, 26.042899640000087], [87.84126300000003, 26.041208000000097], [87.84163572200015, 26.03267372300013], [87.84165158400003, 26.032299560000183], [87.84099933500016, 26.030041592000032], [87.8389282220001, 26.022871018000046], [87.83977397300004, 26.021322382000164], [87.84029373600015, 26.02037078500001], [87.8406219520001, 26.019769877000044], [87.83718200000004, 26.01095200000009], [87.8334372270001, 26.001352491000148], [87.83333599999997, 26.001093000000083], [87.83331920900014, 26.001034850000053], [87.8324960000001, 25.998184000000094], [87.83076491200006, 25.992188404000103], [87.83075700000012, 25.99216100000018], [87.82822700000003, 25.99228800000003], [87.8272013240001, 25.99233765200006], [87.82670400000018, 25.990610000000117], [87.82639534900011, 25.9895385800001], [87.8260421760001, 25.988311768000187], [87.82618713300013, 25.983682632000125], [87.82642845300018, 25.982911305000187], [87.82988000000006, 25.971880000000056], [87.8312610000001, 25.964100000000087], [87.83114600000016, 25.96334200000007], [87.83097800000013, 25.962230999999974], [87.82644343200008, 25.959384731000114], [87.82538604200016, 25.958721026000035], [87.8270490000001, 25.953581000000156], [87.82657600000005, 25.950043000000164], [87.82656265300011, 25.95002504600012], [87.8247249370001, 25.947552729999984], [87.8239060040001, 25.94645100600013], [87.82480616800018, 25.94366087800006], [87.82830794000017, 25.941110834000085], [87.82711029100011, 25.937780381000096], [87.82890669200015, 25.936298349000083], [87.82926624400005, 25.93600178200012], [87.82993300000015, 25.93545200000011], [87.82992261900011, 25.935440017000076], [87.82842324600011, 25.93370900900004], [87.82681300000013, 25.931850000000168], [87.82485400000019, 25.931554000000176], [87.8244589860002, 25.931494381000107], [87.82350900000012, 25.931351000000063], [87.8178710300001, 25.933019991000037], [87.80696105900006, 25.929918290000046], [87.80573272700002, 25.928430558000002], [87.8035812380001, 25.920721054000012], [87.80745697000015, 25.918270111000027], [87.80747985800008, 25.915830612000036], [87.80355835000017, 25.913948059000177], [87.80375671400003, 25.912149430000113], [87.80780029300007, 25.90899085900014], [87.81066131500017, 25.91399955900016], [87.81186675900005, 25.913179398000068], [87.81646728500004, 25.912708283000086], [87.81726074200003, 25.90918922400016], [87.816802978, 25.90487098600005], [87.81365966800018, 25.899951935000104], [87.8145904540001, 25.898841858000026], [87.81891632200006, 25.897159577000025], [87.82026672299997, 25.893760681000174], [87.81796264700012, 25.888450622000164], [87.81552124000018, 25.88796043400015], [87.81550598200016, 25.885540008000078], [87.81706237800017, 25.88334083500007], [87.81828308200011, 25.881481170000143], [87.819862366, 25.880979539000123], [87.8228378300002, 25.87146759100017], [87.83454132100013, 25.86874008300009], [87.84314727700007, 25.868711472000143], [87.85043334900001, 25.867071152000108], [87.85589599700012, 25.864730835000046], [87.8652801520002, 25.867551805000005], [87.86766052300004, 25.86445045500011], [87.87068939300019, 25.866001130000086], [87.87223815800019, 25.859659195000177], [87.87874603300014, 25.858459474000085], [87.88121795600011, 25.858409882000103], [87.88481903000019, 25.864652634000038], [87.89945221000016, 25.85983085600003], [87.90138244600018, 25.85624122700017], [87.90483093300014, 25.85308837900004], [87.9109115600001, 25.851749420000033], [87.89734649700011, 25.839599610000164], [87.89742279100005, 25.834520339999983], [87.89530944900014, 25.833179474000076], [87.8926162730001, 25.835081101000128], [87.88935852000009, 25.832801819000167], [87.88764953499998, 25.83287048400007], [87.8833999630001, 25.828609467000035], [87.88433838000003, 25.82731056200015], [87.89096832300015, 25.826509476000126], [87.89379882800012, 25.829160691000027], [87.89643859900013, 25.829090118000124], [87.89795684800009, 25.827650070000175], [87.89385223300019, 25.82506179900014], [87.89874267500016, 25.820140838000043], [87.90445709300013, 25.818920136000088], [87.91050720100014, 25.814809799000102], [87.90947723300019, 25.810691833000078], [87.90760040300017, 25.80939292900007], [87.90313720600005, 25.814130784000156], [87.90200805600011, 25.813140870000154], [87.90203857400013, 25.81101036000007], [87.90119171200007, 25.81069946299999], [87.89927673300014, 25.81159019500018], [87.89672851600005, 25.811059953000154], [87.89501953100017, 25.804689407000126], [87.89907074000007, 25.80550193700003], [87.90188598700018, 25.80398941100009], [87.90305328400007, 25.80187034700009], [87.90159606899999, 25.800500870000008], [87.89919281100015, 25.800249101000077], [87.89800262500006, 25.799270630000024], [87.90094757100019, 25.78030967700016], [87.89774322600016, 25.77181053100003], [87.8984680170002, 25.7697601320001], [87.90125274700006, 25.769239426000183], [87.90497589200015, 25.771961213000054], [87.91866302600005, 25.7740402230001], [87.92862701500013, 25.767850876000068], [87.92919921900005, 25.77209091200001], [87.93239593500005, 25.771320343000127], [87.93734741200018, 25.767940522000174], [87.93752288700006, 25.75830078100006], [87.94164276000015, 25.75595092800006], [87.94201660300007, 25.75323104800009], [87.9386291510001, 25.748540878000142], [87.94386291400019, 25.748140334000084], [87.94415283300009, 25.743812561000027], [87.95102691700004, 25.738620758000025], [87.95665740900017, 25.735441209000157], [87.96047973600014, 25.732120514000087], [87.9619979860002, 25.72969818200005], [87.96099853500016, 25.72468185500003], [87.97165679900007, 25.72006988600009], [87.97966766400003, 25.718460083000025], [87.9818420410001, 25.72170066800004], [87.98779296800018, 25.723670960000163], [87.98770904600013, 25.72002029400005], [87.99256134100011, 25.71912956200009], [87.99717712500006, 25.711910249000084], [88.00196838400012, 25.70910072300012], [88.00676727200016, 25.70651054400014], [88.01667022600009, 25.704711913999972], [88.01751709000018, 25.70249939000007], [88.01431274300018, 25.697481155000105], [88.01434326200012, 25.694351196000184], [88.01615905699998, 25.69171905500008], [88.02239227400014, 25.691522599000166], [88.02677917500012, 25.698921203000054], [88.03016662600004, 25.698810578000007], [88.03219605600009, 25.696470255999998], [88.03340181800019, 25.69531937900007], [88.03473927300007, 25.694043142999988], [88.03475200000014, 25.694031000000166], [88.03681103800017, 25.695688235000034], [88.03985595700016, 25.698139191000166], [88.04235584800011, 25.695657158000074], [88.04246451400007, 25.695549269000082], [88.0433270370001, 25.694692907000103], [88.04405196700003, 25.692866177000155], [88.04518900100015, 25.690001000000166], [88.0457583480001, 25.690095312000153], [88.0486300010001, 25.690571001000137], [88.04999443000008, 25.687597799000173], [88.05081939600018, 25.68580055300015], [88.04948706300013, 25.68244010799998], [88.04944525600013, 25.682334661000084], [88.04910278300014, 25.681470870000112], [88.04771973800018, 25.680063982000036], [88.04602874900019, 25.678343839000092], [88.04467779800001, 25.676969596000163], [88.04367407000012, 25.67496279200003], [88.04313700100016, 25.673889001000077], [88.04324335500007, 25.673223084000142], [88.04431200000016, 25.666532000000018], [88.0443470030001, 25.666312832000187], [88.045387269, 25.659801483000138], [88.04628847200007, 25.659334156000114], [88.04698168200008, 25.658974686000192], [88.04888153000002, 25.65798950200002], [88.04878751500019, 25.655886696000152], [88.04877058800008, 25.65550809000007], [88.04876709000018, 25.65542984000018], [88.04699048700019, 25.654373213000042], [88.0439991930001, 25.652593797000065], [88.04397600000004, 25.652580000000114], [88.0439860250001, 25.652547889000004], [88.04450312400013, 25.650891768000065], [88.04537200900018, 25.64810943700013], [88.0485378510001, 25.643909197000085], [88.04762362000008, 25.643244950000053], [88.04741335700015, 25.643092180000053], [88.04731750500002, 25.64302253800014], [88.04614280300018, 25.644410818999972], [88.04448699900013, 25.642879000000164], [88.04438787800001, 25.63965993800008], [88.04305731300013, 25.639050946000168], [88.04294593100019, 25.638999971000146], [88.04276126100018, 25.639193089000116], [88.04223790200012, 25.63974038900011], [88.04016100000007, 25.641912000000104], [88.03734342000018, 25.641307074000167], [88.03582000800009, 25.64097976800008], [88.03572221500008, 25.639460484000097], [88.03555301799997, 25.63683127799999], [88.03733655400015, 25.636590242000125], [88.03921962900006, 25.636335754000015], [88.04081708800015, 25.636119866000115], [88.04159275000006, 25.63494049900015], [88.04348000000005, 25.63207100000011], [88.05152922000008, 25.63265806200002], [88.05429840200009, 25.63286018500014], [88.04749298000007, 25.627620697000054], [88.04628830000007, 25.627817568000125], [88.04477826900006, 25.628064340000094], [88.04377000100015, 25.6282289990001], [88.04113484700008, 25.627665061000187], [88.03942900100014, 25.627300000000105], [88.03694200000018, 25.622009000000162], [88.03502700100006, 25.617050000000006], [88.03724699999998, 25.615578000000085], [88.03912006000007, 25.612564381000084], [88.04042500900016, 25.61045474500014], [88.03930700100017, 25.608490000000188], [88.04048676700012, 25.606801637000046], [88.04119206500019, 25.605792440000073], [88.04139689300007, 25.605499153000096], [88.03605673100003, 25.60240185700013], [88.02970137800008, 25.600038583000185], [88.03131100000019, 25.598263000000088], [88.03426028100006, 25.597392008000156], [88.03565216000004, 25.596981049000135], [88.03598379500005, 25.597011157000168], [88.03717271300019, 25.597119093000003], [88.03983277800006, 25.597360587000082], [88.03858901000018, 25.595041019000007], [88.03814503900014, 25.594798238000124], [88.03466958500019, 25.59289771200008], [88.0312194830002, 25.59101104900003], [88.03138732800011, 25.587499619000084], [88.03003664900018, 25.58705817200007], [88.02834557400013, 25.58650547200017], [88.02649688700006, 25.58590126000007], [88.02438956000003, 25.586294364000082], [88.02295946200019, 25.58656113600017], [88.02102709200017, 25.58692160200013], [88.02171115100003, 25.58392967700013], [88.02194213800004, 25.58292007500006], [88.02431126900007, 25.58040441100013], [88.03002200100002, 25.57434100100005], [88.02526900000015, 25.569092000000182], [88.02675978400003, 25.567669258000024], [88.02818300100012, 25.5663110000001], [88.03392800000017, 25.565901001000043], [88.03458131900015, 25.565595371000143], [88.03824599700016, 25.563880996000137], [88.03710147900011, 25.562434325000083], [88.03699610800004, 25.56230114500005], [88.0354767500001, 25.5603810180001], [88.03343977700001, 25.561450885000056], [88.0325670000002, 25.561001000000033], [88.0319151700001, 25.560665142000175], [88.02961731000005, 25.559480667000116], [88.03001731500018, 25.55852499399998], [88.03028039000003, 25.557896471000106], [88.03042588700004, 25.557548857000143], [88.02751241000016, 25.55386046300015], [88.02704624000012, 25.553270303000147], [88.02982330300011, 25.550390243000095], [88.03259685300009, 25.548941089000095], [88.03441020800011, 25.54799362900019], [88.03787994100009, 25.546180729000127], [88.03571319600013, 25.53672981300008], [88.03597996000013, 25.53645040300006], [88.03908399800014, 25.533199427000056], [88.03909300000015, 25.533190000000047], [88.0424730000002, 25.532061000000056], [88.0440410000001, 25.53305600000016], [88.04534272900008, 25.533881076000057], [88.04605102500005, 25.5343303680001], [88.04884338400007, 25.53333091800016], [88.05074310300017, 25.530519487000163], [88.05597686800019, 25.529930114000138], [88.05812068100005, 25.528709182000057], [88.05785267300007, 25.527423234000025], [88.05769358500004, 25.52665990000014], [88.05748748800016, 25.525671005000106], [88.06687927100018, 25.516420364000055], [88.06886290800003, 25.51304816400011], [88.06491088899998, 25.50851249800013], [88.06455597200005, 25.507728617000055], [88.06433032600017, 25.507230246999995], [88.06385040200007, 25.506170273000066], [88.0664291380001, 25.505039215000068], [88.06751780800016, 25.50500352800009], [88.069651625, 25.50493358200015], [88.07125854400005, 25.504880905000164], [88.07285267500004, 25.50390078400011], [88.06981692500005, 25.501882776000116], [88.06812300000013, 25.496799000000124], [88.06813078100015, 25.494996166000192], [88.068139008, 25.493122570000082], [88.06815338100006, 25.489849091000053], [88.06949412300014, 25.48429928000013], [88.06986926400003, 25.48274643600007], [88.0704116820001, 25.48050117500003], [88.06593322700002, 25.481151581000177], [88.06167602500005, 25.485589981000032], [88.05580139200009, 25.483880996000153], [88.05296325700016, 25.486629485000094], [88.04947662300015, 25.486150742000177], [88.0493392940001, 25.482719422000116], [88.04633331300016, 25.482610702000045], [88.04213714700006, 25.485389710000106], [88.03660583500016, 25.486541748000036], [88.03862762500012, 25.491558076000103], [88.0345077520002, 25.49273109400019], [88.03122711100008, 25.485990525000147], [88.02754974300012, 25.486141205000024], [88.02868652400014, 25.488969802000042], [88.02028655999999, 25.495380402000023], [88.01573181200007, 25.500499724999997], [88.00994873100007, 25.50097083999998], [88.00792694100011, 25.502830506000066], [88.01167297400019, 25.507560731000183], [88.00747680700016, 25.510391236000146], [88.00377654900007, 25.504819870000176], [88.00300598100011, 25.499691010000163], [88.00424194400011, 25.494039535000184], [87.99835205000005, 25.49539947600016], [87.99276733400018, 25.497850418000098], [87.98663330100004, 25.502630235000083], [87.98496246299999, 25.508110047000173], [87.98055267300003, 25.51585006700003], [87.98780822800018, 25.520719528000143], [87.98819732700014, 25.522600173000058], [87.98764801099998, 25.523941041000114], [87.98603820800014, 25.52482986500013], [87.97225952200012, 25.52322960000015], [87.96914672900004, 25.52606964100005], [87.96408844000013, 25.533081054000093], [87.9556121820001, 25.538049697000076], [87.9523925790001, 25.53646087700008], [87.94287872299998, 25.534677506000037], [87.9380493170001, 25.53528976500013], [87.93354797300015, 25.53496170000011], [87.9260482790001, 25.53621292100013], [87.92411041300016, 25.535648347000176], [87.91963195900018, 25.530839919000186], [87.91609954800003, 25.531909942000027], [87.9144058240002, 25.53093910200016], [87.91456603900008, 25.525230409000073], [87.91374969600008, 25.523769378000054], [87.90815734900002, 25.52412033200011], [87.90303039600013, 25.51905059900014], [87.90631866500013, 25.513668060000043], [87.90271759100011, 25.51122093200007], [87.9048080440001, 25.507339478000063], [87.90051269500009, 25.507230758000162], [87.89898681600005, 25.5043010710001], [87.89585113500004, 25.504720688000134], [87.89501953100017, 25.509941102000028], [87.88815307599998, 25.51276970000015], [87.88532257100019, 25.5170898450001], [87.87921905500019, 25.515970230000107], [87.88047790400003, 25.51332092299998], [87.88136291500012, 25.505569458000025], [87.86988067700008, 25.50300026000008], [87.86872863800005, 25.497182847000033], [87.86348724300007, 25.493429184000036], [87.8608627320001, 25.486051560000135], [87.86052703900015, 25.477830888000142], [87.8639068600001, 25.47031974800001], [87.86428833000019, 25.46788978700016], [87.86347198500005, 25.46538925200008], [87.85067749000007, 25.468349456000055], [87.84955596999998, 25.464990615999966], [87.83381652800011, 25.46457290700016], [87.83380890000007, 25.45881080700019], [87.82769012500012, 25.458831787000122], [87.82559967000009, 25.45754051200015], [87.82734680200002, 25.45158958500008], [87.82496643000007, 25.44939041200007], [87.82578277600015, 25.445261001999995], [87.82171630800013, 25.443021774000044], [87.82092285100009, 25.439771652000047], [87.81922912600004, 25.437538147000055], [87.80864715600006, 25.43419075000014], [87.8068008420002, 25.43477821300013], [87.79830932599998, 25.441869735000182], [87.79331970200013, 25.442199708000032], [87.79260253900009, 25.44561958300011], [87.7865219110002, 25.44869995000016], [87.78132629300018, 25.444650650000142], [87.77964019900014, 25.436599731000058], [87.77651214500014, 25.428970338], [87.770111085, 25.42876815900007], [87.76586151100014, 25.424291611000058], [87.77120208800017, 25.418529511000088], [87.77242279100017, 25.41491127000012], [87.77127075200013, 25.41155815200011], [87.76998138400006, 25.409830094000142], [87.76798248300014, 25.408769607000067], [87.76413726800018, 25.408979416000136], [87.76213836599999, 25.412061691000133], [87.75975036700004, 25.410089493000044], [87.7591018670002, 25.405040741999983], [87.76381683300008, 25.404899598000043], [87.76644897600016, 25.403530121000188], [87.76306915300017, 25.395610810000107], [87.76255798300019, 25.388999940000076], [87.76268768200015, 25.386230468000065], [87.76570129300018, 25.377990722000106], [87.77379608199999, 25.371950149000043], [87.77671814000018, 25.37084961000005], [87.78882598900003, 25.37224960300017], [87.78736114600008, 25.35486030600009], [87.78486633400007, 25.344600677000074], [87.7815933230001, 25.338399887000037], [87.78398132300015, 25.332429887000046], [87.79144287200012, 25.322330476000104], [87.79728698800017, 25.322080612000036], [87.80162811200017, 25.323400499000115], [87.81107330400005, 25.319160462000184], [87.82035064700017, 25.312820435000106], [87.82892608600014, 25.303421020000144], [87.83114624000018, 25.30216026300019], [87.84037017700018, 25.298379899000054], [87.85041046200018, 25.297437667000054], [87.85137939500015, 25.292499543000076], [87.85330200300007, 25.289369584000156], [87.85501098600014, 25.289529801000185], [87.85616302500017, 25.28297042900016], [87.85652160700016, 25.27777290300014], [87.85428619400005, 25.267910004000044], [87.85137939500015, 25.26906967300016], [87.84996795700005, 25.2672805790001], [87.84974670400015, 25.261480332000076], [87.85103607200006, 25.25796127300015], [87.84925079300007, 25.25342750499999], [87.8472900390002, 25.25225067200006], [87.84555053700012, 25.252258300000165], [87.84158325200008, 25.253580094000142], [87.83553314300013, 25.249811173000126], [87.8322830210002, 25.24464988599999], [87.83024597300005, 25.239660261999973], [87.82493591400004, 25.236551284000143], [87.82277679500004, 25.234340668000016], [87.83380126900005, 25.21336937000018], [87.83683776900011, 25.203109742000038], [87.83664703300013, 25.19926071200007], [87.83230590900013, 25.200780868000095], [87.8296585080002, 25.204050064000057], [87.82119750900011, 25.20808982800014], [87.81004333600009, 25.211732864000112], [87.80134582600004, 25.21824073800019], [87.7875823980001, 25.220489502000078], [87.78753662100013, 25.22862053000017], [87.7854461660001, 25.236312866000162], [87.78520202700003, 25.24045944200003], [87.78367614799998, 25.242990493000093], [87.78330993600008, 25.246177673000034], [87.76911926300005, 25.246658325], [87.76283264100016, 25.249288559000036], [87.73087310900013, 25.253150940000126], [87.72106170600017, 25.253440858000147], [87.7077865600001, 25.256408692000036], [87.70687103200004, 25.259780885000055], [87.70796966500006, 25.27136039800007], [87.70591735900007, 25.274570466000114], [87.7009658820001, 25.27777290300014], [87.69641113400019, 25.2788696290001], [87.69130706700003, 25.281391145000043], [87.68907165500019, 25.284940719000076], [87.69030761800002, 25.291219711000053], [87.6947860730001, 25.295410156999992], [87.69140624900007, 25.29860115100007], [87.6934967050002, 25.30305290300015], [87.6882400510001, 25.304769516000192], [87.68064880300011, 25.30427932800012], [87.68087005600006, 25.307670594000058], [87.68409728900019, 25.308050157000082], [87.68415069700018, 25.310131072000047], [87.65878295800007, 25.30973053100007], [87.6517868050002, 25.30724906900008], [87.63403320300017, 25.31235122600009], [87.6317901610002, 25.31186103800019], [87.62597656300005, 25.318611145000148], [87.62622070200007, 25.315719604000094], [87.62267303400017, 25.31080055300015], [87.61361694400011, 25.31553840600003], [87.60688018800016, 25.311380386000053], [87.59989166300005, 25.31466293400007], [87.58925628700007, 25.321889878000093], [87.58928680399998, 25.323789597000143], [87.58116149800009, 25.32803916900002], [87.58046722300008, 25.332321167000146], [87.58766174300013, 25.340547562000154], [87.58007049500014, 25.34839058], [87.57891845800009, 25.34678268400006], [87.5794830320001, 25.343931198000178], [87.57144165000017, 25.3405094150001], [87.5671081550002, 25.333890915000154], [87.54744720400015, 25.330940247000115], [87.54680633600003, 25.3236503600001], [87.54412078800004, 25.32290077300013], [87.54112243700001, 25.304250717000173], [87.53849792400007, 25.296230316000106], [87.53974914500009, 25.281618118000097], [87.535629272, 25.28010940500019], [87.52942657400018, 25.279619217000175], [87.52552032400007, 25.280981064000116], [87.5128707880001, 25.29214286900003], [87.49887085000006, 25.292289734000178], [87.49006652700018, 25.305200576000118], [87.48638153000019, 25.296070097999973], [87.48150634800004, 25.29517173800008], [87.48757934600019, 25.277610778000167], [87.49447631900017, 25.27543067900018], [87.49195861800013, 25.271430969000164], [87.49559021100015, 25.265300751000098], [87.49571991000016, 25.262479782000185], [87.4948425290001, 25.259691238000187], [87.48755645700015, 25.261999131000096], [87.4726409910001, 25.24088287400008], [87.47305297800017, 25.2314300540001], [87.47181701700009, 25.222379685000078], [87.47216033800004, 25.194669724000164], [87.46763610900007, 25.193141937000178], [87.46685791000004, 25.195650100000137], [87.46192932100018, 25.19515037600013], [87.45783233700013, 25.197799683000085], [87.45511627200005, 25.197500229000184], [87.41660308800004, 25.21491050700007], [87.4094924920002, 25.21513938800007], [87.4076461800002, 25.219009400000175], [87.40215301500018, 25.22141075200011], [87.39662170400004, 25.225719452000078], [87.39177703900003, 25.22751808100014], [87.38648223800004, 25.225709916000028], [87.3833007820001, 25.223470689000123], [87.37713623000019, 25.222618104000162], [87.37394714300001, 25.21853065500011], [87.36988830600018, 25.20504951500004], [87.36846160900018, 25.20689964200011], [87.3580169670002, 25.21121978700006], [87.35507965200009, 25.21340942500001], [87.34777832000009, 25.213172913000164], [87.33045196500012, 25.217069626000125], [87.33053588900015, 25.222190856000168], [87.3234558100001, 25.223091126000043], [87.31833648700007, 25.20124054000013], [87.31597900400016, 25.196950913000023], [87.31574249300002, 25.19298935000006], [87.31711578300013, 25.188680649000162], [87.31601715100004, 25.186300277000043], [87.31064605700004, 25.169820785000013], [87.3130111700001, 25.169260026000075], [87.31437683200011, 25.167369842000028], [87.31503295800002, 25.165040971000167], [87.3143692020002, 25.162759781000034], [87.31041717600004, 25.160329820000186], [87.30963897700002, 25.153551102000108], [87.30797576900011, 25.150291442000025], [87.3022918710002, 25.145320891999972], [87.30171966600017, 25.14389991799999], [87.30343627900004, 25.143209458000058], [87.30239105300006, 25.14059066800013], [87.30342864900013, 25.13814163300009], [87.299880981, 25.13459014900002], [87.29791259800015, 25.134660722000092], [87.29326629600013, 25.11435127300001], [87.29487609800009, 25.11381912300004], [87.29486847000015, 25.11191940400016], [87.29280853400007, 25.10469055300007], [87.29535675100016, 25.09970092900005], [87.29110717700007, 25.08926963800019], [87.28560638400012, 25.09091949499998], [87.27488708400011, 25.092189789000145], [87.27024841400004, 25.09363937500018], [87.26444244400017, 25.097778321000135], [87.26307678300003, 25.100820541000132], [87.25875091500006, 25.104610444000116], [87.25055694600019, 25.10585021999998], [87.24923706000004, 25.105379104999997], [87.24533081100009, 25.099081039999987], [87.24106597900015, 25.100799560000098], [87.23986053500005, 25.099460602000136], [87.23387909000013, 25.08582115100006], [87.2270889290001, 25.087570190000065], [87.21795654400006, 25.08854293899998], [87.21563720799998, 25.090190887999995], [87.21135711700015, 25.089599610000107], [87.21071624700005, 25.085250854000037], [87.20832061700008, 25.08332061900012], [87.19986724900019, 25.07944107200018], [87.19747161900005, 25.073650361000034], [87.18776702900016, 25.066999436000174], [87.18431854300013, 25.067010880000055], [87.17664337100013, 25.06402015700013], [87.17384338400018, 25.058002472000055], [87.17325591900016, 25.056470871000045], [87.16847992000015, 25.048950196000135], [87.16503906200018, 25.045869827000104], [87.16497039799998, 25.04281997600009], [87.15834045500009, 25.031000137000035], [87.15232086100008, 25.026519775000054], [87.14904785200008, 25.02623939600005], [87.14676666300011, 25.024311066000053], [87.1442031850001, 25.017971039000088], [87.14388275100004, 25.010789872000032], [87.14449310400016, 25.006429673000127], [87.14597320600006, 25.00355911400004], [87.14647674700007, 24.9998703010001], [87.15368652200004, 24.990970611000023], [87.15299224900002, 24.98312950100012], [87.15203094500009, 24.974439622000148], [87.1519165040001, 24.968612671000187], [87.15258026100008, 24.962999343000092], [87.15075683499998, 24.95574951100008], [87.14877319400011, 24.94938087500003], [87.14859008800005, 24.942119598999966], [87.15213012700013, 24.93653106800008], [87.15531158400017, 24.93168068], [87.15461731100004, 24.926517486000023], [87.15268707300004, 24.923950196000078], [87.14971160900001, 24.92122268800017], [87.14762878400012, 24.917800903000114], [87.1465072630001, 24.91286277900008], [87.14774322600016, 24.908170701000188], [87.14877319400011, 24.9050903320001], [87.15023040800008, 24.903169632000186], [87.15432739200014, 24.900110246000168], [87.15695953300019, 24.896089555000117], [87.15822601299999, 24.889551164000125], [87.15811920200014, 24.885631562000185], [87.15653991600004, 24.880701064000107], [87.15453338700019, 24.876470566000023], [87.14964294500004, 24.872400285000083], [87.14792633000019, 24.867868423000118], [87.14733886699997, 24.86240768500005], [87.15168762100012, 24.86308097900013], [87.1509780880001, 24.858430863000137], [87.14451599000012, 24.85922050500011], [87.13881683300008, 24.859260559000063], [87.13273620600012, 24.8595790870001], [87.12980651800001, 24.85749053900014], [87.12731933600014, 24.854482651000126], [87.12333679200009, 24.852991103000193], [87.11915588400007, 24.853969574000075], [87.11447143500015, 24.8555297850001], [87.10949707100013, 24.85078811700015], [87.10604858500011, 24.84733009300004], [87.10462188800011, 24.844459534000123], [87.10240936200017, 24.83925819500007], [87.09969329700004, 24.834760666000022], [87.09754943900015, 24.829851151000128], [87.09497070300012, 24.826200485000072], [87.09121704000012, 24.823560714000052], [87.08775329500014, 24.823041917000182], [87.08423614500009, 24.823221206000028], [87.08036041300005, 24.824361802000055], [87.0785675050002, 24.822250366000162], [87.07730102500005, 24.818141938000053], [87.07760620200014, 24.814220429000045], [87.07713318000009, 24.811820984000178], [87.07730102500005, 24.808349609000118], [87.08078002900015, 24.80951118600001], [87.0813827520002, 24.80738067600015], [87.08345031800019, 24.806589126000006], [87.08632659800014, 24.805910110000127], [87.08886718700012, 24.804090499000154], [87.09072876000005, 24.80266952500017], [87.09395599300018, 24.80441093400009], [87.09660339300018, 24.804027557000097], [87.09667205800008, 24.801492690000032], [87.09568023700018, 24.797599793000074], [87.09288024800009, 24.79229164100019], [87.09123230000012, 24.78811073300011], [87.08804321400004, 24.785238266000192], [87.0856018070001, 24.78247070399999], [87.08284759500015, 24.779228212000135], [87.0825424190001, 24.772970201000078], [87.0825424190001, 24.767982482000093], [87.08339691100014, 24.76452064500012], [87.0848693850001, 24.761499406000155], [87.08631134000012, 24.75831985500008], [87.08508300800008, 24.75580978400012], [87.0830917360002, 24.753660201000173], [87.08097076500013, 24.751689911000028], [87.08120727600004, 24.750759125000116], [87.0816116330002, 24.748340607000046], [87.07982635600018, 24.74658966000004], [87.07646179100004, 24.74549102800006], [87.07454681400014, 24.74472046000011], [87.0735931390002, 24.74307060199999], [87.07398986800007, 24.740549087000034], [87.07636260900006, 24.73992920000012], [87.0757675160001, 24.738149644000146], [87.07560730100005, 24.736419678000004], [87.07704925600007, 24.735660553000173], [87.07847595300012, 24.736150741000074], [87.08040618800004, 24.73698043900015], [87.0813217160001, 24.73594284100011], [87.08119201700009, 24.732650757000044], [87.0813827520002, 24.729259490000175], [87.08235168500016, 24.726999282000065], [87.08185577400008, 24.72454071100009], [87.08029174800015, 24.721969604000094], [87.07772064200003, 24.718799590000174], [87.07660675000005, 24.71459961100004], [87.07367706300005, 24.71252059900013], [87.0726470950001, 24.7109107980001], [87.07125091500006, 24.70734977800015], [87.07138061500012, 24.703130723000186], [87.07087707400012, 24.698850633000063], [87.07063293500005, 24.694499969000162], [87.06932830900013, 24.691249846999995], [87.06701660100015, 24.688472749000084], [87.06381225600018, 24.68503952100008], [87.06131744400017, 24.681520463000027], [87.06017303500005, 24.677219392000097], [87.05892181399997, 24.672250749000114], [87.05473327599998, 24.670600892000095], [87.05532074000013, 24.665090561000056], [87.05475616400014, 24.660690307000152], [87.05237579300007, 24.655511857000135], [87.05101013100006, 24.6492710120001], [87.05039978000008, 24.64344024600007], [87.04881286600005, 24.637010575000033], [87.0458068850001, 24.630897521000122], [87.04440307600004, 24.62403106700009], [87.04592132500017, 24.62017059300007], [87.0467071540001, 24.61740112400014], [87.0467300410001, 24.614210129000185], [87.04834747300004, 24.61014938400018], [87.05046844499998, 24.606769563000057], [87.04463195700009, 24.605398179000076], [87.04300689600018, 24.608930587000145], [87.04086303800005, 24.61104965300018], [87.03872680800009, 24.612541199000134], [87.03671264600007, 24.613250732000097], [87.03592681900011, 24.611770630000024], [87.03497314400016, 24.61010932900018], [87.03260040300006, 24.609897614000147], [87.03011321900016, 24.609519959000068], [87.0275192250001, 24.60931968700004], [87.02643585200008, 24.61123275700004], [87.0264663710002, 24.616050720000146], [87.02635192800005, 24.620082855000078], [87.02435302700013, 24.621099472000083], [87.02144622800006, 24.61962127800018], [87.0167007450001, 24.617799760000082], [87.01558685300012, 24.613300324000136], [87.01291656600006, 24.609092712000177], [87.01020050100016, 24.60626029900004], [86.99260711699998, 24.619180680000113], [86.990142821, 24.620710374000055], [86.99008941600016, 24.62002944900013], [86.98815155, 24.62019920500012], [86.98549652100019, 24.621629715000154], [86.98011779900008, 24.624670029000185], [86.97119140600006, 24.63030052300013], [86.96556091400015, 24.63186836200009], [86.9584274300002, 24.62943077], [86.95347595300001, 24.627651214000025], [86.945503234, 24.626560211000083], [86.94474792400007, 24.631170274000056], [86.94754791300016, 24.635868072000108], [86.94861602800017, 24.64276123000002], [86.93884277300003, 24.64307022100013], [86.93009185700004, 24.642820358000165], [86.93344116200012, 24.63572120700013], [86.9360580440001, 24.630371093999997], [86.93414306700004, 24.626520156000083], [86.92926788400018, 24.626440047000074], [86.92386627300004, 24.62433052100016], [86.91893768200003, 24.619409561000168], [86.91896820100015, 24.61347961500013], [86.91786193900009, 24.610790254000108], [86.91001892100007, 24.601142884000183], [86.90895080600006, 24.59698867700007], [86.90467834400005, 24.595140458000003], [86.9012374880001, 24.59156990100007], [86.89807891900017, 24.586540223000156], [86.8979568490002, 24.58053016600013], [86.900657653, 24.57615089300009], [86.90322113100001, 24.571529389000148], [86.90122222900004, 24.566799165000134], [86.90635681200001, 24.563369752000142], [86.90644073400006, 24.559890746000065], [86.90650176900004, 24.555299759000036], [86.90629577700003, 24.549261093000098], [86.90715789800004, 24.543380737999996], [86.91117858900009, 24.53867912200019], [86.90583038300008, 24.54097175700008], [86.90117645200007, 24.54449272200003], [86.89842224100016, 24.54975128100017], [86.89308929400005, 24.55483818000016], [86.88672638000008, 24.554029464000052], [86.88414001400014, 24.55447960000015], [86.88398742700008, 24.560358048000182], [86.8790969850001, 24.56305122400005], [86.8763961790001, 24.56731987000012], [86.87320709200009, 24.564979552000125], [86.86949157700008, 24.561380385999996], [86.86161041300005, 24.56027030900009], [86.85745239300013, 24.55661010800003], [86.85463714600013, 24.5504608170001], [86.84710693400007, 24.55297088700013], [86.83880615200019, 24.554069519000052], [86.83869171200013, 24.558620454000106], [86.83857727100013, 24.562780381000152], [86.83705139200009, 24.56828117400005], [86.83152771100004, 24.568050384000173], [86.8255920410001, 24.565999985000076], [86.82147216800018, 24.568319321000104], [86.81825256400009, 24.569339752000076], [86.81358337500018, 24.56820106600003], [86.80871582000003, 24.563770295000154], [86.80499267500011, 24.56412124700006], [86.80029296999999, 24.564601899000024], [86.80018615700016, 24.56592941399998], [86.80033874500015, 24.568700791000083], [86.80120086700009, 24.571968080000147], [86.80322265700005, 24.574359894000168], [86.80761718800011, 24.576850891000106], [86.80625915500008, 24.581140519000087], [86.80488586500013, 24.585380553000107], [86.80446624800015, 24.590650558000164], [86.80577850400005, 24.594501496000078], [86.80178070000017, 24.597459794000088], [86.80018615700016, 24.598579407000102], [86.79866790900013, 24.601142884000183], [86.79808807400019, 24.603469848000145], [86.79749298100006, 24.605739595000102], [86.79660797200012, 24.608520508000083], [86.79435729900013, 24.612091065000186], [86.7918472290001, 24.615310668000006], [86.78560638400006, 24.61720085200011], [86.78585052600016, 24.613092421999966], [86.7873611440001, 24.610929490000103], [86.79032135000006, 24.60844993700016], [86.79251098500015, 24.605180741000027], [86.79429626400014, 24.600700379000045], [86.79437255800008, 24.59683036700011], [86.78690338200005, 24.599370956000087], [86.78647613500016, 24.604579925000053], [86.7840728750001, 24.610280990000092], [86.78085327100013, 24.614839554000127], [86.777122497, 24.61976051400012], [86.7751922610002, 24.619510650000052], [86.77551269600013, 24.615579606000097], [86.76912689200003, 24.616481781000005], [86.75405120800002, 24.614759445000175], [86.75086212100007, 24.617979051000077], [86.74459838800004, 24.60288047800003], [86.74565124500003, 24.589500427000075], [86.73950958200015, 24.586492538000186], [86.73507690400004, 24.580841065000186], [86.73158264200015, 24.575799942000117], [86.71862030000017, 24.578212738000047], [86.7099075320001, 24.57353973400012], [86.69536590600006, 24.56891059899999], [86.6866378790001, 24.570440293000104], [86.68151855400009, 24.565069199000163], [86.6776733390002, 24.566112518000068], [86.66839599700012, 24.560640336000063], [86.65593719500009, 24.563198089000025], [86.64575958300014, 24.567222595000146], [86.64126586800006, 24.57611846900005], [86.63420105000012, 24.576679230000025], [86.62716674800004, 24.57962036100008], [86.61828613400013, 24.584491729000092], [86.61885833800005, 24.594699860000162], [86.60691833600015, 24.59435081600003], [86.60791778500015, 24.599319459000185], [86.60936737100019, 24.60192108100017], [86.60968017600004, 24.60252952700006], [86.60929870500019, 24.60741043100012], [86.602920531, 24.605068208000034], [86.59998321600006, 24.599491118999993], [86.59485626300017, 24.597070694000024], [86.58976745500007, 24.592689512999982], [86.58389282200011, 24.5853195200001], [86.5831527700002, 24.572780610000052], [86.57823944000006, 24.56787109300018], [86.56804657000015, 24.562799455000118], [86.56170654300018, 24.563110351999967], [86.55831909100004, 24.559289933000173], [86.55464172400019, 24.559270860000083], [86.55792999300019, 24.54847908100004], [86.55133819600002, 24.54342079200012], [86.54669189400016, 24.535039901999994], [86.54057311999998, 24.53662109400011], [86.53614807200017, 24.536439895000115], [86.53044891300016, 24.532930374999978], [86.52352905300012, 24.535749435000184], [86.50572204600013, 24.517700196000078], [86.4975280750001, 24.497978210000042], [86.49812316800006, 24.487270356000124], [86.49532318200005, 24.485279083000137], [86.49028015100009, 24.484371185000157], [86.49080658000008, 24.478750229000127], [86.48877716000004, 24.474269867000146], [86.48974609300018, 24.46760177700014], [86.48448944100005, 24.45882034300007], [86.49112701500019, 24.45405006400017], [86.49098968600009, 24.44695281900016], [86.49194335900006, 24.439300538000168], [86.48819732800018, 24.433860778000053], [86.48858642600004, 24.42500114500018], [86.48207855100009, 24.424980164000146], [86.47339630200014, 24.422761918000106], [86.46582794200009, 24.421880722000026], [86.46367645400011, 24.418500901000016], [86.46568298300014, 24.413789750000035], [86.46366882300009, 24.407751084000097], [86.46711731000005, 24.395160675000113], [86.46568298300014, 24.385000229000184], [86.46179962100013, 24.37672042800017], [86.45504760700015, 24.373968124000157], [86.45220947200005, 24.368629456000065], [86.44632720900017, 24.36844062800003], [86.43415069500003, 24.37685966500004], [86.43070220900017, 24.376131058000055], [86.42514801099998, 24.37811851600003], [86.41558837800011, 24.379209519000142], [86.4010162350001, 24.39627075200002], [86.39869689900007, 24.400289535000127], [86.38123321600011, 24.412349700000107], [86.37326812700019, 24.415851594000117], [86.36789703300002, 24.424249650000093], [86.36271667500006, 24.426790237000034], [86.35350036600016, 24.442060470000058], [86.35072326600005, 24.443710327000076], [86.34781646699997, 24.440498352000134], [86.33273315500008, 24.440191270000128], [86.31949615500014, 24.440160751000178], [86.31555938800011, 24.443910599000105], [86.30375671500008, 24.444839478000176], [86.29957580600012, 24.448989869000116], [86.29882049600013, 24.454261779000035], [86.30090332100008, 24.456800461000114], [86.27913665900013, 24.462001802000145], [86.28183746300016, 24.470478059000072], [86.2855758660001, 24.476802825999982], [86.2938766470001, 24.476430893000042], [86.29773712100013, 24.48252105800009], [86.29824066200013, 24.488998414000093], [86.30162811300016, 24.49353981000013], [86.30349731500013, 24.49827194200003], [86.30973053000008, 24.50636291500001], [86.31241607600009, 24.508470535000185], [86.31056213400018, 24.51382255500016], [86.30751800600018, 24.526359558000138], [86.30330657900015, 24.52773094200012], [86.30133819700018, 24.53197860800003], [86.30816650399998, 24.54083252100014], [86.30983734200004, 24.547340393000184], [86.30404663100012, 24.558290481000085], [86.30982208200004, 24.56310081400011], [86.30809783900008, 24.565719604000037], [86.31098937900009, 24.568180085000165], [86.31936645400015, 24.574459075999982], [86.3185729970001, 24.5789203650001], [86.3226928700002, 24.58056068500008], [86.32286071800007, 24.584091188000116], [86.312232972, 24.585880279000037], [86.31005096500007, 24.581560134000085], [86.30166626000005, 24.583150864000118], [86.29263305600011, 24.586090089000038], [86.28835296600005, 24.584339141999976], [86.28040313800005, 24.584180832000072], [86.27378845300012, 24.582748413000104], [86.2761230480001, 24.579080583000007], [86.2768859860002, 24.574199677000138], [86.27348327599998, 24.575620651000122], [86.26970672700008, 24.577800750999984], [86.26625824000013, 24.58195114200015], [86.26413726800013, 24.57583808900017], [86.26152801600006, 24.576900483000145], [86.25747680700016, 24.583129883000026], [86.24855041600011, 24.58513069200012], [86.24288177500011, 24.59213829000015], [86.238746644, 24.59679985100007], [86.23026275600006, 24.60227012700011], [86.21737671000005, 24.611770630000024], [86.21656036400003, 24.60280036900008], [86.21570587200017, 24.591171265000128], [86.19493865900006, 24.585161209999967], [86.16565704400017, 24.583681106000085], [86.15696716400004, 24.589239121000162], [86.15226745600006, 24.599710465000044], [86.14463043100011, 24.603059769000083], [86.13329315200008, 24.603540421000048], [86.13076019300019, 24.608930587000145], [86.12558746400003, 24.611820222000063], [86.12322998100007, 24.619689941000104], [86.12200927800006, 24.623931885000047], [86.12185668900014, 24.630050659000062], [86.11824798500015, 24.641891479000094], [86.12313079900008, 24.64793014500009], [86.12631988500016, 24.65422058100006], [86.12848663200009, 24.66597938500007], [86.12594604500009, 24.67080116300008], [86.13002777200006, 24.67145919900014], [86.13359832700019, 24.67551040700016], [86.13201141500014, 24.680389405000085], [86.12909698600015, 24.690031052000165], [86.12444305500009, 24.70516014100008], [86.11863708500005, 24.711650848000033], [86.11596679800016, 24.718879699000126], [86.11094665500019, 24.724027635000084], [86.10929870600017, 24.732240676999993], [86.1055374140002, 24.735969544000056], [86.086578368, 24.74632072500009], [86.06318664500003, 24.751670838000166], [86.060417175, 24.747680664000086], [86.05503845300012, 24.746349336000037], [86.04270935000011, 24.74387169000005], [86.03907013000008, 24.741319656000087], [86.03681945900013, 24.743829728000094], [86.03601074100015, 24.74734115500013], [86.04154968300014, 24.747900008999977], [86.04535675100004, 24.75191116400015], [86.04984283400006, 24.755781173000173], [86.05300140499997, 24.761749268000074], [86.052886962, 24.767709732000128], [86.05264282300016, 24.77318954399999], [86.05058288600014, 24.77954101600011], [86.04788208000019, 24.778289795000035], [86.04305267400008, 24.77740097100019]]], [[[88.10302000000001, 26.53923600100012], [88.10367074500016, 26.53928242400019], [88.10543102700012, 26.539407791000144], [88.10545643000017, 26.539200044000097], [88.10547638000008, 26.539039613000057], [88.10504918800007, 26.53584902700004], [88.10621390500006, 26.536014450000152], [88.10366333700006, 26.535025813000118], [88.1020200000001, 26.53438900000009], [88.10130299900015, 26.53530299900018], [88.1010927710002, 26.53557097600003], [88.10065500000013, 26.53612900100012], [88.10302000000001, 26.53923600100012]]], [[[87.2524973990001, 27.842874825000138], [87.25248516200003, 27.842867272000092], [87.25227100000006, 27.842899000000102], [87.25118341400014, 27.843061107999972], [87.25130100000013, 27.843107000000032], [87.25131681900012, 27.84311366100019], [87.2537793800002, 27.844726874000173], [87.26291344700019, 27.850713327000108], [87.2524973990001, 27.842874825000138]]], [[[87.26621973200014, 27.849476011000093], [87.2661542800002, 27.84950057700013], [87.26531088800004, 27.849817225000038], [87.26434100000012, 27.850181000000077], [87.26352338500004, 27.85048825300015], [87.26291344700019, 27.850713327000108], [87.26512426600004, 27.850407814000164], [87.26721167100004, 27.850116765000166], [87.2662862580001, 27.849456750000172], [87.26627500000006, 27.849455000000034], [87.26621973200014, 27.849476011000093]]]]}}]}